timestamp,open,high,low,close,volume
2025-11-11 08:12:57.688510,193.08326116954606,193.25145678291923,192.89887393243887,193.08326116954606,1788871.6031792182
2025-11-11 08:13:57.688510,193.08326116954606,193.18618804531945,192.88528588822152,193.03172692754364,3611880.610904686
2025-11-11 08:14:57.688510,193.03172692754364,193.06153142208817,192.9551780422439,193.03868196256474,2993559.073400987
2025-11-11 08:15:57.688510,193.03868196256474,193.2045380135888,192.80446994450423,192.98480441948706,4601423.6148506515
2025-11-11 08:16:57.688510,192.98480441948706,193.15928511853846,192.79699136290523,192.96935254898764,5495717.450039178
2025-11-11 08:17:57.688510,192.96935254898764,193.2707526401883,192.78914340410063,193.10560948693575,6518163.388751084
2025-11-11 08:18:57.688510,193.10560948693575,193.2266472971597,193.00750278772784,193.07758219968943,7688020.628782382
2025-11-11 08:19:57.688510,193.07758219968943,193.2609600838917,192.85287957806162,193.02592122621948,8301211.299172308
2025-11-11 08:20:57.688510,193.02592122621948,193.21253344044752,192.920126156279,192.9875862083861,9704071.294330182
2025-11-11 08:21:57.688510,192.9875862083861,195.42158947845437,192.87951647779747,195.3388326668674,3522950.132218772
2025-11-11 08:22:57.688510,195.3388326668674,195.4255584409734,195.2715927416132,195.36796404070532,12363724.233890466
2025-11-11 08:23:57.688510,195.36796404070532,195.4224480630279,195.3443486154061,195.37780174429622,7492884.563871548
2025-11-11 08:24:57.688510,195.37780174429622,195.40918443540428,195.36510401583615,195.36836883338754,4732662.9511078
2025-11-11 08:25:57.688510,195.36836883338754,195.57758589510348,195.21567492803294,195.56249082188532,3321990.5039913985
2025-11-11 08:26:57.688510,195.56249082188532,195.71439075646913,195.38003484544464,195.6638099491526,3423114.1254638713
2025-11-11 08:27:57.688510,195.6638099491526,195.77904938353586,195.6060526232563,195.6599987638506,5220829.898308717
2025-11-11 08:28:57.688510,195.6599987638506,195.67082809145634,195.49246121908027,195.66016349217907,7249979.868147571
2025-11-11 08:29:57.688510,195.66016349217907,195.74326059101,195.64608489477502,195.7116645478163,8515577.262803046
2025-11-11 08:30:57.688510,195.7116645478163,195.87753706103234,195.51883561190857,195.8083760796435,8044140.01249578
2025-11-11 08:31:57.688510,195.8083760796435,195.92649390105117,195.68713584839833,195.7268340198169,3949025.318665138
2025-11-11 08:32:57.688510,195.7268340198169,195.85229998958485,195.59328590622854,195.61544997412014,5185531.3195474865
2025-11-11 08:33:57.688510,195.61544997412014,195.8504036108931,195.42910765033554,195.7812247863692,6193242.433690876
2025-11-11 08:34:57.688510,195.7812247863692,195.88907655918382,195.5337976748913,195.71291091295137,6043150.474376423
2025-11-11 08:35:57.688510,195.71291091295137,195.92929531082842,195.6900894014616,195.77651911688048,6101934.597163077
2025-11-11 08:36:57.688510,195.77651911688048,195.93888904261976,195.61384527300993,195.68585112019213,8811334.054933816
2025-11-11 08:37:57.688510,195.68585112019213,195.86463923024922,195.63899528563311,195.724368940033,1350721.0595639683
2025-11-11 08:38:57.688510,195.724368940033,195.74224037518792,195.57044493575754,195.69704797135154,4826189.790916161
2025-11-11 08:39:57.688510,195.69704797135154,195.79875482501788,195.4276199967795,195.5898059933607,3748944.644864786
2025-11-11 08:40:57.688510,195.5898059933607,195.73669458421887,195.33716649882004,195.4197199357028,7005229.617440297
2025-11-11 08:41:57.688510,195.4197199357028,195.50103977857557,195.3933580216423,195.42725291176987,6300543.6141800275
2025-11-11 08:42:57.688510,195.42725291176987,195.5864597261993,195.28974018808148,195.49071145988944,5779618.361580655
2025-11-11 08:43:57.688510,195.49071145988944,195.64320408252473,195.3444304017559,195.51459722416132,2304022.097609678
2025-11-11 08:44:57.688510,195.51459722416132,195.6924593605034,195.48536034848178,195.51452974936075,3679001.486570105
2025-11-11 08:45:57.688510,195.51452974936075,195.7559441016702,195.5015865047381,195.60563607535633,2852370.439178368
2025-11-11 08:46:57.688510,195.60563607535633,195.78992331641598,195.40912719195916,195.44858791325254,3409554.914745168
2025-11-11 08:47:57.688510,195.44858791325254,195.65527816889627,195.25785943383522,195.61843385742762,1895913.7314961846
2025-11-11 08:48:57.688510,195.61843385742762,195.74244241819983,195.4217156734037,195.55762806753867,7129046.504189155
2025-11-11 08:49:57.688510,195.55762806753867,195.57992565818182,195.38467423841226,195.5766039081695,5425181.782108983
2025-11-11 08:50:57.688510,195.5766039081695,195.68948937700216,195.37726217603267,195.42257095953553,3801537.1638623276
2025-11-11 08:51:57.688510,195.42257095953553,195.53994242548436,195.2766123804579,195.46816637981118,5527807.738447762
2025-11-11 08:52:57.688510,195.46816637981118,195.59628328185974,195.33463808805493,195.49518145219403,7083616.850955703
2025-11-11 08:53:57.688510,195.49518145219403,195.67413745641346,195.29960558883187,195.33120983974445,4099283.7596377595
2025-11-11 08:54:57.688510,195.33120983974445,195.61033196150507,195.21107995106794,195.45825878588067,6366908.964888235
2025-11-11 08:55:57.688510,195.45825878588067,195.64132985095446,195.43720859326294,195.53728117926246,10353000.519141747
2025-11-11 08:56:57.688510,195.53728117926246,195.7763474124173,195.52743551996042,195.59856558279512,3980859.4194654827
2025-11-11 08:57:57.688510,195.59856558279512,195.67456970206953,195.58385250190892,195.65992113168488,4617034.217260726
2025-11-11 08:58:57.688510,195.65992113168488,195.68502161741927,195.5335541103524,195.62666930956954,5368045.368466769
2025-11-11 08:59:57.688510,195.62666930956954,195.8185054126283,195.61185215575645,195.77518693482156,6075944.002065327
2025-11-11 09:00:57.688510,195.77518693482156,195.92395799167127,195.64312736036368,195.78749009385615,4223587.819816049
2025-11-11 09:01:57.688510,195.78749009385615,195.94662785533916,195.75277918524245,195.77388905306097,4327905.430611106
2025-11-11 09:02:57.688510,195.77388905306097,196.0623428131199,195.72597126604467,195.8682177966687,2616719.2279956373
2025-11-11 09:03:57.688510,195.8682177966687,195.94894610086013,195.75001399914274,195.84741147933596,5691154.023927941
2025-11-11 09:04:57.688510,195.84741147933596,196.03124863082678,195.65629519511666,195.7104389049416,3389701.9357677205
2025-11-11 09:05:57.688510,195.7104389049416,195.8783696984392,195.5038218063032,195.5665164295886,7534494.011041814
2025-11-11 09:06:57.688510,195.5665164295886,195.60719562398992,195.50184686188416,195.53605134173227,5790021.893334837
2025-11-11 09:07:57.688510,195.53605134173227,195.60961973481758,195.52817533687465,195.59282977287862,2757767.5531332614
2025-11-11 09:08:57.688510,195.59282977287862,195.80281335692115,195.55049956799317,195.64253485597928,4812074.32666907
2025-11-11 09:09:57.688510,195.64253485597928,195.76312340321655,195.62511290911095,195.67007054206837,5529970.445119
2025-11-11 09:10:57.688510,195.67007054206837,195.88015759462326,195.64976935092136,195.79833659635472,6574949.960189181
2025-11-11 09:11:57.688510,195.79833659635472,195.91361199862826,195.7641195939318,195.87579860744503,5263756.953323075
2025-11-11 09:12:57.688510,195.87579860744503,196.0368091494634,194.26708939222388,194.335391807162,6811384.773613259
2025-11-11 09:13:57.688510,194.335391807162,194.44538316480083,193.9860365795311,194.1780506667421,5879988.164073352
2025-11-11 09:14:57.688510,194.1780506667421,194.26387024127965,193.9698446776666,194.11954778132434,13242908.806068825
2025-11-11 09:15:57.688510,194.11954778132434,194.29886189767586,194.1110609527608,194.19345242158545,12815155.529035121
2025-11-11 09:16:57.688510,194.19345242158545,194.3295103603126,194.0196649002501,194.07767172539826,7284360.552887013
2025-11-11 09:17:57.688510,194.07767172539826,194.09072349426197,193.90812378119827,194.0511357039725,5717122.610983375
2025-11-11 09:18:57.688510,194.0511357039725,194.26721778990387,193.94978910274486,194.10811827085848,7732678.062483012
2025-11-11 09:19:57.688510,194.10811827085848,194.33597967587346,194.03941212225553,194.17627016136547,11617267.63586971
2025-11-11 09:20:57.688510,194.17627016136547,194.2997084102574,194.0698647208859,194.0834854850584,4089225.6561124776
2025-11-11 09:21:57.688510,194.0834854850584,194.25380793850823,193.9865522251937,194.1146730464524,9893468.058672592
2025-11-11 09:22:57.688510,194.1146730464524,194.1420188475806,193.9106606723748,194.09524828293664,12796680.444924552
2025-11-11 09:23:57.688510,194.09524828293664,194.28540017421759,193.99225189239536,194.07604721713042,4130935.896118743
2025-11-11 09:24:57.688510,194.07604721713042,194.26405076515704,193.90473494371744,194.10956009432485,11243001.862413118
2025-11-11 09:25:57.688510,194.10956009432485,194.27448449760385,193.90131704137784,194.00330533162554,2724555.704952036
2025-11-11 09:26:57.688510,194.00330533162554,194.15005198937422,193.76950390367446,193.87935668382516,6393680.450755577
2025-11-11 09:27:57.688510,193.87935668382516,194.08699896629057,193.80366577438843,194.04863534498554,9267193.181734806
2025-11-11 09:28:57.688510,194.04863534498554,194.21205083811583,193.78467846792475,193.9215412243292,6890125.93876981
2025-11-11 09:29:57.688510,193.9215412243292,194.1378138845712,193.84101023350254,194.0189339031745,3295285.6801669076
2025-11-11 09:30:57.688510,194.0189339031745,194.1555095141161,193.96368044437037,194.11083919495582,5029690.7237565415
2025-11-11 09:31:57.688510,194.11083919495582,194.17381875651938,194.10309930958167,194.13399946026797,7711696.790497605
2025-11-11 09:32:57.688510,194.13399946026797,194.2519862289339,194.0896226916303,194.10901624085628,3013469.7467124015
2025-11-11 09:33:57.688510,194.10901624085628,194.2833854512377,193.9761966714543,194.09934397914537,6171507.9343864415
2025-11-11 09:34:57.688510,194.09934397914537,194.2334040923768,194.05323621087948,194.06682386254724,3544985.7316711964
2025-11-11 09:35:57.688510,194.06682386254724,194.4233286714531,194.0444834316987,194.22959161761256,6017817.040928656
2025-11-11 09:36:57.688510,194.22959161761256,194.37327792283097,194.05699037414587,194.29423833856248,2909626.776430141
2025-11-11 09:37:57.688510,194.29423833856248,194.46502248349225,194.20769743081865,194.32752641494437,2031827.6897348375
2025-11-11 09:38:57.688510,194.32752641494437,194.51642122880784,194.23938358215835,194.28300575522516,8874429.081649443
2025-11-11 09:39:57.688510,194.28300575522516,194.441268352577,194.06493880370095,194.17574402166477,5913679.327057945
2025-11-11 09:40:57.688510,194.17574402166477,194.37224305774438,194.03385885538972,194.3461594660205,6505671.877156853
2025-11-11 09:41:57.688510,194.3461594660205,194.46911717762933,194.17170002221283,194.46178755971607,10282273.282133223
2025-11-11 09:42:57.688510,194.46178755971607,194.64059812261218,194.30881312865944,194.5803084129198,2980752.6955353124
2025-11-11 09:43:57.688510,194.5803084129198,194.7824414841716,194.44922805438662,194.61750198487115,3081992.085052693
2025-11-11 09:44:57.688510,194.61750198487115,194.7871674435161,194.4652188256744,194.55221569858227,10559791.002799882
2025-11-11 09:45:57.688510,194.55221569858227,194.7461796966848,194.4698535299927,194.5651190635724,8842227.065790001
2025-11-11 09:46:57.688510,194.5651190635724,194.61101378390413,191.5780756315299,191.65592944747794,5304791.171784484
2025-11-11 09:47:57.688510,191.65592944747794,191.65601316547784,191.29406839108105,191.4163761535364,4368068.146929831
2025-11-11 09:48:57.688510,191.4163761535364,191.46945525951978,191.3140047743578,191.411509824672,8110900.532424999
2025-11-11 09:49:57.688510,191.411509824672,191.51995039627232,191.28391911426206,191.38461833301918,4720796.309494366
2025-11-11 09:50:57.688510,191.38461833301918,191.56746613313052,191.10279731869682,191.27139024003742,2997977.297131141
2025-11-11 09:51:57.688510,191.27139024003742,191.38800667124596,191.21609288539474,191.24749304032403,5566632.141771876
2025-11-11 09:52:57.688510,191.24749304032403,194.32736486748564,191.19116897799273,194.20225627316782,6917660.148498214
2025-11-11 09:53:57.688510,194.20225627316782,194.38297052106418,193.99560622460064,194.07488779947914,11255846.18504749
2025-11-11 09:54:57.688510,194.07488779947914,194.22070939283634,194.00470511195917,194.03208991223474,4106205.1648546536
2025-11-11 09:55:57.688510,194.03208991223474,194.17504746946892,193.78123888886836,193.93515604022565,3151899.6560250325
2025-11-11 09:56:57.688510,193.93515604022565,194.14532903618456,193.91123399416784,193.97544520856874,3781616.3663971126
2025-11-11 09:57:57.688510,193.97544520856874,194.1378726527806,193.8545296417766,193.8719601769317,8039957.014987064
2025-11-11 09:58:57.688510,193.8719601769317,194.25314847560054,193.77068607951387,194.12388527316693,4475785.633648713
2025-11-11 09:59:57.688510,194.12388527316693,194.47107264867796,194.03044263992385,194.40620680628234,6037566.652059434
2025-11-11 10:00:57.688510,194.40620680628234,194.43035871176002,194.24206922205036,194.3620344960168,2396958.4261057433
2025-11-11 10:01:57.688510,194.3620344960168,194.64209262896065,194.30126764537934,194.48229757365343,6606760.985049672
2025-11-11 10:02:57.688510,194.48229757365343,194.65105186007318,194.12909371722105,194.31077765003894,5914845.30795608
2025-11-11 10:03:57.688510,194.31077765003894,194.3558802947904,194.265144399774,194.2727356541193,4571782.404619535
2025-11-11 10:04:57.688510,194.2727356541193,194.5356729023461,194.23344012970492,194.39398202060204,3739058.856447689
2025-11-11 10:05:57.688510,194.39398202060204,194.4560600949881,194.18240991545025,194.24020812325406,8896592.073873553
2025-11-11 10:06:57.688510,194.24020812325406,194.49771799373676,194.0620792088701,194.34643689253085,6246295.910686435
2025-11-11 10:07:57.688510,194.34643689253085,194.49278486862238,194.32843604359016,194.42851875867083,3386039.8093443243
2025-11-11 10:08:57.688510,194.42851875867083,194.60719948340764,194.40166564137675,194.4236247444991,4476397.095508442
2025-11-11 10:09:57.688510,194.4236247444991,194.59685612358558,194.2592684512365,194.52907405638703,3140180.8764040577
2025-11-11 10:10:57.688510,194.52907405638703,194.85994702746518,194.50778834117386,194.66967439517373,8476824.651643077
2025-11-11 10:11:57.688510,194.66967439517373,194.75481753935577,194.4005010535016,194.55977741767137,7641609.93886435
2025-11-11 10:12:57.688510,194.55977741767137,194.6288237948409,194.40281720304188,194.52390020851678,9939888.648392113
2025-11-11 10:13:57.688510,194.52390020851678,194.6976508378214,194.40118994070167,194.5458378701765,7459291.180172712
2025-11-11 10:14:57.688510,194.5458378701765,194.5872589863294,194.40379641856546,194.5301599177523,3396037.772290622
2025-11-11 10:15:57.688510,194.5301599177523,194.68672640807804,194.30966191528034,194.35521437005886,5409432.866977499
2025-11-11 10:16:57.688510,194.35521437005886,194.47056824841903,193.99233213991798,194.14718373969473,2998733.9955760776
2025-11-11 10:17:57.688510,194.14718373969473,194.41098450196404,193.99270716597488,194.26981594365864,2410287.5139097716
2025-11-11 10:18:57.688510,194.26981594365864,194.40416389621208,194.1888471510895,194.32968033680558,4154925.6424964876
2025-11-11 10:19:57.688510,194.32968033680558,194.39944216426164,194.0622838791766,194.18787419004664,2974133.4218124314
2025-11-11 10:20:57.688510,194.18787419004664,194.24282717039353,194.04835320096004,194.1565785588019,6140559.670126095
2025-11-11 10:21:57.688510,194.1565785588019,194.25849601907183,194.10209226915205,194.24072962738376,7815221.014892237
2025-11-11 10:22:57.688510,194.24072962738376,194.36912898533453,194.02941972578083,194.17848248678874,2782486.1313745454
2025-11-11 10:23:57.688510,194.17848248678874,194.43022627509907,194.11835590599588,194.25349914307336,9558712.49848338
2025-11-11 10:24:57.688510,194.25349914307336,194.41742317438792,194.12497000694705,194.35597413723139,3639530.7053155405
2025-11-11 10:25:57.688510,194.35597413723139,194.56545938539617,194.30997763619385,194.3752969467036,9237514.836856624
2025-11-11 10:26:57.688510,194.3752969467036,194.4227745672281,194.25833561093538,194.2979835245384,4776153.430600173
2025-11-11 10:27:57.688510,194.2979835245384,194.38666264264842,194.24948887140948,194.31661676011248,2496767.635294549
2025-11-11 10:28:57.688510,194.31661676011248,194.41276687323625,194.14060573967043,194.3801884764001,4999084.94418815
2025-11-11 10:29:57.688510,194.3801884764001,194.45043774244346,194.1924594437083,194.29382146310317,6769589.854575972
2025-11-11 10:30:57.688510,194.29382146310317,194.43646120092308,194.285430789971,194.29761048585328,5787454.462334914
2025-11-11 10:31:57.688510,194.29761048585328,194.39517165294438,194.1179275041733,194.28521063505846,6610927.630977201
2025-11-11 10:32:57.688510,194.28521063505846,194.45112271552605,194.099271541581,194.18879187965302,4751547.709922172
2025-11-11 10:33:57.688510,194.18879187965302,194.20052214839973,193.97514470359437,194.0462578617,5311981.346519346
2025-11-11 10:34:57.688510,194.0462578617,194.18385684350196,194.02514807213765,194.09581831182547,7163318.987191033
2025-11-11 10:35:57.688510,194.09581831182547,194.17110521371427,194.0682332244429,194.1294320729158,5453755.163176638
2025-11-11 10:36:57.688510,194.1294320729158,194.3795239072544,193.94522876466092,194.21906244047963,9752739.33049048
2025-11-11 10:37:57.688510,194.21906244047963,194.35161799335327,194.00269389251838,194.04314921432456,10463290.298480146
2025-11-11 10:38:57.688510,194.04314921432456,194.05227754189832,193.94655227906117,194.043769727147,6117489.809999489
2025-11-11 10:39:57.688510,194.043769727147,194.21363482795704,194.01964305658004,194.0196586034128,6175025.329035383
2025-11-11 10:40:57.688510,194.0196586034128,194.2991941605241,193.96136231472389,194.19737095934826,8471204.96927065
2025-11-11 10:41:57.688510,194.19737095934826,194.2846022652118,194.01482843048282,194.18442960856086,5076529.987512843
2025-11-11 10:42:57.688510,194.18442960856086,194.41420015476342,194.12992644926427,194.29997025443282,2701541.6352286856
2025-11-11 10:43:57.688510,194.29997025443282,194.4209340890384,194.21900672091135,194.25323582038195,4158815.1150736012
2025-11-11 10:44:57.688510,194.25323582038195,194.41963311469988,194.03623992611867,194.15335627171967,6812186.803599905
2025-11-11 10:45:57.688510,194.15335627171967,194.33756302327325,194.09707386311757,194.26216998106636,2491942.6138585974
2025-11-11 10:46:57.688510,194.26216998106636,194.48661627008627,194.15702345984357,194.34039923358293,5172867.8943809355
2025-11-11 10:47:57.688510,194.34039923358293,194.35897287660632,194.0646813879164,194.2008485456767,6750090.039521121
2025-11-11 10:48:57.688510,194.2008485456767,194.38214336555188,194.082107842964,194.29096087741578,4951319.183036071
2025-11-11 10:49:57.688510,194.29096087741578,194.36176270263002,194.09088466418652,194.2840574479682,5663282.981479169
2025-11-11 10:50:57.688510,194.2840574479682,194.47959840927626,194.1535247805339,194.34782949513001,2791839.434317133
2025-11-11 10:51:57.688510,194.34782949513001,194.44828734092013,194.33520267416992,194.39806412346317,4004688.9697605562
2025-11-11 10:52:57.688510,194.39806412346317,194.42217197075527,194.24579922459026,194.36846884254146,7998453.485951098
2025-11-11 10:53:57.688510,194.36846884254146,194.63190340056926,194.285352639534,194.56544415166888,8833126.592530707
2025-11-11 10:54:57.688510,194.56544415166888,194.79934938080845,194.49773229674267,194.773063263975,3488254.8037586464
2025-11-11 10:55:57.688510,194.773063263975,194.78508943709048,194.60043371358384,194.7281296407992,5764924.514425115
2025-11-11 10:56:57.688510,194.7281296407992,194.85329543505463,194.61020993774494,194.80166157587223,11892008.177118523
2025-11-11 10:57:57.688510,194.80166157587223,194.88315533466317,194.65199254583024,194.84281843004956,2929270.3218763345
2025-11-11 10:58:57.688510,194.84281843004956,195.03158116803658,194.7405017269849,194.9243429639143,7231440.654732596
2025-11-11 10:59:57.688510,194.9243429639143,195.11536333804338,194.7323944579175,194.9128997270849,5763222.393955975
2025-11-11 11:00:57.688510,194.9128997270849,195.00500505232534,194.88469085881903,194.95607740995086,5187750.252974782
2025-11-11 11:01:57.688510,194.95607740995086,195.00044716879796,194.72006764982277,194.79146912322017,3948788.1183167472
2025-11-11 11:02:57.688510,194.79146912322017,194.89892029171645,194.6663783796183,194.7221956449606,6512252.016837196
2025-11-11 11:03:57.688510,194.7221956449606,194.85419595759856,194.5730089858484,194.72545858175798,5081825.869465121
2025-11-11 11:04:57.688510,194.72545858175798,194.87387463336594,194.6393481291471,194.8223988678395,5526316.589150926
2025-11-11 11:05:57.688510,194.8223988678395,194.9165143060673,194.5117824865694,194.60706877630125,4713501.553342272
2025-11-11 11:06:57.688510,194.60706877630125,194.79596197435677,194.41636327947157,194.6375813455235,3322394.9827594026
2025-11-11 11:07:57.688510,194.6375813455235,194.7254268456923,194.4758786961026,194.68797639386918,8224221.6507620895
2025-11-11 11:08:57.688510,194.68797639386918,194.8523500973418,194.62304357573214,194.80061811978373,13566189.592348982
2025-11-11 11:09:57.688510,194.80061811978373,194.9684082398056,194.79902585541845,194.81886190072424,6462671.408193909
2025-11-11 11:10:57.688510,194.81886190072424,194.97048227102167,194.7390487119485,194.88313024186724,1231743.8641804645
2025-11-11 11:11:57.688510,194.88313024186724,194.97752627247095,194.59531021141024,194.7804438978966,7628577.861993104
2025-11-11 11:12:57.688510,194.7804438978966,194.85923973981838,194.67010926556625,194.8204035144494,12413570.702910505
2025-11-11 11:13:57.688510,194.8204035144494,194.91871913826054,194.6996721409674,194.8814648442706,4318058.843395497
2025-11-11 11:14:57.688510,194.8814648442706,195.03231780491387,194.79239665418027,194.84341380065024,4551416.211300298
2025-11-11 11:15:57.688510,194.84341380065024,194.92487149162073,194.63106700183934,194.80907307613373,1879163.7539325901
2025-11-11 11:16:57.688510,194.80907307613373,194.93748406772804,194.75451380539585,194.90000258545183,4207555.697194365
2025-11-11 11:17:57.688510,194.90000258545183,194.92763094425737,194.72820728557159,194.79523606538544,5078780.724396943
2025-11-11 11:18:57.688510,194.79523606538544,194.80785644014892,194.62050336137438,194.7279754072391,5557713.865996604
2025-11-11 11:19:57.688510,194.7279754072391,194.81831896565245,194.51303067668124,194.6138934838646,3930900.8433300043
2025-11-11 11:20:57.688510,194.6138934838646,194.63924965760881,194.41893997367248,194.47381458865405,2759618.403350807
2025-11-11 11:21:57.688510,194.47381458865405,194.65084272054372,194.43121888089863,194.4348014523631,11208570.96694429
2025-11-11 11:22:57.688510,194.4348014523631,194.54749342329575,194.24260501047672,194.451979006005,2665985.4585545314
2025-11-11 11:23:57.688510,194.451979006005,194.65497431729924,194.323843321663,194.46185007696832,6062163.511333794
2025-11-11 11:24:57.688510,194.46185007696832,194.54073109333495,194.34400875855997,194.43047319849137,9162749.52608889
2025-11-11 11:25:57.688510,194.43047319849137,194.50213572589203,194.401359677729,194.46305337652572,2451019.403443747
2025-11-11 11:26:57.688510,194.46305337652572,194.86330396562838,194.27237789850898,194.7552757606964,3800471.52797634
2025-11-11 11:27:57.688510,194.7552757606964,194.7905497898284,194.6718681095163,194.72666273909954,1721675.725055353
2025-11-11 11:28:57.688510,194.72666273909954,194.8891430641731,194.47844073048608,194.6327663695512,4701806.479810858
2025-11-11 11:29:57.688510,194.6327663695512,194.8161189577907,194.46350311309632,194.58027686038568,3879448.6189973624
2025-11-11 11:30:57.688510,194.58027686038568,194.8051839417192,194.41314943436848,194.61311597022723,7761322.2321938425
2025-11-11 11:31:57.688510,194.61311597022723,194.72074279897762,194.50782076304455,194.59192428797837,13089132.490220724
2025-11-11 11:32:57.688510,194.59192428797837,194.6958844737079,194.4775640249454,194.69131397667164,3981964.5374480584
2025-11-11 11:33:57.688510,194.69131397667164,194.81139100535472,194.5601344588513,194.68248180677168,2391465.1868326725
2025-11-11 11:34:57.688510,194.68248180677168,194.81098834364465,194.53960370697877,194.63181476231827,4441424.9952767575
2025-11-11 11:35:57.688510,194.63181476231827,194.71702125514983,194.61123418251623,194.61555440997577,2340177.6625859854
2025-11-11 11:36:57.688510,194.61555440997577,194.7020293501952,194.59463256977477,194.6811958873672,13047567.890697919
2025-11-11 11:37:57.688510,194.6811958873672,194.8128965528293,194.56019852597018,194.81264930536645,7545550.079185107
2025-11-11 11:38:57.688510,194.81264930536645,194.99029327561294,194.7931570924094,194.94618846460446,2426833.647296956
2025-11-11 11:39:57.688510,194.94618846460446,195.0077149168043,194.68418385482215,194.83760206174946,9444848.394819416
2025-11-11 11:40:57.688510,194.83760206174946,194.92362647896704,194.80754177622828,194.8115828755956,2875380.0309407506
2025-11-11 11:41:57.688510,194.8115828755956,194.98147129911268,194.63776921036487,194.90693196707804,2342791.4530528705
2025-11-11 11:42:57.688510,194.90693196707804,195.11166767908196,194.71823917122663,194.9610731668841,7245865.921499093
2025-11-11 11:43:57.688510,194.9610731668841,195.1415707778024,194.87029153318915,194.90302695998486,10292134.380780278
2025-11-11 11:44:57.688510,194.90302695998486,195.09615500926836,194.78168600642013,194.85369358852023,3930209.6436313526
2025-11-11 11:45:57.688510,194.85369358852023,194.8624244134377,194.77235895557317,194.80975439824567,5820956.873134518
2025-11-11 11:46:57.688510,194.80975439824567,194.9530589298417,194.64850353353413,194.73378488968444,4669282.102257324
2025-11-11 11:47:57.688510,194.73378488968444,194.75766034914997,194.4829608495665,194.66937785374046,9208327.448724132
2025-11-11 11:48:57.688510,194.66937785374046,194.9010996938746,194.53576238504934,194.73755507382995,7385723.947854296
2025-11-11 11:49:57.688510,194.73755507382995,194.8892138943871,194.60212762130146,194.7640556372214,2873568.6298315953
2025-11-11 11:50:57.688510,194.7640556372214,194.81801940924638,194.64822521435693,194.70642492088345,4513621.48507177
2025-11-11 11:51:57.688510,194.70642492088345,194.87501913134477,194.5585277940516,194.7677736990429,3923218.827080084
2025-11-11 11:52:57.688510,194.7677736990429,194.94087406633045,194.49695907547266,194.6886595397036,6524965.581149399
2025-11-11 11:53:57.688510,194.6886595397036,194.6913972798479,194.45192209813965,194.585681375092,8384707.4606251
2025-11-11 11:54:57.688510,194.585681375092,194.77822683954992,194.4798375707817,194.59775276788884,7452829.027031024
2025-11-11 11:55:57.688510,194.59775276788884,194.64891321290415,194.52791226015725,194.56595803192766,18214852.04437103
2025-11-11 11:56:57.688510,194.56595803192766,196.10836470446188,194.43454789250936,196.0586107002889,4741108.129453389
2025-11-11 11:57:57.688510,196.0586107002889,196.14078143341217,195.95290194285707,196.11267273974136,8198309.731038835
2025-11-11 11:58:57.688510,196.11267273974136,196.32193697864582,196.04224008742509,196.14180983231074,10127877.660490828
2025-11-11 11:59:57.688510,196.14180983231074,196.27986420992886,195.93506849502376,196.12947889408738,3277128.379571859
2025-11-11 12:00:57.688510,196.12947889408738,196.17887915070122,194.71966139203676,194.75995417811714,4138813.269507762
2025-11-11 12:01:57.688510,194.75995417811714,194.9870415674392,194.60442294935467,194.94225775855446,4253886.245790042
2025-11-11 12:02:57.688510,194.94225775855446,195.02616889816542,194.85842787204066,194.93997740922356,4160770.962092205
2025-11-11 12:03:57.688510,194.93997740922356,195.14214309053222,194.93474689652905,194.95569519468754,3665608.726485375
2025-11-11 12:04:57.688510,194.95569519468754,194.96168662774093,194.78596162090943,194.88938741459398,7620555.690514493
2025-11-11 12:05:57.688510,194.88938741459398,195.00467793101038,194.73548340742354,194.786720608492,5210112.678295551
2025-11-11 12:06:57.688510,194.786720608492,194.9990861254234,194.64650173491756,194.8153114784504,5508302.330842771
2025-11-11 12:07:57.688510,194.8153114784504,194.89068008566662,194.61317181965674,194.7568787821305,4853469.280260596
2025-11-11 12:08:57.688510,194.7568787821305,194.9840899282544,194.7553758315939,194.9101886581942,7575030.887787427
2025-11-11 12:09:57.688510,194.9101886581942,195.10369122935919,194.7206162642414,194.8276915475554,3898761.15362429
2025-11-11 12:10:57.688510,194.8276915475554,194.8391408749874,194.6879158422472,194.82819335949245,3450491.31053391
2025-11-11 12:11:57.688510,194.82819335949245,194.85716342012662,194.6722324406853,194.73139018701147,2964477.76058866
2025-11-11 12:12:57.688510,194.73139018701147,194.86282027140007,194.58843409528455,194.70692070479416,12987798.533274172
2025-11-11 12:13:57.688510,194.70692070479416,194.81545275775423,194.49515048741986,194.66850427932795,5724841.653478896
2025-11-11 12:14:57.688510,194.66850427932795,197.38793313657888,194.66210037943662,197.32998718358684,2549334.221289419
2025-11-11 12:15:57.688510,197.32998718358684,197.5270417758288,197.3052990723084,197.40587166407866,7275503.247867352
2025-11-11 12:16:57.688510,197.40587166407866,197.43027965003506,197.29083671243808,197.3196395881827,3729786.7719696327
2025-11-11 12:17:57.688510,197.3196395881827,197.43756606740607,197.24247900982664,197.28045216055312,2554353.5402821484
2025-11-11 12:18:57.688510,197.28045216055312,197.3821204152275,197.14502503876997,197.25325261770405,8380671.996262369
2025-11-11 12:19:57.688510,197.25325261770405,197.3502143903921,197.15205261877688,197.16527714408002,2606502.880885484
2025-11-11 12:20:57.688510,197.16527714408002,197.31961098540305,196.94397219242182,196.99822284038243,2933512.4432075536
2025-11-11 12:21:57.688510,196.99822284038243,197.16023311574494,196.9314604442297,196.99978746505008,4728087.645028436
2025-11-11 12:22:57.688510,196.99978746505008,197.0525526777094,196.88561642120953,196.9720371396919,4888489.738527826
2025-11-11 12:23:57.688510,196.9720371396919,197.06291389465642,196.71124220652783,196.81019735344668,6687203.124117794
2025-11-11 12:24:57.688510,196.81019735344668,196.92444746863598,196.75024720097406,196.842889369407,6935044.023132343
2025-11-11 12:25:57.688510,196.842889369407,197.02329609515527,196.70344469613406,196.7678340342363,3648708.99165799
2025-11-11 12:26:57.688510,196.7678340342363,196.79299259124667,196.64166312490173,196.7058039152473,3312410.763974591
2025-11-11 12:27:57.688510,196.7058039152473,196.99136383826533,196.59255226996888,196.79858231449927,9532543.661744237
2025-11-11 12:28:57.688510,196.79858231449927,196.97598451890767,196.65609571695023,196.70437746228774,9547708.966660991
2025-11-11 12:29:57.688510,196.70437746228774,196.80346591626574,196.62253434815105,196.67258732658115,5736316.359252828
2025-11-11 12:30:57.688510,196.67258732658115,196.86398806415852,196.59994941671823,196.79576072217708,20307285.47708154
2025-11-11 12:31:57.688510,196.79576072217708,196.9939629922495,196.6390418404587,196.80755356292954,4652254.144932965
2025-11-11 12:32:57.688510,196.80755356292954,196.9372186897626,196.73888116629516,196.7872470436768,5667892.6778198555
2025-11-11 12:33:57.688510,196.7872470436768,196.94094243007288,196.47928751377574,196.58617732768812,3581772.621768247
2025-11-11 12:34:57.688510,196.58617732768812,196.7871652055902,196.44593888366256,196.59281739560203,3462666.3748943824
2025-11-11 12:35:57.688510,196.59281739560203,196.62518933960095,196.35386881069508,196.52036471628395,9735013.791500637
2025-11-11 12:36:57.688510,196.52036471628395,196.54530096426345,196.36618209593416,196.41657367756693,5241084.774228886
2025-11-11 12:37:57.688510,196.41657367756693,196.42731636946985,196.24359820712607,196.35436737503377,7167862.182231008
2025-11-11 12:38:57.688510,196.35436737503377,196.4137984343274,196.28216456848307,196.401067110814,9493495.734278692
2025-11-11 12:39:57.688510,196.401067110814,196.48568940352814,196.22135283495643,196.337023413735,6361215.339008807
2025-11-11 12:40:57.688510,196.337023413735,196.3796280552326,196.19115110828798,196.36054952234068,7628209.8750075195
2025-11-11 12:41:57.688510,196.36054952234068,196.4942978407703,196.32562310969956,196.49378382985915,6258300.509328167
2025-11-11 12:42:57.688510,196.49378382985915,196.62384887669975,196.4883535726138,196.51953107876517,5829559.135684927
2025-11-11 12:43:57.688510,196.51953107876517,196.65401007411822,196.47255760442175,196.55927667930445,6742694.666054907
2025-11-11 12:44:57.688510,196.55927667930445,196.72524003507888,196.40479703863986,196.66022292322756,5194298.668619035
2025-11-11 12:45:57.688510,196.66022292322756,196.81837719395543,196.5507829555637,196.69995048634826,1796828.04895288
2025-11-11 12:46:57.688510,196.69995048634826,196.83838475131827,196.48355507795202,196.66764356771057,4142390.28774902
2025-11-11 12:47:57.688510,196.66764356771057,196.78076364312787,196.62310963626317,196.62952678596238,3132003.1755961934
2025-11-11 12:48:57.688510,196.62952678596238,196.68124761734427,196.5391583542066,196.6199443668502,8067962.052759316
2025-11-11 12:49:57.688510,196.6199443668502,196.81644143903125,196.45249150375028,196.54044183811436,7633367.02450095
2025-11-11 12:50:57.688510,196.54044183811436,196.62000505147464,196.39516426256165,196.51591898842221,4413184.830934621
2025-11-11 12:51:57.688510,196.51591898842221,196.559480308962,196.33842519500772,196.39002155172997,8224837.2140564835
2025-11-11 12:52:57.688510,196.39002155172997,196.4304762010202,196.14076090017554,196.31881097757136,4258054.697892079
2025-11-11 12:53:57.688510,196.31881097757136,196.44088166580786,196.2909644129449,196.39937747961528,4002857.3677058644
2025-11-11 12:54:57.688510,196.39937747961528,196.55678608272012,196.30551937703495,196.52488356695645,9209927.053337252
2025-11-11 12:55:57.688510,196.52488356695645,196.66297510978876,196.2466891245387,196.4332842627501,4524089.459917767
2025-11-11 12:56:57.688510,196.4332842627501,196.60971657810038,196.25533145224676,196.59145656939833,4082755.8165210094
2025-11-11 12:57:57.688510,196.59145656939833,196.87963243814548,196.40607021932829,196.74393438814084,4039593.666572831
2025-11-11 12:58:57.688510,196.74393438814084,196.77860537254162,196.64300280598832,196.67678115746912,7452321.062860519
2025-11-11 12:59:57.688510,196.67678115746912,196.79794873935438,196.5270879311778,196.78890355153297,6290875.421747281
2025-11-11 13:00:57.688510,196.78890355153297,196.92694634961603,196.5840164621875,196.62063299637768,5380775.950131752
2025-11-11 13:01:57.688510,196.62063299637768,196.79311586509135,196.33552345827664,196.50096466712668,5608715.534077066
2025-11-11 13:02:57.688510,196.50096466712668,196.71928323957144,196.3371684079608,196.61469822996622,5682361.273335943
2025-11-11 13:03:57.688510,196.61469822996622,196.70147505156427,196.45902308501752,196.50389175441535,9750338.355204275
2025-11-11 13:04:57.688510,196.50389175441535,196.6253650049504,196.23427812306807,196.42284905309415,7339989.289369891
2025-11-11 13:05:57.688510,196.42284905309415,196.50570763740959,196.2484564842256,196.46747090870252,7727051.839580906
2025-11-11 13:06:57.688510,196.46747090870252,196.53599219868568,196.27437232028691,196.43104318585765,4842692.8235561205
2025-11-11 13:07:57.688510,196.43104318585765,196.6080697141386,196.18733404590148,196.3537100286541,12874582.043449894
2025-11-11 13:08:57.688510,196.3537100286541,196.44857075934596,196.20597496126243,196.2983016933265,2631100.9418423204
2025-11-11 13:09:57.688510,196.2983016933265,196.5191131345697,196.2201696294057,196.37664031561218,5683150.355312255
2025-11-11 13:10:57.688510,196.37664031561218,196.50835998767,196.18253426749163,196.47713676746142,4484142.765639254
2025-11-11 13:11:57.688510,196.47713676746142,196.6238559492928,196.34668729297604,196.384025361214,7734608.003323356
2025-11-11 13:12:57.688510,196.384025361214,196.5064523801741,196.32263048504936,196.43279033632885,2993407.9635894964
2025-11-11 13:13:57.688510,196.43279033632885,196.58431956260114,196.39229945007295,196.42055621318207,19826087.014593054
2025-11-11 13:14:57.688510,196.42055621318207,196.47810997933888,196.33330359479305,196.41828503810825,7947240.602467335
2025-11-11 13:15:57.688510,196.41828503810825,196.62526561234768,196.22993692386277,196.59652563613392,5958942.631534622
2025-11-11 13:16:57.688510,196.59652563613392,196.6839097645038,196.39371216880286,196.5155095708262,7902216.690164272
2025-11-11 13:17:57.688510,196.5155095708262,196.6459802884657,196.39533924538358,196.61566461605355,2734890.272223603
2025-11-11 13:18:57.688510,196.61566461605355,196.75844927166764,196.4597554208591,196.69494454288122,5478723.841968925
2025-11-11 13:19:57.688510,196.69494454288122,196.83053446625522,196.5745541166535,196.57784956608046,5528961.961550087
2025-11-11 13:20:57.688510,196.57784956608046,196.69529497754957,196.44389514944152,196.55845030094684,5815819.2093928885
2025-11-11 13:21:57.688510,196.55845030094684,196.56184980049093,196.31078195874426,196.5066642552754,4896890.922046098
2025-11-11 13:22:57.688510,196.5066642552754,196.58454510613677,196.29645121643316,196.35695683795254,3947883.119306464
2025-11-11 13:23:57.688510,196.35695683795254,196.43913454437316,196.25040700471112,196.27625825629653,4417526.828692942
2025-11-11 13:24:57.688510,196.27625825629653,196.42090908670338,196.16886036561888,196.23692142053594,5461412.320091874
2025-11-11 13:25:57.688510,196.23692142053594,196.36506963561527,196.11428680608824,196.23694857289007,5946577.074374062
2025-11-11 13:26:57.688510,196.23694857289007,196.247823240112,195.95810225893896,196.0676376383077,9601139.318301376
2025-11-11 13:27:57.688510,196.0676376383077,196.1514701032647,195.88472066616174,196.08095490940383,11252086.460902661
2025-11-11 13:28:57.688510,196.08095490940383,196.39519160105235,196.00169550265625,196.20158825186587,25101166.88266888
2025-11-11 13:29:57.688510,196.20158825186587,196.38780800629848,196.15227813495792,196.18408790346786,1502475.7999734879
2025-11-11 13:30:57.688510,196.18408790346786,196.23100839324985,195.93381046443798,196.09967331153945,11884311.054258034
2025-11-11 13:31:57.688510,196.09967331153945,196.1730063536754,196.04840006251703,196.11595016846425,2995501.873930202
2025-11-11 13:32:57.688510,196.11595016846425,196.2870371658121,196.06469270908744,196.07062638736494,1451548.59730881
2025-11-11 13:33:57.688510,196.07062638736494,196.3942580463086,195.93998240275093,196.21838408767758,6445036.292912277
2025-11-11 13:34:57.688510,196.21838408767758,196.32171588102975,196.0549572558276,196.11413022296452,9528422.894385623
2025-11-11 13:35:57.688510,196.11413022296452,196.24750514779674,196.01734490890414,196.1595316162982,6031062.805093645
2025-11-11 13:36:57.688510,196.1595316162982,196.32271716493335,195.9695821875643,196.1696638789595,2862560.0300380634
2025-11-11 13:37:57.688510,196.1696638789595,196.17180325097596,196.0086472232577,196.06349237933014,6276242.174374918
2025-11-11 13:38:57.688510,196.06349237933014,196.23237994963577,195.93024766941065,196.19146698396676,7971244.421541822
2025-11-11 13:39:57.688510,196.19146698396676,196.24807441704294,196.10524074984718,196.22293533545647,4687504.9822897585
2025-11-11 13:40:57.688510,196.22293533545647,196.37854410346466,195.84432252326917,196.03154357349737,6142546.459084482
2025-11-11 13:41:57.688510,196.03154357349737,196.2258835062603,195.77132860175027,195.94704809912417,6167322.559225584
2025-11-11 13:42:57.688510,195.94704809912417,196.07934696273938,195.91303686023073,195.96366262932148,7629357.266996355
2025-11-11 13:43:57.688510,195.96366262932148,196.03351679575286,195.8069146377662,195.84455746651432,8952010.482082263
2025-11-11 13:44:57.688510,195.84455746651432,195.9275438437599,195.5959358204064,195.78453697791352,4408648.846838635
2025-11-11 13:45:57.688510,195.78453697791352,195.7977316197233,195.64601368342502,195.71374802031866,18526411.097944375
2025-11-11 13:46:57.688510,195.71374802031866,195.9028529067338,195.54810649134257,195.5495428242869,9350445.286052547
2025-11-11 13:47:57.688510,195.5495428242869,195.63516187535092,195.39498306206363,195.6140930648652,4792464.735915387
2025-11-11 13:48:57.688510,195.6140930648652,195.7627715806935,195.60071106570442,195.6563290999976,5652726.670636435
2025-11-11 13:49:57.688510,195.6563290999976,195.85609449503335,195.56802830848946,195.75102436026526,4555387.175316462
2025-11-11 13:50:57.688510,195.75102436026526,195.92995428681854,195.74935216744655,195.78622274119778,7401030.58640989
2025-11-11 13:51:57.688510,195.78622274119778,195.8279452711521,195.67641883292737,195.6920596954116,2739790.9875687556
2025-11-11 13:52:57.688510,195.6920596954116,195.7812486329349,195.50455896036394,195.58866883881012,7776056.253405102
2025-11-11 13:53:57.688510,195.58866883881012,195.59831997775265,195.36517742750613,195.55143845627282,6904964.4532338595
2025-11-11 13:54:57.688510,195.55143845627282,195.70823372014556,193.26065412931294,193.32614055216763,6788684.310482019
2025-11-11 13:55:57.688510,193.32614055216763,193.41367027692752,191.95358429591374,191.97034337905504,3656941.035635458
2025-11-11 13:56:57.688510,191.97034337905504,192.0139801703638,191.88500036182035,191.98055116463263,3461624.111391933
2025-11-11 13:57:57.688510,191.98055116463263,192.16047188559773,191.95108673953828,191.96830972860843,7327976.847663204
2025-11-11 13:58:57.688510,191.96830972860843,192.10306050981941,191.89823887102307,191.96209325249833,3359914.0234782295
2025-11-11 13:59:57.688510,191.96209325249833,192.12642855000357,191.78393744763244,191.94318335327046,7113327.63073486
2025-11-11 14:00:57.688510,191.94318335327046,192.1579831413815,191.7527401129984,191.98497654153462,5680435.693063379
2025-11-11 14:01:57.688510,191.98497654153462,192.046642714596,191.8327150673046,192.0172467924666,7370749.334857498
2025-11-11 14:02:57.688510,192.0172467924666,192.03974564019293,191.85623169433438,191.95502041650914,6858878.632273262
2025-11-11 14:03:57.688510,191.95502041650914,192.08607455682142,191.82977753287142,191.9076495092536,6141318.307587894
2025-11-11 14:04:57.688510,191.9076495092536,192.07636710776922,191.62921882974885,191.73760287824862,2796357.0390447467
2025-11-11 14:05:57.688510,191.73760287824862,191.8648272721581,191.59438921181038,191.7566113253136,6355781.378094935
2025-11-11 14:06:57.688510,191.7566113253136,191.94036203473559,191.63136899192156,191.77470869359226,5613051.750645592
2025-11-11 14:07:57.688510,191.77470869359226,192.00764192301264,191.69689560846305,191.83099644124667,10481289.699249294
2025-11-11 14:08:57.688510,191.83099644124667,191.9799439394017,191.72080516250966,191.81866268798026,2785333.6723564505
2025-11-11 14:09:57.688510,191.81866268798026,191.93913102378625,191.60124919024724,191.68433546129467,3500047.614145232
2025-11-11 14:10:57.688510,191.68433546129467,191.86823764450799,191.5305965136765,191.55463110451095,9359166.406742891
2025-11-11 14:11:57.688510,191.55463110451095,191.73128795666253,191.34306214801913,191.4099483264987,10224884.734675044
2025-11-11 14:12:57.688510,191.4099483264987,191.50807468609725,191.28289935532985,191.44724465340323,3382979.445444423
2025-11-11 14:13:57.688510,191.44724465340323,191.63664536912805,191.19727002657,191.3362868071862,6436131.777187607
2025-11-11 14:14:57.688510,191.3362868071862,191.379868931606,191.13051714894212,191.29326794240703,6133247.612362659
2025-11-11 14:15:57.688510,191.29326794240703,191.3446742498617,191.17242948254673,191.32654826202986,2237401.2493638527
2025-11-11 14:16:57.688510,191.32654826202986,194.1073128114779,191.14383324444216,193.997498252909,8827698.136727536
2025-11-11 14:17:57.688510,193.997498252909,194.08725983958564,193.8892517738662,193.95734404390888,4813767.768521745
2025-11-11 14:18:57.688510,193.95734404390888,193.97974037114545,193.7728117909578,193.78759110786746,8583375.951935142
2025-11-11 14:19:57.688510,193.78759110786746,193.81511100775833,193.60497877505972,193.77211093324925,3679627.186415071
2025-11-11 14:20:57.688510,193.77211093324925,193.87706047719286,193.66568010244868,193.7807990150894,5689853.231587738
2025-11-11 14:21:57.688510,193.7807990150894,193.8309033679524,193.7398850184827,193.7975257325591,10316368.415920688
2025-11-11 14:22:57.688510,193.7975257325591,193.83990950386024,193.57429279407773,193.69870155958577,19032665.77213808
2025-11-11 14:23:57.688510,193.69870155958577,193.97897329964607,193.5476635138125,193.81865233098438,8343995.455056234
2025-11-11 14:24:57.688510,193.81865233098438,193.9490198415935,193.74936482814812,193.86818031944205,4432842.05546552
2025-11-11 14:25:57.688510,193.86818031944205,194.05499045299948,193.76564265761536,193.87984203434655,7068573.029816029
2025-11-11 14:26:57.688510,193.87984203434655,193.8839063083164,193.78932523446898,193.8498322892857,6068742.576374663
2025-11-11 14:27:57.688510,193.8498322892857,193.9840501027103,193.64764781381726,193.75394101146654,12107733.029112086
2025-11-11 14:28:57.688510,193.75394101146654,193.8412567206163,193.56696987391695,193.7084647332509,4214073.511323805
2025-11-11 14:29:57.688510,193.7084647332509,193.87491446119054,193.54105551020098,193.66395063102735,1384751.6295567504
2025-11-11 14:30:57.688510,193.66395063102735,193.88391247705,193.57067684783328,193.77621034443644,11018804.387187716
2025-11-11 14:31:57.688510,193.77621034443644,193.93707147524302,193.66672704436218,193.912812287477,8821284.945603322
2025-11-11 14:32:57.688510,193.912812287477,194.2772283730408,193.78433404446903,194.11222562449592,4632865.557661373
2025-11-11 14:33:57.688510,194.11222562449592,194.1992987152529,191.94705377791334,191.99289299454438,12626501.28719956
2025-11-11 14:34:57.688510,191.99289299454438,192.10438691318421,191.8576794838823,192.0098718718751,4506035.242754545
2025-11-11 14:35:57.688510,192.0098718718751,192.0958758873209,192.00595447082296,192.0392381896742,5569913.095376954
2025-11-11 14:36:57.688510,192.0392381896742,192.26946707994765,191.9403206981892,192.0810094704998,3644039.619727324
2025-11-11 14:37:57.688510,192.0810094704998,192.27212928848775,192.05056769732408,192.15344379227983,3550718.2093492094
2025-11-11 14:38:57.688510,192.15344379227983,192.2866151045475,192.04026741662597,192.17775571949647,1229561.653252217
2025-11-11 14:39:57.688510,192.17775571949647,192.22014019706106,192.1516975170944,192.20308464392275,4777432.227745362
2025-11-11 14:40:57.688510,192.20308464392275,192.28578186766993,192.05842393973958,192.15103562767598,13713088.952864649
2025-11-11 14:41:57.688510,192.15103562767598,192.31267690836975,192.08102456372367,192.0897922617465,2753353.9662414026
2025-11-11 14:42:57.688510,192.0897922617465,192.15765509324964,192.04340365906398,192.0735781258404,6298742.598770417
2025-11-11 14:43:57.688510,192.0735781258404,192.1818155113257,191.89831169554938,192.042744293283,6115455.207816715
2025-11-11 14:44:57.688510,192.042744293283,192.08530846185818,191.96540988297244,191.98206563360438,3873510.7263597534
2025-11-11 14:45:57.688510,191.98206563360438,192.21084447800195,191.89383520025203,192.1421499208643,11483465.618785193
2025-11-11 14:46:57.688510,192.1421499208643,192.47551123672392,191.99709195204184,192.32742704806537,3071076.071479861
2025-11-11 14:47:57.688510,192.32742704806537,192.72458072867718,192.24114737562434,192.55159479541882,15428107.006296277
2025-11-11 14:48:57.688510,192.55159479541882,192.69886880119824,192.42640448055172,192.49192130652273,6889884.260596666
2025-11-11 14:49:57.688510,192.49192130652273,192.4925259358131,192.45569916516368,192.46885435286606,4119374.8629991366
2025-11-11 14:50:57.688510,192.46885435286606,192.53150425591247,192.34351294717058,192.44955743618763,8122360.677061045
2025-11-11 14:51:57.688510,192.44955743618763,192.55187116241743,192.34501402824543,192.53913115118505,3489466.0107781934
2025-11-11 14:52:57.688510,192.53913115118505,192.71684225565258,192.44550790015984,192.46428020242138,3540908.6763770487
2025-11-11 14:53:57.688510,192.46428020242138,192.5974142853047,192.33505772275709,192.46091920020464,7943316.98942329
2025-11-11 14:54:57.688510,192.46091920020464,192.49168567435586,192.2088465990398,192.3595902327051,5153174.273888668
2025-11-11 14:55:57.688510,192.3595902327051,192.49302103246006,192.3396297518706,192.45743171543631,8364390.304288188
2025-11-11 14:56:57.688510,192.45743171543631,192.51752886185625,192.3770296169329,192.4354076216214,13537142.879717642
2025-11-11 14:57:57.688510,192.4354076216214,192.64403898911405,192.42210851469588,192.50137854399281,4683761.446834244
2025-11-11 14:58:57.688510,192.50137854399281,192.56328679226348,192.27840930923523,192.46791285132727,5144175.556563858
2025-11-11 14:59:57.688510,192.46791285132727,192.63582008060376,192.24644292171814,192.42175437259,3698478.9556545974
2025-11-11 15:00:57.688510,192.42175437259,192.7032897129252,192.35436590955072,192.5609883409781,4144785.950053995
2025-11-11 15:01:57.688510,192.5609883409781,192.61863194829218,192.36829201089114,192.51426874248057,5531987.395712856
2025-11-11 15:02:57.688510,192.51426874248057,192.58108316775082,192.34296492890655,192.51844107089772,2985917.4981339797
2025-11-11 15:03:57.688510,192.51844107089772,192.60907642880164,192.22009453066573,192.3888078783417,7113247.78700261
2025-11-11 15:04:57.688510,192.3888078783417,192.5468601875943,192.20356976900644,192.29591909017296,9719692.24040733
2025-11-11 15:05:57.688510,192.29591909017296,192.52797716187357,192.13430373913994,192.47826945807304,4176033.417868627
2025-11-11 15:06:57.688510,192.47826945807304,192.5386662468651,192.23880064136242,192.2845548885612,6037954.470402432
2025-11-11 15:07:57.688510,192.2845548885612,192.55001326555177,192.14963489184808,192.46180968262593,2707953.485834051
2025-11-11 15:08:57.688510,192.46180968262593,192.70464142545967,192.3030265887881,192.55417716132268,4487543.851900554
2025-11-11 15:09:57.688510,192.55417716132268,192.79016783299926,192.49649335872147,192.6159251066277,1834445.7791709807
2025-11-11 15:10:57.688510,192.6159251066277,192.81858202238348,192.4404446158696,192.77528392226444,7956877.730049577
2025-11-11 15:11:57.688510,192.77528392226444,192.94269884835472,192.59401606236347,192.72847677602573,1945456.5105614532
2025-11-11 15:12:57.688510,192.72847677602573,192.9429800731369,192.61765729777562,192.75990927725613,2839919.697172794
2025-11-11 15:13:57.688510,192.75990927725613,193.0238378722804,192.58716848512614,192.93578644240174,5403970.110673568
2025-11-11 15:14:57.688510,192.93578644240174,193.18553781148472,192.840561985821,193.15000910301825,8417274.14488214
2025-11-11 15:15:57.688510,193.15000910301825,193.29007057448032,192.90879941515885,193.0842676388443,3924859.223289558
2025-11-11 15:16:57.688510,193.0842676388443,193.18311464500283,192.9187793140819,193.00507739066356,5167016.187455744
2025-11-11 15:17:57.688510,193.00507739066356,193.11822899119883,192.8648109699262,193.07578595879093,6940650.9513424905
2025-11-11 15:18:57.688510,193.07578595879093,193.41297877720345,192.89067270655073,193.24128462938523,5972500.180890536
2025-11-11 15:19:57.688510,193.24128462938523,193.3521011072434,193.06961411602754,193.12924629738254,4994536.866233676
2025-11-11 15:20:57.688510,193.12924629738254,193.28632947342226,193.03480787368318,193.1669247413432,4678936.209593749
2025-11-11 15:21:57.688510,193.1669247413432,193.2718057886151,193.1293338220029,193.2485742565666,3281470.406427097
2025-11-11 15:22:57.688510,193.2485742565666,193.42606428826392,193.17309110063775,193.1938404797054,5637287.303253654
2025-11-11 15:23:57.688510,193.1938404797054,193.2714511777885,193.15712663143034,193.2543362283774,3766754.2811779985
2025-11-11 15:24:57.688510,193.2543362283774,193.34639746523135,193.10633221830648,193.29607562564678,3407536.2284673695
2025-11-11 15:25:57.688510,193.29607562564678,193.3823908982733,193.01932028811675,193.07858101291265,2838706.8541263924
2025-11-11 15:26:57.688510,193.07858101291265,193.24449475683923,193.00128683374163,193.02596178333548,4071861.0808464587
2025-11-11 15:27:57.688510,193.02596178333548,193.12081074327094,192.74894966554808,192.93327866652615,2777751.452277736
2025-11-11 15:28:57.688510,192.93327866652615,193.07997047963042,192.77847246672107,192.83215683796942,2611299.140011604
2025-11-11 15:29:57.688510,192.83215683796942,192.84000256469966,192.6733279322924,192.8022836818225,3638940.0050955634
2025-11-11 15:30:57.688510,192.8022836818225,192.9600945347948,192.73370965964844,192.7787193141956,5483550.067780681
2025-11-11 15:31:57.688510,192.7787193141956,193.03059675536028,192.68324518813841,192.89008102479266,7004233.1601247275
2025-11-11 15:32:57.688510,192.89008102479266,192.89484110235395,192.7291046112414,192.75286684724435,4840000.818431384
2025-11-11 15:33:57.688510,192.75286684724435,192.87647338749898,192.6608926044361,192.7166263793915,4990770.11386031
2025-11-11 15:34:57.688510,192.7166263793915,192.87728335663843,192.6528441385659,192.7194753378477,4928312.7982239155
2025-11-11 15:35:57.688510,192.7194753378477,192.94021490408443,192.69372026936855,192.77102237970857,4439076.060103202
2025-11-11 15:36:57.688510,192.77102237970857,192.9500614706512,192.60286827637165,192.79804682282162,6882639.030264889
2025-11-11 15:37:57.688510,192.79804682282162,192.89468999866375,192.66903029961404,192.87267780410318,3125847.566799834
2025-11-11 15:38:57.688510,192.87267780410318,193.04545561104663,192.6736118962386,192.69398304928131,2900832.360454097
2025-11-11 15:39:57.688510,192.69398304928131,192.81858597000965,192.44652903535808,192.59927894521655,8831782.79357794
2025-11-11 15:40:57.688510,192.59927894521655,192.7774986728261,192.4936965011019,192.65951755811346,3530802.503785286
2025-11-11 15:41:57.688510,192.65951755811346,192.80328918520186,192.54624251041332,192.67777706757505,5662382.216333964
2025-11-11 15:42:57.688510,192.67777706757505,192.7513081848946,192.6064714676315,192.62635052086821,9434344.916321905
2025-11-11 15:43:57.688510,192.62635052086821,192.82383821131364,192.46513296351284,192.72251083872416,3969501.7626035707
2025-11-11 15:44:57.688510,192.72251083872416,192.8867617686368,192.68398643558777,192.83034843115001,4791273.388856946
2025-11-11 15:45:57.688510,192.83034843115001,193.0528978416364,192.80005301990926,192.86890719646075,2925364.2550765607
2025-11-11 15:46:57.688510,192.86890719646075,193.00826504185636,192.83325610811838,192.95860665828954,5212020.098572942
2025-11-11 15:47:57.688510,192.95860665828954,193.14753630864507,192.84020998880789,192.9600679383216,5047840.329673088
2025-11-11 15:48:57.688510,192.9600679383216,193.01089714533046,192.88547797248992,193.00723267962744,5794399.344990453
2025-11-11 15:49:57.688510,193.00723267962744,193.10993767841924,192.92338130453754,193.1085705180765,7235890.849166791
2025-11-11 15:50:57.688510,193.1085705180765,193.11456971134228,192.88802526919577,192.9516824092965,14986123.662402
2025-11-11 15:51:57.688510,192.9516824092965,193.08813842567727,192.86550198323465,193.07461156583727,11205060.2297747
2025-11-11 15:52:57.688510,193.07461156583727,193.16082436171996,192.8778032831069,192.96678695921068,2989210.898539093
2025-11-11 15:53:57.688510,192.96678695921068,193.05568402204284,192.78560751933279,192.94035553363122,4103190.878175322
2025-11-11 15:54:57.688510,192.94035553363122,193.06434163172656,192.73632988743836,192.8124352853926,8170106.939062877
2025-11-11 15:55:57.688510,192.8124352853926,192.88493411399136,192.71199034885018,192.88371414283293,8775395.36095122
2025-11-11 15:56:57.688510,192.88371414283293,193.04479027927215,192.7892174887887,192.83917924389485,6855079.631803653
2025-11-11 15:57:57.688510,192.83917924389485,192.9952942383613,192.45819957274952,192.62966636662912,6285410.254949534
2025-11-11 15:58:57.688510,192.62966636662912,192.6944529629073,192.36008553923733,192.4245905478853,5118952.0977264885
2025-11-11 15:59:57.688510,192.4245905478853,192.46873915106886,192.3285300520846,192.4475115761759,4265572.947294564
2025-11-11 16:00:57.688510,192.4475115761759,192.644109519448,192.3312537867902,192.46819792232816,4585798.618153957
2025-11-11 16:01:57.688510,192.46819792232816,192.48350707656576,192.382061734558,192.38651663373264,3731281.2882665624
2025-11-11 16:02:57.688510,192.38651663373264,192.67898710456151,192.31826466546667,192.51992641585534,10953580.638099598
2025-11-11 16:03:57.688510,192.51992641585534,192.77509868450304,192.38815043427257,192.63235427893244,3724810.1794391903
2025-11-11 16:04:57.688510,192.63235427893244,192.819889398746,192.56320892925717,192.71442941139128,5027046.726593906
2025-11-11 16:05:57.688510,192.71442941139128,192.72703894213282,192.60977175010822,192.6120547494809,5208084.289361166
2025-11-11 16:06:57.688510,192.6120547494809,192.740090142051,192.35021277807766,192.47588337005644,3493436.8874895237
2025-11-11 16:07:57.688510,192.47588337005644,192.6456241014331,192.30611316651914,192.521146041998,12973348.136524914
2025-11-11 16:08:57.688510,192.521146041998,192.64803167932038,192.39643889834934,192.62484023413563,3119979.3988928893
2025-11-11 16:09:57.688510,192.62484023413563,192.7265770112697,192.40856999897784,192.47329483221583,6435000.805670628
2025-11-11 16:10:57.688510,192.47329483221583,192.65052573701652,192.32891475449753,192.41997249347096,5071517.375289162
2025-11-11 16:11:57.688510,192.41997249347096,192.49308520058923,192.40748629172992,192.45371721850955,9829211.434442997
2025-11-11 16:12:57.688510,192.45371721850955,192.527784526372,192.2493519630704,192.40188570882844,9893022.134658232
2025-11-11 16:13:57.688510,192.40188570882844,192.59975260543754,192.32800940391698,192.47192793740606,4205202.190897193
2025-11-11 16:14:57.688510,192.47192793740606,192.60068280823373,192.45217300204214,192.56192946189128,4710681.294206605
2025-11-11 16:15:57.688510,192.56192946189128,192.74933390696074,192.54033326619307,192.5513529482123,7046027.843223463
2025-11-11 16:16:57.688510,192.5513529482123,192.7226799279376,192.39726362349262,192.47001977328367,10849517.69013558
2025-11-11 16:17:57.688510,192.47001977328367,192.6981994649714,192.32625827779682,192.51787211243993,3011842.584304144
2025-11-11 16:18:57.688510,192.51787211243993,192.5857862452625,192.19204022712657,192.37735506431105,5536003.2945975885
2025-11-11 16:19:57.688510,192.37735506431105,192.5353909324584,192.30266390599542,192.47220088979034,4410029.15034385
2025-11-11 16:20:57.688510,192.47220088979034,192.6192581546687,192.29758496803427,192.5640931952489,18942445.94565339
2025-11-11 16:21:57.688510,192.5640931952489,192.84107314936537,192.50570439670955,192.69391085063236,3415501.505443362
2025-11-11 16:22:57.688510,192.69391085063236,192.87547712352767,192.4691820234902,192.47791086288018,4738225.201013158
2025-11-11 16:23:57.688510,192.47791086288018,192.80992560273413,192.4718681920044,192.74183410802848,7581722.041380853
2025-11-11 16:24:57.688510,192.74183410802848,192.7888854349987,192.4585964511696,192.62728961296546,1634074.4393765356
2025-11-11 16:25:57.688510,192.62728961296546,192.7477845717234,192.42584159734014,192.57091233200532,3499668.545256434
2025-11-11 16:26:57.688510,192.57091233200532,192.71951972590514,192.51579213480287,192.55114864590337,8975509.196185708
2025-11-11 16:27:57.688510,192.55114864590337,192.64896156690642,192.29027482536134,192.4685563187667,5365113.938809649
2025-11-11 16:28:57.688510,192.4685563187667,192.6964320327469,192.27701262047262,192.5443735393989,4947977.8239360405
2025-11-11 16:29:57.688510,192.5443735393989,192.6147371273419,192.49024960856542,192.53155927382366,8884269.851115186
2025-11-11 16:30:57.688510,192.53155927382366,192.55365392502546,192.34460567065676,192.4861327152147,6767813.2889535995
2025-11-11 16:31:57.688510,192.4861327152147,192.51421671246007,192.43692082810148,192.51148418465345,3532755.2999905697
2025-11-11 16:32:57.688510,192.51148418465345,192.63410669511455,192.3696947011381,192.5640432819572,8073197.991669265
2025-11-11 16:33:57.688510,192.5640432819572,192.7287235231062,192.38564821527703,192.69663040230475,3941095.126330618
2025-11-11 16:34:57.688510,192.69663040230475,192.89460422307098,192.64494910555553,192.8085781059766,3236633.9133074265
2025-11-11 16:35:57.688510,192.8085781059766,192.82585186585823,192.61292341624193,192.64271425023824,1642438.9755216257
2025-11-11 16:36:57.688510,192.64271425023824,192.82133754634475,192.57498371142557,192.66359739387113,5827801.001740166
2025-11-11 16:37:57.688510,192.66359739387113,192.82112834485747,192.576612695803,192.6663039256293,6510925.091618606
2025-11-11 16:38:57.688510,192.6663039256293,192.69892689100612,192.52956470453026,192.68438637639613,5020167.962953564
2025-11-11 16:39:57.688510,192.68438637639613,192.8081583720949,192.6022461727589,192.7674850670506,12927612.755614689
2025-11-11 16:40:57.688510,192.7674850670506,192.84743608633127,192.60839809830642,192.63902974123397,5384475.086106327
2025-11-11 16:41:57.688510,192.63902974123397,192.95057921558677,192.58276816187234,192.81825176089697,2071329.3495063963
2025-11-11 16:42:57.688510,192.81825176089697,192.89033413816304,192.7810961034898,192.81057472266352,1692793.8730555254
2025-11-11 16:43:57.688510,192.81057472266352,192.89578879153586,192.62558148843243,192.80479206485793,5063715.984711111
2025-11-11 16:44:57.688510,192.80479206485793,192.95424066032416,192.64424626560142,192.83652825375148,9089433.769282516
2025-11-11 16:45:57.688510,192.83652825375148,192.894744367806,192.57884312846775,192.76796491989825,7506609.302831776
2025-11-11 16:46:57.688510,192.76796491989825,192.83448522499174,192.57784797203516,192.71760950098405,1114437.1785058926
2025-11-11 16:47:57.688510,192.71760950098405,192.8579845070514,192.64526110750697,192.76290331268734,8570242.569465823
2025-11-11 16:48:57.688510,192.76290331268734,192.93129925652795,192.57704109769696,192.6839630022805,3082818.9141821903
2025-11-11 16:49:57.688510,192.6839630022805,192.8169750627192,192.64728203206778,192.68066619980505,1941467.8818153362
2025-11-11 16:50:57.688510,192.68066619980505,192.7629640136127,192.54900732026275,192.57542882642042,7056672.109015173
2025-11-11 16:51:57.688510,192.57542882642042,192.6920130719413,192.39606454516345,192.65370359255215,1861414.6578890046
2025-11-11 16:52:57.688510,192.65370359255215,192.75021514316916,192.61182403098172,192.71437635048187,2211997.274304855
2025-11-11 16:53:57.688510,192.71437635048187,192.9277843330095,192.67915403623704,192.74554901567438,8774244.584462147
2025-11-11 16:54:57.688510,192.74554901567438,192.9161971343773,192.61443389727162,192.658197942586,5161574.923790737
2025-11-11 16:55:57.688510,192.658197942586,192.8664177017937,192.58393377221282,192.77425256332842,6722243.055776697
2025-11-11 16:56:57.688510,192.77425256332842,192.95488965508244,192.6948754201232,192.86707345762719,1882512.1572954853
2025-11-11 16:57:57.688510,192.86707345762719,193.00562021585725,192.83390866446283,192.93842968820385,17197777.957470533
2025-11-11 16:58:57.688510,192.93842968820385,192.99088450782386,192.6704112029835,192.84157034212572,5976830.590149684
2025-11-11 16:59:57.688510,192.84157034212572,192.85044649549113,192.67923183243812,192.72662155174248,5400304.925092894
2025-11-11 17:00:57.688510,192.72662155174248,192.94837626264365,192.6336608985728,192.9033813208843,9467728.198345039
2025-11-11 17:01:57.688510,192.9033813208843,192.9862982211866,192.75864425944192,192.81296143199998,8836635.75389435
2025-11-11 17:02:57.688510,192.81296143199998,192.9240404692564,192.75049570008986,192.8726402831393,5098739.984228077
2025-11-11 17:03:57.688510,192.8726402831393,195.5222861226425,192.81850554534103,195.36965855929583,3781882.522316676
2025-11-11 17:04:57.688510,195.36965855929583,195.47969550291108,195.1005156773842,195.27193424712297,4658468.385058361
2025-11-11 17:05:57.688510,195.27193424712297,195.44806437333793,194.94045514043762,195.03974432214446,3956513.8048875844
2025-11-11 17:06:57.688510,195.03974432214446,195.19722642912208,194.89148406178452,195.00919734382313,3462817.012492365
2025-11-11 17:07:57.688510,195.00919734382313,195.25477775680065,194.96140269582637,195.08455230934726,6401935.900406247
2025-11-11 17:08:57.688510,195.08455230934726,195.30023363081614,194.94863128180882,195.25801786158976,2003790.3332971006
2025-11-11 17:09:57.688510,195.25801786158976,195.40542990957934,195.07698725855897,195.31590174703956,9068816.66432588
2025-11-11 17:10:57.688510,195.31590174703956,195.4031600520722,195.0398590353107,195.232586547492,2281815.9666570583
2025-11-11 17:11:57.688510,195.232586547492,195.35949553419763,195.213107422609,195.29898848137452,8152591.795568154
2025-11-11 17:12:57.688510,195.29898848137452,195.46552689997108,195.24728017217348,195.33035765008862,3481464.359725031
2025-11-11 17:13:57.688510,195.33035765008862,195.37445201433442,195.3065287250198,195.34281492337317,6262967.678571813
2025-11-11 17:14:57.688510,195.34281492337317,195.43253256321364,195.3233354168639,195.37490013352996,5117400.932616404
2025-11-11 17:15:57.688510,195.37490013352996,195.59046295706256,195.25849558427964,195.40893413177324,4804295.772589788
2025-11-11 17:16:57.688510,195.40893413177324,195.51328598492842,195.38852948020502,195.41938788289096,8609908.794662794
2025-11-11 17:17:57.688510,195.41938788289096,195.5826390602613,195.29177720413824,195.37443739879603,4076228.908624449
2025-11-11 17:18:57.688510,195.37443739879603,195.43734604694467,195.1554132333534,195.3133089111897,7704567.042055309
2025-11-11 17:19:57.688510,195.3133089111897,195.4021036369911,195.1658840371352,195.18982345089628,8752021.449327478
2025-11-11 17:20:57.688510,195.18982345089628,195.36796512459935,195.01414413129197,195.175090774402,5860435.870135221
2025-11-11 17:21:57.688510,195.175090774402,195.44080315261948,195.16637659855226,195.32552181820648,6415696.244748759
2025-11-11 17:22:57.688510,195.32552181820648,195.5337505919427,195.15436275337504,195.34379234304396,5256345.44234631
2025-11-11 17:23:57.688510,195.34379234304396,195.6294700659567,195.3216911448648,195.44904697344805,5258278.446858209
2025-11-11 17:24:57.688510,195.44904697344805,195.5076327833702,195.30578732988977,195.37098950930857,7394513.281681797
2025-11-11 17:25:57.688510,195.37098950930857,195.51188729345793,195.33718826212888,195.37599655547876,5211200.916618739
2025-11-11 17:26:57.688510,195.37599655547876,195.5629914970019,195.1265047295205,195.26852191473245,8333168.125783928
2025-11-11 17:27:57.688510,195.26852191473245,195.33196331173278,195.24303947633828,195.32455342081556,6022161.279088835
2025-11-11 17:28:57.688510,195.32455342081556,195.49814383889733,195.31707897598326,195.4412811965041,9521448.186330112
2025-11-11 17:29:57.688510,195.4412811965041,195.46381153798822,195.16240902150668,195.30281804841633,5762951.4523396185
2025-11-11 17:30:57.688510,195.30281804841633,195.3880681247193,195.09495658797874,195.27605932568608,2606340.64055206
2025-11-11 17:31:57.688510,195.27605932568608,195.33544992399553,195.21695293557394,195.25377571769337,2688912.0621070075
2025-11-11 17:32:57.688510,195.25377571769337,195.34467312570285,195.20754776240437,195.2659014530352,4516674.547352472
2025-11-11 17:33:57.688510,195.2659014530352,195.28938661401958,195.15239856968327,195.2677309893801,6068086.919242341
2025-11-11 17:34:57.688510,195.2677309893801,195.37284173395386,195.21824152349598,195.27897704958312,6371107.752543824
2025-11-11 17:35:57.688510,195.27897704958312,195.53491739861698,195.13065036521152,195.35855147988454,5468417.411634899
2025-11-11 17:36:57.688510,195.35855147988454,195.55438822200918,195.28632518005472,195.36376198062973,6833940.433942051
2025-11-11 17:37:57.688510,195.36376198062973,195.37745615437458,195.17140777947725,195.32728301294273,2822642.1281340634
2025-11-11 17:38:57.688510,195.32728301294273,195.44328026363297,195.26812820506615,195.39192334812114,4179883.188469382
2025-11-11 17:39:57.688510,195.39192334812114,195.4411690862301,195.2327715475638,195.35315347895124,9271395.972156296
2025-11-11 17:40:57.688510,195.35315347895124,195.45084127742763,195.3186441251548,195.42480106670678,9784146.684851047
2025-11-11 17:41:57.688510,195.42480106670678,195.538863084087,195.34063832306956,195.4344774471819,4023622.686056654
2025-11-11 17:42:57.688510,195.4344774471819,195.62235869653404,195.36553732810444,195.4562400157949,16527052.253717804
2025-11-11 17:43:57.688510,195.4562400157949,195.65136598453344,195.36470892335782,195.43847989190917,2841138.749390399
2025-11-11 17:44:57.688510,195.43847989190917,195.45274808609497,195.12168892756156,195.3058905587698,2367720.7895343155
2025-11-11 17:45:57.688510,195.3058905587698,195.34921439057572,195.02095981680776,195.21009434489764,4321797.335495384
2025-11-11 17:46:57.688510,195.21009434489764,195.35902592651402,195.0979398904632,195.13168895247773,9375359.33731935
2025-11-11 17:47:57.688510,195.13168895247773,195.32316224496034,194.95581702579076,195.12621930932013,2963038.6231590607
2025-11-11 17:48:57.688510,195.12621930932013,195.14239866812844,195.0076822866538,195.0852555247795,3775177.5446003783
2025-11-11 17:49:57.688510,195.0852555247795,195.1596325017721,194.7784792039608,194.9643104693136,5549298.063999345
2025-11-11 17:50:57.688510,194.9643104693136,195.0582967741571,194.85992551156832,195.0136833871753,12110902.62134126
2025-11-11 17:51:57.688510,195.0136833871753,195.15982635075255,194.97370180329523,194.98498058681048,10496148.029824274
2025-11-11 17:52:57.688510,194.98498058681048,195.09285556603012,194.7860294008798,194.87972250437062,4812801.690039853
2025-11-11 17:53:57.688510,194.87972250437062,195.06348077253836,194.6524743413988,194.78771269028192,11907807.796042468
2025-11-11 17:54:57.688510,194.78771269028192,194.96191175394108,194.55058868845552,194.74288194668205,3031314.623188994
2025-11-11 17:55:57.688510,194.74288194668205,195.0630355842236,194.73036287631516,194.87643486936557,4571710.603222402
2025-11-11 17:56:57.688510,194.87643486936557,194.89754924183458,194.7093941119885,194.86348672735443,1758573.393552415
2025-11-11 17:57:57.688510,194.86348672735443,195.0733210352546,194.78105016626319,195.05966065778682,2058098.7277153549
2025-11-11 17:58:57.688510,195.05966065778682,195.3069310913065,194.89603665266915,195.1205853642355,6291558.411226112
2025-11-11 17:59:57.688510,195.1205853642355,195.421134525447,195.01202037315178,195.35383515790173,12026307.552552737
2025-11-11 18:00:57.688510,195.35383515790173,195.40797659184457,195.1805244168359,195.24352731665144,4437719.098288886
2025-11-11 18:01:57.688510,195.24352731665144,195.6290970263012,195.11589120974813,195.5569141139219,6975279.901911762
2025-11-11 18:02:57.688510,195.5569141139219,195.7287708278912,195.4676605320226,195.5250853199469,3724221.5398284276
2025-11-11 18:03:57.688510,195.5250853199469,195.65534963230618,195.38066686204894,195.4172174255324,5658820.548972856
2025-11-11 18:04:57.688510,195.4172174255324,195.58929101376452,195.20035326092955,195.3746531417784,6598794.201148875
2025-11-11 18:05:57.688510,195.3746531417784,195.53837179498314,195.22654446127814,195.26016619704595,4225789.303058403
2025-11-11 18:06:57.688510,195.26016619704595,195.3860549062895,195.04860244145902,195.21444244343044,4128935.326144156
2025-11-11 18:07:57.688510,195.21444244343044,195.32633286074477,195.07818556845118,195.26166574362298,4939766.484797392
2025-11-11 18:08:57.688510,195.26166574362298,195.3875602510661,195.1277859563505,195.242624947763,9846662.796104087
2025-11-11 18:09:57.688510,195.242624947763,195.40395422633134,195.2210666976599,195.2326250773477,5905222.683359332
2025-11-11 18:10:57.688510,195.2326250773477,195.4108338573775,195.11597753606677,195.18488327816544,14680621.524001887
2025-11-11 18:11:57.688510,195.18488327816544,195.2156497367544,194.98842158090662,195.07374692458112,7301510.124495922
2025-11-11 18:12:57.688510,195.07374692458112,195.193630453969,195.03237018098847,195.1388646821298,5728489.476600094
2025-11-11 18:13:57.688510,195.1388646821298,195.3342001189243,195.04139480200638,195.26497167140653,3476947.059268219
2025-11-11 18:14:57.688510,195.26497167140653,197.93051746310937,195.20662176995472,197.80167866266376,8141422.527690497
2025-11-11 18:15:57.688510,197.80167866266376,197.9187138971257,197.51200198038205,197.68654239156498,2589668.7240623073
2025-11-11 18:16:57.688510,197.68654239156498,198.03225238042958,197.683652110192,197.8776801111142,2468347.2056162106
2025-11-11 18:17:57.688510,197.8776801111142,197.88733421649852,197.70678382238924,197.84096450820925,5007046.050847627
2025-11-11 18:18:57.688510,197.84096450820925,197.92898985121752,197.67411646166914,197.79579963936817,4414501.53810208
2025-11-11 18:19:57.688510,197.79579963936817,197.86836442958509,197.56409953248198,197.7562490656373,14651402.184576903
2025-11-11 18:20:57.688510,197.7562490656373,197.79505875515983,197.69804531951274,197.76308070755832,3521400.009315529
2025-11-11 18:21:57.688510,197.76308070755832,197.89721033340658,197.5734535829638,197.79912178094486,7282123.00063521
2025-11-11 18:22:57.688510,197.79912178094486,197.9637680793815,197.6275576618017,197.69756026241538,4464650.619841623
2025-11-11 18:23:57.688510,197.69756026241538,197.8185972650471,197.53846998318025,197.74511412577274,1736012.1557729947
2025-11-11 18:24:57.688510,197.74511412577274,197.89403731961417,197.61720411150964,197.62111260028803,5413689.80250368
2025-11-11 18:25:57.688510,197.62111260028803,197.81162602376054,197.48691012209,197.49758562178178,10584627.650437046
2025-11-11 18:26:57.688510,197.49758562178178,197.60271139820296,197.2731175365596,197.33566962687078,5087787.407444461
2025-11-11 18:27:57.688510,197.33566962687078,197.46540497862622,197.19020021735156,197.40924430228807,8998380.966361098
2025-11-11 18:28:57.688510,197.40924430228807,197.58872300964734,197.39401041976714,197.49228131358652,6117464.524403394
2025-11-11 18:29:57.688510,197.49228131358652,197.71528990588,197.47813456028769,197.69739474469702,7521716.093462532
2025-11-11 18:30:57.688510,197.69739474469702,197.95105974316985,197.6296411086134,197.77932536873095,3328998.7961072843
2025-11-11 18:31:57.688510,197.77932536873095,197.81736239488538,197.58316779485764,197.67175183837767,9523627.21213138
2025-11-11 18:32:57.688510,197.67175183837767,197.83780386459426,197.47867666585503,197.60021576287613,6546187.460686152
2025-11-11 18:33:57.688510,197.60021576287613,197.77128029590133,197.58503769264854,197.59605277465258,6329804.446136843
2025-11-11 18:34:57.688510,197.59605277465258,197.68787354246936,197.48998623905314,197.52373421069163,6528085.683417761
2025-11-11 18:35:57.688510,197.52373421069163,197.56685682468725,197.31533650540212,197.34266524498278,4644342.435137226
2025-11-11 18:36:57.688510,197.34266524498278,197.50624797995036,197.318843428579,197.4816771400565,5518474.218646969
2025-11-11 18:37:57.688510,197.4816771400565,197.62743560729479,197.44133233992233,197.4924067774156,10468421.723471561
2025-11-11 18:38:57.688510,197.4924067774156,197.5606218848694,197.35537170904473,197.49238483978004,2867708.9956498146
2025-11-11 18:39:57.688510,197.49238483978004,197.62045334427938,197.3830152088559,197.54326334911312,6167955.469469612
2025-11-11 18:40:57.688510,197.54326334911312,197.65543825133122,197.48431045913793,197.555613682189,7478040.0003016675
2025-11-11 18:41:57.688510,197.555613682189,197.66420123570845,197.1651732675567,197.35882753164054,3195355.1680390923
2025-11-11 18:42:57.688510,197.35882753164054,197.53986270795886,197.26465611817366,197.373552542628,4702457.625410883
2025-11-11 18:43:57.688510,197.373552542628,197.54176366028736,197.20566856817177,197.44320427000392,1233381.5761704235
2025-11-11 18:44:57.688510,197.44320427000392,197.65706042277668,197.36190688989657,197.5220234317462,7151402.538393712
2025-11-11 18:45:57.688510,197.5220234317462,197.73064685787958,197.41225876031967,197.66094651216505,6351183.060153237
2025-11-11 18:46:57.688510,197.66094651216505,197.81285515698772,197.51462796302445,197.63895755336904,5888292.283688699
2025-11-11 18:47:57.688510,197.63895755336904,197.8656356122021,197.5977798167647,197.72229478710537,3652099.9091711114
2025-11-11 18:48:57.688510,197.72229478710537,197.8299346705308,197.620158902928,197.7358726024455,5501286.12090489
2025-11-11 18:49:57.688510,197.7358726024455,197.90049637214642,197.65321908506996,197.741025683958,2492336.1760355677
2025-11-11 18:50:57.688510,197.741025683958,198.12808591928385,197.63823768360498,198.00398283181391,8183380.770717283
2025-11-11 18:51:57.688510,198.00398283181391,198.20653504695304,197.82973530350415,198.0089161553627,15523130.285946904
2025-11-11 18:52:57.688510,198.0089161553627,198.18338028437262,197.85074740925978,198.08445021794745,7295701.916375852
2025-11-11 18:53:57.688510,198.08445021794745,198.34087198317255,197.971260933758,198.27692090397062,9113995.926656928
2025-11-11 18:54:57.688510,198.27692090397062,198.35445392885572,198.17510710708535,198.21212288201295,6163767.166963441
2025-11-11 18:55:57.688510,198.21212288201295,198.22324389483947,198.12801039325907,198.1666147582116,5562482.026684008
2025-11-11 18:56:57.688510,198.1666147582116,198.25407382915975,197.90132514351464,197.9064019221051,2176239.8863681047
2025-11-11 18:57:57.688510,197.9064019221051,198.0519060181935,197.76803617142468,197.99774286852295,6421542.1667925585
2025-11-11 18:58:57.688510,197.99774286852295,198.3019401630381,197.81118629311456,198.2126696665846,6187361.221013395
2025-11-11 18:59:57.688510,198.2126696665846,198.37235133084297,198.02482760052746,198.07452606624378,4380437.416856717
2025-11-11 19:00:57.688510,198.07452606624378,198.22129763746779,197.9930442343358,198.10752139243056,7210657.445683461
2025-11-11 19:01:57.688510,198.10752139243056,198.20764018264555,197.9601062451665,198.09285623647747,3226000.494403553
2025-11-11 19:02:57.688510,198.09285623647747,198.1650877348792,198.05284713169576,198.09397713277454,5228225.472005195
2025-11-11 19:03:57.688510,198.09397713277454,198.50629471407325,197.97751231767322,198.31408523924546,6304592.734966866
2025-11-11 19:04:57.688510,198.31408523924546,198.45240444066445,198.0024145954902,198.11980161647435,5238925.212285437
2025-11-11 19:05:57.688510,198.11980161647435,198.33815139684307,198.00435467452004,198.2577565289271,8994753.461983541
2025-11-11 19:06:57.688510,198.2577565289271,198.37898315858885,197.94707185629065,198.1271712337912,3545153.5943932417
2025-11-11 19:07:57.688510,198.1271712337912,198.24987153110058,198.01447025971632,198.02642431594552,3308805.6223424706
2025-11-11 19:08:57.688510,198.02642431594552,198.03642113544535,197.81538893713278,197.95025903646805,3522162.937524602
2025-11-11 19:09:57.688510,197.95025903646805,198.13432884383244,197.78273358412406,197.9919829542044,9370418.392988577
2025-11-11 19:10:57.688510,197.9919829542044,198.23575178644444,197.95879608148343,198.13983355023723,4596316.092420256
2025-11-11 19:11:57.688510,198.13983355023723,198.25759389658216,197.93586474685608,198.02729895069277,3574634.7150903707
2025-11-11 19:12:57.688510,198.02729895069277,198.0319220372061,197.7994140284924,197.96794689098076,7093080.308532356
2025-11-11 19:13:57.688510,197.96794689098076,198.25799250315393,197.785565257134,198.10717746685435,5435775.417928967
2025-11-11 19:14:57.688510,198.10717746685435,198.2976022907962,197.78301705105326,197.93448421703303,4012625.889476291
2025-11-11 19:15:57.688510,197.93448421703303,198.10203918803654,197.68692533943897,197.81316317833512,8668853.633149737
2025-11-11 19:16:57.688510,197.81316317833512,198.02158531156277,197.6416866513514,197.90540729584907,4003260.211863436
2025-11-11 19:17:57.688510,197.90540729584907,198.1559683442221,197.7127100850056,197.96725211784482,5122938.911389541
2025-11-11 19:18:57.688510,197.96725211784482,198.03937225070567,197.95959286210595,197.9760495326308,4079559.93271487
2025-11-11 19:19:57.688510,197.9760495326308,198.01590119310325,197.75767955947904,197.8976694901998,12017592.872623714
2025-11-11 19:20:57.688510,197.8976694901998,198.144225939907,197.87130168853545,198.04686400729344,7105696.337241047
2025-11-11 19:21:57.688510,198.04686400729344,198.29157103181205,197.8943582601585,198.15419611195676,8467750.728373183
2025-11-11 19:22:57.688510,198.15419611195676,198.25545002716348,197.9385023760423,197.99671177487576,4859654.783527762
2025-11-11 19:23:57.688510,197.99671177487576,198.15468849200565,197.9811638511127,197.99150345302644,5783149.941961191
2025-11-11 19:24:57.688510,197.99150345302644,198.06766421144337,197.8165473914089,198.03249350493223,4875745.242747235
2025-11-11 19:25:57.688510,198.03249350493223,198.06601507367662,197.8975786909033,198.06462968173355,8922480.176767604
2025-11-11 19:26:57.688510,198.06462968173355,198.21998461783295,197.85060565768154,197.9532713028068,6499557.4627360115
2025-11-11 19:27:57.688510,197.9532713028068,197.97090785399632,197.7532436635639,197.94844451208095,7233357.492913183
2025-11-11 19:28:57.688510,197.94844451208095,198.13934173550797,197.87897411303072,198.00653215747198,3355300.121308541
2025-11-11 19:29:57.688510,198.00653215747198,198.24543331515721,198.00417505199798,198.08661865816205,5397227.941570309
2025-11-11 19:30:57.688510,198.08661865816205,198.1668792529921,197.93745054606157,198.09183630988863,3940522.6283979686
2025-11-11 19:31:57.688510,198.09183630988863,198.20014934017564,198.02109424907576,198.1081606074729,6822546.0600613
2025-11-11 19:32:57.688510,198.1081606074729,198.289012476649,197.95224434482955,198.19722257553235,3868550.635189395
2025-11-11 19:33:57.688510,198.19722257553235,198.3214372429871,198.02223487417524,198.12560151462208,4928119.2008445095
2025-11-11 19:34:57.688510,198.12560151462208,198.2462719852715,198.05275815782366,198.09103494798987,5756978.7942546
2025-11-11 19:35:57.688510,198.09103494798987,198.24257607310946,197.9223008598269,197.94816630659523,6971723.475068963
2025-11-11 19:36:57.688510,197.94816630659523,197.9747757768815,197.79371642317804,197.973692607508,3409193.4451065254
2025-11-11 19:37:57.688510,197.973692607508,198.19740274093505,197.947309893153,198.10597762625943,11376415.62068144
2025-11-11 19:38:57.688510,198.10597762625943,200.66059059465113,197.9163150409774,200.65295197975948,6906120.612962586
2025-11-11 19:39:57.688510,200.65295197975948,200.88533775823052,200.4736541049473,200.69884826077123,4582733.413926094
2025-11-11 19:40:57.688510,200.69884826077123,200.84076833046655,200.33899363141438,200.48860926999376,12064131.146187345
2025-11-11 19:41:57.688510,200.48860926999376,200.66188415283554,200.40237274495473,200.51288305043374,6315271.8611907335
2025-11-11 19:42:57.688510,200.51288305043374,200.89549837788266,200.42768128749407,200.70831216981213,13073498.534191478
2025-11-11 19:43:57.688510,200.70831216981213,200.7982171563995,200.5286949023085,200.77071555666905,7235671.4483574405
2025-11-11 19:44:57.688510,200.77071555666905,200.8076078881049,200.56616080197483,200.59504650233106,5901915.5483332
2025-11-11 19:45:57.688510,200.59504650233106,200.59996713666024,200.37694895687721,200.44855652565207,9158585.23570619
2025-11-11 19:46:57.688510,200.44855652565207,200.57819342021097,200.19042767118862,200.3521174211637,5974849.17662344
2025-11-11 19:47:57.688510,200.3521174211637,200.50158931480627,200.3430277948395,200.4203539387082,19343117.61809251
2025-11-11 19:48:57.688510,200.4203539387082,200.53365129127764,200.1599147789626,200.25501857659165,9107485.13059944
2025-11-11 19:49:57.688510,200.25501857659165,200.40039631881405,200.14320617862123,200.35210512180936,4413579.069452746
2025-11-11 19:50:57.688510,200.35210512180936,200.41537910396534,200.2037566881332,200.25849475152043,3198944.32677389
2025-11-11 19:51:57.688510,200.25849475152043,200.39390983538868,200.1828750949308,200.322716688736,2500715.786915439
2025-11-11 19:52:57.688510,200.322716688736,200.37812912434714,200.13633826072197,200.33042999577378,3211867.673967841
2025-11-11 19:53:57.688510,200.33042999577378,200.51383431229047,200.16157355369955,200.28420524139344,9574448.152872898
2025-11-11 19:54:57.688510,200.28420524139344,200.32321262520318,200.17351296562066,200.17783232255854,3733594.9583199844
2025-11-11 19:55:57.688510,200.17783232255854,200.3214273530878,199.81049049873306,199.98293846311455,9799347.587506851
2025-11-11 19:56:57.688510,199.98293846311455,200.13568379877998,199.73208902244195,199.83061423071052,6002634.728703747
2025-11-11 19:57:57.688510,199.83061423071052,199.85446004918285,199.66366743798622,199.8474839067208,3829759.23203557
2025-11-11 19:58:57.688510,199.8474839067208,199.96239926152487,199.740783295503,199.8649276050492,3420483.580295074
2025-11-11 19:59:57.688510,199.8649276050492,200.0193801929404,199.86209755491313,199.9808286342456,9304200.677364968
2025-11-11 20:00:57.688510,199.9808286342456,200.19361557849166,199.80480437011346,200.08208157388884,4417064.97704078
2025-11-11 20:01:57.688510,200.08208157388884,200.12802685588358,200.01658961649733,200.10584398400778,5231098.6777228145
2025-11-11 20:02:57.688510,200.10584398400778,200.29506478127058,200.05211710110817,200.2165858753371,2820457.9416949116
2025-11-11 20:03:57.688510,200.2165858753371,200.21921535327184,200.05372069026873,200.17496348499475,5460033.990168245
2025-11-11 20:04:57.688510,200.17496348499475,200.2538303688893,200.0253488193095,200.12474658056138,3631113.8794543548
2025-11-11 20:05:57.688510,200.12474658056138,200.31382234560044,199.8925196290796,200.04406750660547,5122126.268634453
2025-11-11 20:06:57.688510,200.04406750660547,200.16128181830743,199.94729883822083,200.01067105549265,8587011.540973822
2025-11-11 20:07:57.688510,200.01067105549265,200.1936717949081,199.835752771796,199.87410797229083,6890938.113795832
2025-11-11 20:08:57.688510,199.87410797229083,200.03399734542134,199.72651320495015,199.7880003520104,8591823.284124803
2025-11-11 20:09:57.688510,199.7880003520104,199.897623225609,199.5051680316725,199.63797699827063,9929686.014316397
2025-11-11 20:10:57.688510,199.63797699827063,199.66394647711977,199.3158803858917,199.42935664038814,3062067.3869460463
2025-11-11 20:11:57.688510,199.42935664038814,199.57365603480554,199.280642400797,199.4862721460169,6552973.249341125
2025-11-11 20:12:57.688510,199.4862721460169,199.66424050581935,199.3484698459681,199.49401630845475,4049756.0802187403
2025-11-11 20:13:57.688510,199.49401630845475,199.75478112610745,199.3510097162019,199.60005956144528,5271341.274474226
2025-11-11 20:14:57.688510,199.60005956144528,199.8821867820932,199.54652027496982,199.71311322286243,6630490.547491392
2025-11-11 20:15:57.688510,199.71311322286243,199.88209089060365,199.6152486740206,199.65577422389273,6396834.2432201505
2025-11-11 20:16:57.688510,199.65577422389273,199.78716348213078,199.46065608933634,199.7548260752701,6215594.732503632
2025-11-11 20:17:57.688510,199.7548260752701,199.79265798417563,199.6467155813956,199.77017642875185,6399498.861773943
2025-11-11 20:18:57.688510,199.77017642875185,199.80465714962372,199.63542596613064,199.69462729034342,10316363.451509431
2025-11-11 20:19:57.688510,199.69462729034342,199.8844776920916,199.54261177704242,199.6163186235066,13428328.703801095
2025-11-11 20:20:57.688510,199.6163186235066,199.7214093125133,199.56389028708986,199.68744738390185,2877094.152255025
2025-11-11 20:21:57.688510,199.68744738390185,199.89942920841196,199.5570753604413,199.78026227360033,4958411.149698102
2025-11-11 20:22:57.688510,199.78026227360033,199.8747842240587,199.71518522941275,199.85180212035098,6143188.251538278
2025-11-11 20:23:57.688510,199.85180212035098,199.96487798169812,199.6513507790726,199.6858016663207,3683897.2064575725
2025-11-11 20:24:57.688510,199.6858016663207,199.69689503739698,199.4367620323261,199.53186653103785,7252321.536454741
2025-11-11 20:25:57.688510,199.53186653103785,199.67308869265247,199.27334590818234,199.45952548145485,4226459.645398627
2025-11-11 20:26:57.688510,199.45952548145485,199.6642128054409,199.37372067432827,199.49080621310281,4014131.692076825
2025-11-11 20:27:57.688510,199.49080621310281,199.67376372715364,199.32160171865223,199.51225851538604,4587247.474203309
2025-11-11 20:28:57.688510,199.51225851538604,199.70571279527522,199.33541637221106,199.4875507915211,4690902.658422642
2025-11-11 20:29:57.688510,199.4875507915211,199.59291454087156,199.37783397056586,199.52250641852058,8926979.2530747
2025-11-11 20:30:57.688510,199.52250641852058,199.83669302602814,199.37987549770384,199.6909655156089,4768582.742904369
2025-11-11 20:31:57.688510,199.6909655156089,199.94868216003914,199.6818130948343,199.8245207152853,5918838.391920639
2025-11-11 20:32:57.688510,199.8245207152853,199.85404236750347,199.56722623028568,199.70247653485927,6733853.171925114
2025-11-11 20:33:57.688510,199.70247653485927,199.83025337102646,199.55105834248116,199.80845769362378,5800020.31074947
2025-11-11 20:34:57.688510,199.80845769362378,200.0435921119006,199.7897075151271,199.94529187432258,8998562.406049075
2025-11-11 20:35:57.688510,199.94529187432258,200.02571555883932,199.6415653426464,199.8401373709479,5528040.784237246
2025-11-11 20:36:57.688510,199.8401373709479,199.85950388768703,199.5851079470305,199.75404995645653,1853767.3908371523
2025-11-11 20:37:57.688510,199.75404995645653,199.91797158355203,199.5814202434839,199.7504364201288,5134753.897339879
2025-11-11 20:38:57.688510,199.7504364201288,199.84061407296235,199.6942665477235,199.78261601534135,9516501.6851922
2025-11-11 20:39:57.688510,199.78261601534135,199.96873843835016,199.65587324506,199.87372674511124,8228186.196348633
2025-11-11 20:40:57.688510,199.87372674511124,199.9812760016456,199.6774511645222,199.93824447165568,4933121.690685766
2025-11-11 20:41:57.688510,199.93824447165568,200.10201388482432,199.8135937990719,199.9895716530931,5122377.205189807
2025-11-11 20:42:57.688510,199.9895716530931,200.17188772340273,199.77177604148935,199.9373151514099,6246700.071475678
2025-11-11 20:43:57.688510,199.9373151514099,199.98717874804154,199.91534465639683,199.96950189834934,4272231.715924216
2025-11-11 20:44:57.688510,199.96950189834934,200.1631961303035,199.82876640278158,199.9415164380575,13215553.215462685
2025-11-11 20:45:57.688510,199.9415164380575,200.03478126157918,199.71371022944504,199.82863936335605,4569700.817742534
2025-11-11 20:46:57.688510,199.82863936335605,199.88678166256517,199.77436211146883,199.85895451311384,8213573.781084216
2025-11-11 20:47:57.688510,199.85895451311384,200.18674200389472,199.682521657186,200.02184061643814,10747516.778904863
2025-11-11 20:48:57.688510,200.02184061643814,200.1957982077248,199.84872870750516,200.06061066419355,2486523.996781536
2025-11-11 20:49:57.688510,200.06061066419355,200.3692161466115,200.03154562646952,200.21832470909703,11036575.307805058
2025-11-11 20:50:57.688510,200.21832470909703,200.52536534597346,200.17635042657602,200.444064796467,3239747.268274882
2025-11-11 20:51:57.688510,200.444064796467,200.63959948138103,200.29184574404226,200.47548715560487,10249295.213735346
2025-11-11 20:52:57.688510,200.47548715560487,200.51573974234006,200.33080534480035,200.47655146157174,4196718.709384274
2025-11-11 20:53:57.688510,200.47655146157174,200.541995622279,200.3703746269571,200.45952936112238,4360616.096394145
2025-11-11 20:54:57.688510,200.45952936112238,200.5377897006937,199.90713649855797,200.06379032925176,6250095.292547867
2025-11-11 20:55:57.688510,200.06379032925176,200.13395002849245,199.97648127172926,200.08179045078407,3774891.316222163
2025-11-11 20:56:57.688510,200.08179045078407,200.1271270355879,199.99081523330304,200.0446461272443,4386036.763743982
2025-11-11 20:57:57.688510,200.0446461272443,200.22623644795456,199.98341742463998,200.14103352578405,7267288.856383943
2025-11-11 20:58:57.688510,200.14103352578405,200.36341487827525,200.0556405985288,200.2460242842816,6727532.434507506
2025-11-11 20:59:57.688510,200.2460242842816,200.28169062298335,200.09646763614776,200.13817472776833,9728787.90642268
2025-11-11 21:00:57.688510,200.13817472776833,200.21306493005716,199.9465826395344,200.0893003598091,2711292.5599053185
2025-11-11 21:01:57.688510,200.0893003598091,200.17058166483065,199.9568619852769,200.06925948137592,4368702.300870574
2025-11-11 21:02:57.688510,200.06925948137592,200.23846431879096,199.81666111385297,199.94414893256445,4413956.691338417
2025-11-11 21:03:57.688510,199.94414893256445,200.01768573490276,199.85351155774708,200.00401915088995,4109060.9616609416
2025-11-11 21:04:57.688510,200.00401915088995,200.11779604056136,199.8253191850603,200.03384180041766,1240038.230352121
2025-11-11 21:05:57.688510,200.03384180041766,200.08727199402367,199.87130508450824,199.8965061287945,3329667.421346457
2025-11-11 21:06:57.688510,199.8965061287945,200.0660183892699,199.82734769300527,199.87890905954598,10738560.153716536
2025-11-11 21:07:57.688510,199.87890905954598,200.0777303487916,199.72776311954797,199.9634148903175,6317632.472978244
2025-11-11 21:08:57.688510,199.9634148903175,200.00271067262105,199.640750174325,199.7917274844462,4166598.0623494405
2025-11-11 21:09:57.688510,199.7917274844462,199.86222355320183,199.6405006570056,199.67311218269367,3228213.9224967174
2025-11-11 21:10:57.688510,199.67311218269367,199.9220499482355,199.57549052623273,199.7480776577514,6527242.772560214
2025-11-11 21:11:57.688510,199.7480776577514,199.919586608841,199.50445127373365,199.67639591411893,4927714.849686776
2025-11-11 21:12:57.688510,199.67639591411893,199.6864348221076,199.3956037825731,199.58359684154667,6110057.319854964
2025-11-11 21:13:57.688510,199.58359684154667,199.74611547292915,199.4692601238911,199.6561416305915,5210334.518760847
2025-11-11 21:14:57.688510,199.6561416305915,199.86112248828658,199.49734681840965,199.81705584152164,5572168.005328613
2025-11-11 21:15:57.688510,199.81705584152164,199.87429794125376,199.59355988707753,199.67603188749214,10024394.787476065
2025-11-11 21:16:57.688510,199.67603188749214,200.02299825387706,199.60882360662018,199.8583027814974,5983513.516289803
2025-11-11 21:17:57.688510,199.8583027814974,200.15043634234254,199.832153654851,200.03588987503636,3820657.4822967094
2025-11-11 21:18:57.688510,200.03588987503636,200.2154466862282,199.91916722849194,199.99597884553893,2012210.2755390871
2025-11-11 21:19:57.688510,199.99597884553893,200.0144457600248,199.75557233145472,199.9090313114023,8258307.308875063
2025-11-11 21:20:57.688510,199.9090313114023,200.188244238669,199.8094780626126,200.0143190473798,9831218.787905723
2025-11-11 21:21:57.688510,200.0143190473798,200.08640154075712,199.9635307722983,200.0291297779143,2846443.418726551
2025-11-11 21:22:57.688510,200.0291297779143,200.23178131784562,199.9864145330806,200.13843575936193,1977227.9991644467
2025-11-11 21:23:57.688510,200.13843575936193,200.28051811480145,199.96067251085682,200.17188367472082,4588691.504169789
2025-11-11 21:24:57.688510,200.17188367472082,200.31208443378696,200.09232577193583,200.22902019069883,4521201.935095764
2025-11-11 21:25:57.688510,200.22902019069883,200.47497899186362,200.0782090750199,200.3112277431841,9514671.4339352
2025-11-11 21:26:57.688510,200.3112277431841,200.5470534311507,200.19572130329274,200.40374097352955,8925562.781830726
2025-11-11 21:27:57.688510,200.40374097352955,200.47499104969222,200.1196474007779,200.2564477873918,3976140.6144690234
2025-11-11 21:28:57.688510,200.2564477873918,200.51314749237952,200.15353568633907,200.47174194694813,10303600.703852538
2025-11-11 21:29:57.688510,200.47174194694813,200.6049863966517,200.2756004536833,200.5479040434579,3618141.8484782176
2025-11-11 21:30:57.688510,200.5479040434579,200.76321748142078,200.45445914930693,200.5804218653579,5668870.1293478105
2025-11-11 21:31:57.688510,200.5804218653579,200.66231166504517,200.45138071261206,200.63964831080716,10908212.224355485
2025-11-11 21:32:57.688510,200.63964831080716,200.74164849699167,200.53967664424982,200.69436992581157,1868887.4052475775
2025-11-11 21:33:57.688510,200.69436992581157,200.81678304058372,200.47512425400964,200.5768052325462,3393628.51974842
2025-11-11 21:34:57.688510,200.5768052325462,200.579499336962,200.2408153308158,200.31185464770925,4930491.153325571
2025-11-11 21:35:57.688510,200.31185464770925,200.47633659800226,200.13148205274155,200.32805234371628,7238437.871449493
2025-11-11 21:36:57.688510,200.32805234371628,200.51085932200854,200.18650688822362,200.3382193330669,9185321.623738103
2025-11-11 21:37:57.688510,200.3382193330669,200.4209587867029,200.2942124764104,200.3150103547988,6531735.300304962
2025-11-11 21:38:57.688510,200.3150103547988,200.45020310854048,200.1776996112038,200.19693125820245,3655398.430854627
2025-11-11 21:39:57.688510,200.19693125820245,200.30777829097173,199.98972639156472,200.1541128435938,5217245.653282492
2025-11-11 21:40:57.688510,200.1541128435938,200.33641622948429,200.07850296210447,200.1103759458837,2784324.223300859
2025-11-11 21:41:57.688510,200.1103759458837,200.243981082168,199.90736580738073,200.04431669352505,12913459.783553788
2025-11-11 21:42:57.688510,200.04431669352505,200.3145330489408,199.963456203986,200.1561743222641,5435938.7402626285
2025-11-11 21:43:57.688510,200.1561743222641,200.37765424997778,200.15368225468094,200.29660530746702,12547161.130162895
2025-11-11 21:44:57.688510,200.29660530746702,200.35556436869177,200.1409440802134,200.3163614204143,16624211.943799853
2025-11-11 21:45:57.688510,200.3163614204143,200.50977681429495,200.21977692309062,200.28001448726545,5883970.5763362935
2025-11-11 21:46:57.688510,200.28001448726545,200.51315775476218,200.17309865906756,200.38322328176372,4066358.8944342732
2025-11-11 21:47:57.688510,200.38322328176372,200.52112833753898,200.1882840822388,200.3049942995391,3743218.5477137994
2025-11-11 21:48:57.688510,200.3049942995391,200.3421943409356,200.29727211602358,200.33672523480735,7128831.167591863
2025-11-11 21:49:57.688510,200.33672523480735,200.53170344951076,200.30695764629777,200.3110805187179,2777220.6061596675
2025-11-11 21:50:57.688510,200.3110805187179,200.3787874093639,200.24507062305636,200.31037060707752,6173422.066623951
2025-11-11 21:51:57.688510,200.31037060707752,200.36292406019308,200.2235471191528,200.33308304942216,10644119.889945421
2025-11-11 21:52:57.688510,200.33308304942216,200.5521838808331,200.3202615395316,200.3722914947956,7216636.901492869
2025-11-11 21:53:57.688510,200.3722914947956,200.4097943788618,200.2959929845172,200.359206975381,4429736.499902765
2025-11-11 21:54:57.688510,200.359206975381,200.636222267828,200.22458659991202,200.52659780905782,6098406.319179916
2025-11-11 21:55:57.688510,200.52659780905782,200.61985058778492,200.41704283019266,200.49603359894684,6562025.760317034
2025-11-11 21:56:57.688510,200.49603359894684,200.68772587961476,200.31337079777893,200.46357848843851,5916068.254659848
2025-11-11 21:57:57.688510,200.46357848843851,200.63898459855977,200.18680940384203,200.3362766683148,2385422.6101842527
2025-11-11 21:58:57.688510,200.3362766683148,200.37663977544295,200.11641747528034,200.31446395408926,4577234.495696428
2025-11-11 21:59:57.688510,200.31446395408926,200.4662506089212,200.08620947454943,200.20491179592625,5348663.088862847
2025-11-11 22:00:57.688510,200.20491179592625,200.34953592716786,199.9300469402796,199.97312882737262,13801340.225236345
2025-11-11 22:01:57.688510,199.97312882737262,200.15745432252345,199.88159434047301,199.9015048166838,10516792.667633047
2025-11-11 22:02:57.688510,199.9015048166838,199.94566364886498,199.6522946001088,199.84541800058201,10525127.292805105
2025-11-11 22:03:57.688510,199.84541800058201,199.87532196461316,199.82128141688187,199.87423296607165,10585874.235010399
2025-11-11 22:04:57.688510,199.87423296607165,200.1332762733547,199.72019559465835,200.05329823293042,9294513.55205338
2025-11-11 22:05:57.688510,200.05329823293042,200.15467093975855,200.0255934380411,200.0547864989019,9171354.252463773
2025-11-11 22:06:57.688510,200.0547864989019,200.10903113584104,199.79998879930366,199.98764729093656,6838387.081768619
2025-11-11 22:07:57.688510,199.98764729093656,200.15222303107757,199.85979239172104,200.04519059881895,7953209.105382933
2025-11-11 22:08:57.688510,200.04519059881895,200.0529746174683,199.8665108931926,200.0518929054976,8503136.97490728
2025-11-11 22:09:57.688510,200.0518929054976,200.26092669048606,200.05090952408978,200.0952173281839,11725468.565955093
2025-11-11 22:10:57.688510,200.0952173281839,200.11480082293468,199.79857625438189,199.8735191396638,10745362.436353907
2025-11-11 22:11:57.688510,199.8735191396638,199.88781672327121,199.6381526047692,199.8267000070566,7735829.090865659
2025-11-11 22:12:57.688510,199.8267000070566,200.18202368798163,199.6566864604443,199.9973507118839,10523841.246719548
2025-11-11 22:13:57.688510,199.9973507118839,200.11858111070228,199.8699220293736,199.892631233506,3501770.053119548
2025-11-11 22:14:57.688510,199.892631233506,200.02994930137893,199.68259533573956,199.8021701920166,2853254.973262012
2025-11-11 22:15:57.688510,199.8021701920166,199.92096500198392,199.7156978695209,199.83038761210915,14548794.919771688
2025-11-11 22:16:57.688510,199.83038761210915,199.894783306937,199.6556490082744,199.89437215461516,2987862.6266024485
2025-11-11 22:17:57.688510,199.89437215461516,200.0919747101796,199.88457445565697,199.90849899464877,1953208.336092298
2025-11-11 22:18:57.688510,199.90849899464877,200.06031254369765,199.81296285735164,199.99371527504613,2592201.0222209957
2025-11-11 22:19:57.688510,199.99371527504613,200.0917390660341,199.68807450813136,199.8310758055784,3093448.893537383
2025-11-11 22:20:57.688510,199.8310758055784,200.03036014028118,199.66338230630103,199.78082111257038,3552207.830661411
2025-11-11 22:21:57.688510,199.78082111257038,199.94036461506704,199.51140461240954,199.6441536208649,8798468.54601998
2025-11-11 22:22:57.688510,199.6441536208649,199.8174234352508,197.77209152600872,197.88468170772552,5815207.511492885
2025-11-11 22:23:57.688510,197.88468170772552,198.00581255719075,197.8782106626603,197.89672179844598,8797483.963062359
2025-11-11 22:24:57.688510,197.89672179844598,197.9123044492416,197.8730292610745,197.88486842849085,3656412.417733806
2025-11-11 22:25:57.688510,197.88486842849085,198.28925500061874,197.86814849073022,198.1450408619152,15613837.269573227
2025-11-11 22:26:57.688510,198.1450408619152,198.18857718032106,198.1039486017352,198.1567088898096,9541140.268440379
2025-11-11 22:27:57.688510,198.1567088898096,198.1868621906253,197.91041802188636,197.97064545440995,2000988.7252134632
2025-11-11 22:28:57.688510,197.97064545440995,198.10792808962606,197.94755296934386,198.04858447853618,2491700.4347791686
2025-11-11 22:29:57.688510,198.04858447853618,198.0876668303199,197.85212089560983,198.04424386838258,9074064.884949524
2025-11-11 22:30:57.688510,198.04424386838258,198.12152617468033,197.843306984002,197.9920929965666,2622561.311147389
2025-11-11 22:31:57.688510,197.9920929965666,198.0837266993696,197.97989125738562,197.9945855519062,12612267.264777243
2025-11-11 22:32:57.688510,197.9945855519062,198.10911355602218,197.94364160657523,198.01177089506479,4228663.373680625
2025-11-11 22:33:57.688510,198.01177089506479,198.06786488412124,197.89299675009863,198.0413797455284,10270953.084852975
2025-11-11 22:34:57.688510,198.0413797455284,198.27172501686798,197.90458212795468,198.20524526078273,4247928.408066887
2025-11-11 22:35:57.688510,198.20524526078273,198.29380549720617,197.97154006292266,198.0539655896701,5072188.863844501
2025-11-11 22:36:57.688510,198.0539655896701,198.14643104446324,197.89524298884925,197.98094902009595,4852377.006317252
2025-11-11 22:37:57.688510,197.98094902009595,198.1114825666542,197.8841385851451,197.94010000278146,4319923.936461097
2025-11-11 22:38:57.688510,197.94010000278146,198.24312306110045,197.76623177345644,198.1379265027046,5817182.229397844
2025-11-11 22:39:57.688510,198.1379265027046,198.2675890000283,197.90978809630434,198.0454039572701,4091201.9877207833
2025-11-11 22:40:57.688510,198.0454039572701,198.1037628911227,197.99058804873175,198.1010601744684,2362433.5971398004
2025-11-11 22:41:57.688510,198.1010601744684,198.11448351187067,198.03738643105564,198.06856149938548,5459824.631194734
2025-11-11 22:42:57.688510,198.06856149938548,198.24269430146416,197.9825619795084,198.09349153141335,3043902.127729029
2025-11-11 22:43:57.688510,198.09349153141335,198.24510527499734,198.0218057923933,198.10039814318884,6257157.053983371
2025-11-11 22:44:57.688510,198.10039814318884,198.42791202048764,198.04205208207495,198.28153314660088,5670401.882535774
2025-11-11 22:45:57.688510,198.28153314660088,198.32106491129386,198.2582210166581,198.28563697199272,8208382.1017668275
2025-11-11 22:46:57.688510,198.28563697199272,198.53864841513052,198.18468046234227,198.38274468808703,5336106.557944484
2025-11-11 22:47:57.688510,198.38274468808703,198.58017641331003,198.26567500592196,198.39776061262123,8341528.701195448
2025-11-11 22:48:57.688510,198.39776061262123,198.58408973222964,198.3257536476888,198.43980965371225,3661073.7365432554
2025-11-11 22:49:57.688510,198.43980965371225,198.53909322311685,198.35686109241448,198.44166046084987,6723101.964290076
2025-11-11 22:50:57.688510,198.44166046084987,198.69959728327564,198.3991742861566,198.50128257803792,2861088.211277273
2025-11-11 22:51:57.688510,198.50128257803792,198.65720403875147,198.39923579421463,198.52517061799892,10491547.811055582
2025-11-11 22:52:57.688510,198.52517061799892,198.74761746538582,198.4289540195941,198.583989543378,10117984.64329962
2025-11-11 22:53:57.688510,198.583989543378,198.71252008306342,198.35964218900037,198.54301541369242,2580463.993868401
2025-11-11 22:54:57.688510,198.54301541369242,198.7175828466119,198.45216740792435,198.58445597897935,7759665.487158427
2025-11-11 22:55:57.688510,198.58445597897935,198.79244003680668,198.41028824906854,198.64628422823134,3300606.0305413343
2025-11-11 22:56:57.688510,198.64628422823134,198.6747670299971,198.33934486256197,198.4460731665671,6785106.916469524
2025-11-11 22:57:57.688510,198.4460731665671,198.53046396997988,198.18655968148605,198.29514788904214,5052332.571502921
2025-11-11 22:58:57.688510,198.29514788904214,198.4772481259328,198.05850728413395,198.25512984585853,8392032.275205119
2025-11-11 22:59:57.688510,198.25512984585853,198.57541508959864,198.09576497621708,198.41116668685976,10054083.125483662
2025-11-11 23:00:57.688510,198.41116668685976,198.63273705499088,198.2736792574481,198.46982920653178,9280951.947859531
2025-11-11 23:01:57.688510,198.46982920653178,198.7053154003387,198.3865290449725,198.52517390634665,3683834.9815911357
2025-11-11 23:02:57.688510,198.52517390634665,198.54952875997452,198.4920451390571,198.50877832229176,5641026.339055925
2025-11-11 23:03:57.688510,198.50877832229176,198.62974030308956,198.34396987246117,198.5302757875967,4375360.475628846
2025-11-11 23:04:57.688510,198.5302757875967,198.6841241371622,198.37776388440057,198.52008717787749,4415293.603408975
2025-11-11 23:05:57.688510,198.52008717787749,198.7313140562006,198.4233207300148,198.60144697000675,7211072.090856256
2025-11-11 23:06:57.688510,198.60144697000675,198.62113619643446,198.4860530886323,198.58074118385815,5377369.416311066
2025-11-11 23:07:57.688510,198.58074118385815,198.82171754196924,198.40950033775604,198.6273737690485,7934965.350667971
2025-11-11 23:08:57.688510,198.6273737690485,198.7792160147338,198.4675425771666,198.62097988024485,9400484.763702739
2025-11-11 23:09:57.688510,198.62097988024485,198.65687189930853,198.3848047393289,198.47870254546868,7598556.979470764
2025-11-11 23:10:57.688510,198.47870254546868,198.50485778205052,198.3331248283521,198.37656975170046,16477119.88546672
2025-11-11 23:11:57.688510,198.37656975170046,198.38269848307198,198.26809684136077,198.27706817167478,9767540.173101483
2025-11-11 23:12:57.688510,198.27706817167478,198.4296864082633,198.21793614179128,198.30517043595427,3894570.6426658593
2025-11-11 23:13:57.688510,198.30517043595427,198.53793708768399,198.16177668557208,198.3851700544953,5766017.744464312
2025-11-11 23:14:57.688510,198.3851700544953,198.39295031241423,198.15224422755992,198.2547740665803,5532234.363313165
2025-11-11 23:15:57.688510,198.2547740665803,198.27312413672806,198.15858724755333,198.18673064633882,3210519.555973638
2025-11-11 23:16:57.688510,198.18673064633882,198.39575562321284,198.14949868308125,198.2622445793118,3015902.619573631
2025-11-11 23:17:57.688510,198.2622445793118,198.31242687781923,197.9983533956279,198.12524740432536,5153790.890653227
2025-11-11 23:18:57.688510,198.12524740432536,198.14198751080636,197.92280658728197,198.03877856558043,7149498.055196187
2025-11-11 23:19:57.688510,198.03877856558043,198.1829303183704,197.73939447520308,197.8821440320139,4920732.693920633
2025-11-11 23:20:57.688510,197.8821440320139,197.93307933664107,197.83152126041554,197.83225333521804,5179476.457113485
2025-11-11 23:21:57.688510,197.83225333521804,198.06596862869355,197.81785482178083,197.90875932384634,8391212.225809561
2025-11-11 23:22:57.688510,197.90875932384634,197.994782565843,197.73219707675545,197.88896614783565,7137659.594513743
2025-11-11 23:23:57.688510,197.88896614783565,198.03519807735856,197.88076223759788,197.90218995786307,4045802.2678831057
2025-11-11 23:24:57.688510,197.90218995786307,198.06910428973558,197.84705689571945,197.92716702323986,3251775.1920271376
2025-11-11 23:25:57.688510,197.92716702323986,197.98407203970612,197.92440076592453,197.95813667883857,4257745.215049509
2025-11-11 23:26:57.688510,197.95813667883857,198.10524353004996,197.84643648532304,197.96994453881453,2700846.905066523
2025-11-11 23:27:57.688510,197.96994453881453,198.09183260781307,197.75766033385133,197.9157530277427,9231859.209307725
2025-11-11 23:28:57.688510,197.9157530277427,198.1517446547355,197.80467678214433,197.96804916568178,7614981.739735244
2025-11-11 23:29:57.688510,197.96804916568178,198.07566040008604,197.7790034905837,197.97640908626735,4130347.2844777433
2025-11-11 23:30:57.688510,197.97640908626735,198.15822071955722,197.79254317823597,198.01817251185844,10890275.532839635
2025-11-11 23:31:57.688510,198.01817251185844,198.23665103577605,197.955996578725,198.17618713559568,1289918.670751424
2025-11-11 23:32:57.688510,198.17618713559568,198.47103402763727,198.16306400280416,198.3083968495269,5090427.501181203
2025-11-11 23:33:57.688510,198.3083968495269,198.49004631033307,198.1457446044681,198.25936839633496,4383012.424290044
2025-11-11 23:34:57.688510,198.25936839633496,198.26457630015636,197.96966879867392,198.1341898668799,4185722.802583137
2025-11-11 23:35:57.688510,198.1341898668799,198.19667816431067,197.9461907228702,198.0485180949735,3270425.2418837557
2025-11-11 23:36:57.688510,198.0485180949735,198.08792173051023,198.0074751464467,198.01620662128454,6196912.72425783
2025-11-11 23:37:57.688510,198.01620662128454,198.161938380155,197.82716135262126,198.10728987481434,4950270.995152477
2025-11-11 23:38:57.688510,198.10728987481434,198.24424417771323,198.03436463085228,198.08909714220158,7958252.183535438
2025-11-11 23:39:57.688510,198.08909714220158,198.15498371109348,197.98535297837623,198.1448207292351,4798143.7953029685
2025-11-11 23:40:57.688510,198.1448207292351,198.32322364630068,198.04329383356466,198.26619118434215,3097984.1223481195
2025-11-11 23:41:57.688510,198.26619118434215,198.4599521863337,198.22054704812402,198.26418262627982,4599458.309740818
2025-11-11 23:42:57.688510,198.26418262627982,198.3654075495916,198.0666341590708,198.23535539786428,12231112.13250979
2025-11-11 23:43:57.688510,198.23535539786428,198.63395281029185,198.1014028313125,198.48995447489918,16423651.975403875
2025-11-11 23:44:57.688510,198.48995447489918,198.66842168175705,198.42527354050117,198.5842427374968,3317095.991279868
2025-11-11 23:45:57.688510,198.5842427374968,198.70849740159713,198.42213135403924,198.5908921195858,5268159.046523716
2025-11-11 23:46:57.688510,198.5908921195858,198.69262879377905,198.44946030335223,198.5118247386458,7122086.189344393
2025-11-11 23:47:57.688510,198.5118247386458,198.6666385212608,198.49557165495222,198.66656549928592,3499921.0522258
2025-11-11 23:48:57.688510,198.66656549928592,198.73952190213157,198.6568158773107,198.69434237416903,4315968.584437901
2025-11-11 23:49:57.688510,198.69434237416903,198.79312569288064,198.68227432539513,198.75717769443804,4102450.2528214515
2025-11-11 23:50:57.688510,198.75717769443804,198.75987604615713,198.64383314685884,198.70434374924614,7472735.01017216
2025-11-11 23:51:57.688510,198.70434374924614,198.97815311989834,198.69670552225625,198.78116006304379,6443756.385832348
2025-11-11 23:52:57.688510,198.78116006304379,199.0373276237082,198.76713706526346,198.87145415411106,9257968.332066815
2025-11-11 23:53:57.688510,198.87145415411106,199.0127025114042,198.78273262266535,198.78855063940392,4265429.854807266
2025-11-11 23:54:57.688510,198.78855063940392,198.90618473051964,198.6861010797734,198.80637897131174,4946826.995786748
2025-11-11 23:55:57.688510,198.80637897131174,198.86118054505692,198.5895144969282,198.75906857084354,8015004.779815862
2025-11-11 23:56:57.688510,198.75906857084354,198.7859872560224,198.59505195989553,198.76460073153248,8158867.318782032
2025-11-11 23:57:57.688510,198.76460073153248,198.8967474654917,198.6244443318892,198.6974803054833,2510811.0469919774
2025-11-11 23:58:57.688510,198.6974803054833,198.78469947857803,198.56369666348004,198.69666877516786,4516777.288162753
2025-11-11 23:59:57.688510,198.69666877516786,198.7946835084802,198.5590746474956,198.74234864089902,13156421.268926702
2025-11-12 00:00:57.688510,198.74234864089902,199.053111402049,198.58075067026,198.92894207008,8840361.471394338
2025-11-12 00:01:57.688510,198.92894207008,198.95447554916285,198.65893132672534,198.77286379346526,5064461.289087007
2025-11-12 00:02:57.688510,198.77286379346526,198.84354096078755,198.66772907504392,198.84064390227047,10981874.071557289
2025-11-12 00:03:57.688510,198.84064390227047,198.9904887519792,198.67514271635983,198.68934892021994,4626321.968920802
2025-11-12 00:04:57.688510,198.68934892021994,198.79367664019043,198.62672579659704,198.69264965388703,6139890.018297675
2025-11-12 00:05:57.688510,198.69264965388703,198.8692475264087,198.68697625409942,198.73198694142226,8972663.837165115
2025-11-12 00:06:57.688510,198.73198694142226,198.93496823558723,198.57991011640573,198.82156691787824,5616841.494692779
2025-11-12 00:07:57.688510,198.82156691787824,198.84938161844093,198.75628715512164,198.83548230690909,6729109.37631835
2025-11-12 00:08:57.688510,198.83548230690909,198.91082338192524,198.71565167328004,198.80363244224708,5888860.356786255
2025-11-12 00:09:57.688510,198.80363244224708,198.9858856178845,198.7762142608756,198.82761899361938,4991850.059688016
2025-11-12 00:10:57.688510,198.82761899361938,198.86885903479876,198.64512058519358,198.82234743889006,7220198.795902003
2025-11-12 00:11:57.688510,198.82234743889006,198.83888394143304,198.6205038381493,198.70109850314532,5052994.864460085
2025-11-12 00:12:57.688510,198.70109850314532,198.8605354157075,198.6876256388304,198.80825407334657,6009410.887633552
2025-11-12 00:13:57.688510,198.80825407334657,198.81718261602686,198.67453464176762,198.7318346150424,4506709.664330624
2025-11-12 00:14:57.688510,198.7318346150424,198.78107174711795,198.5035843892261,198.63156688653848,4866642.651439057
2025-11-12 00:15:57.688510,198.63156688653848,198.6386743126453,198.47614474719626,198.56729914810936,4397045.09197684
2025-11-12 00:16:57.688510,198.56729914810936,198.73263232977183,198.35315689474194,198.51056235867512,5885005.410498618
2025-11-12 00:17:57.688510,198.51056235867512,198.55273713034288,198.34712271100335,198.50247825207842,8832210.234326242
2025-11-12 00:18:57.688510,198.50247825207842,198.56432162996617,198.29012562740698,198.42831894559495,4461603.3286959855
2025-11-12 00:19:57.688510,198.42831894559495,198.48526611918876,198.28418799562428,198.32526496285203,8354663.33102416
2025-11-12 00:20:57.688510,198.32526496285203,198.4657237161711,198.23897691328787,198.27239086038892,7389853.147199223
2025-11-12 00:21:57.688510,198.27239086038892,198.41768978914547,198.14443101781097,198.31117104062292,4719704.006128262
2025-11-12 00:22:57.688510,198.31117104062292,198.51706620883286,198.11302195244357,198.45224002514618,2565212.5026129587
2025-11-12 00:23:57.688510,198.45224002514618,198.5017149857832,198.28856486140455,198.33655132683822,8842370.713660931
2025-11-12 00:24:57.688510,198.33655132683822,198.49886598009905,198.1667131938007,198.32386090467696,3630057.6002751775
2025-11-12 00:25:57.688510,198.32386090467696,198.49609273880822,198.1006149683249,198.13124432020604,2830416.779659567
2025-11-12 00:26:57.688510,198.13124432020604,198.18862076509618,197.98475599225293,198.17296937808598,5535954.659977648
2025-11-12 00:27:57.688510,198.17296937808598,198.32390885274975,198.12775125286834,198.28388470918856,2997974.516249642
2025-11-12 00:28:57.688510,198.28388470918856,198.47727635178242,198.20866487827095,198.29446367966597,7536790.872059561
2025-11-12 00:29:57.688510,198.29446367966597,198.3714129827466,198.0329660850661,198.0845185292509,5594876.553503668
2025-11-12 00:30:57.688510,198.0845185292509,198.2346568905858,197.8979952185857,198.17482373667994,3160907.611803321
2025-11-12 00:31:57.688510,198.17482373667994,198.36829597192457,197.85793390110362,198.04881856400357,4262014.959479592
2025-11-12 00:32:57.688510,198.04881856400357,198.2228278978542,197.9865927636897,198.12187167545787,3280036.0177867496
2025-11-12 00:33:57.688510,198.12187167545787,198.21345449020086,197.99935783319535,198.09347294059404,3579697.4928892287
2025-11-12 00:34:57.688510,198.09347294059404,198.24472245270104,198.01981194070603,198.08439461493947,3733572.3709504344
2025-11-12 00:35:57.688510,198.08439461493947,198.25999267402176,197.95258067505432,198.1677768113481,11697160.21192551
2025-11-12 00:36:57.688510,198.1677768113481,198.34120690196363,198.1017662053169,198.2489642883091,4146779.7660760134
2025-11-12 00:37:57.688510,198.2489642883091,198.3682071574567,198.0250521310149,198.16128320806254,4713282.478954929
2025-11-12 00:38:57.688510,198.16128320806254,198.19928009157456,198.11087406729874,198.12572521708577,4050280.2623121184
2025-11-12 00:39:57.688510,198.12572521708577,198.18922198519206,198.0757892825075,198.17984421709764,3732744.4928688863
2025-11-12 00:40:57.688510,198.17984421709764,198.31680400367665,198.09745382750384,198.15631831375012,11799611.320808996
2025-11-12 00:41:57.688510,198.15631831375012,198.18298943259873,198.09204411356848,198.1716609592521,3623362.7212922233
2025-11-12 00:42:57.688510,198.1716609592521,198.18052577518569,197.98765932876842,198.09462585246857,6118886.580256647
2025-11-12 00:43:57.688510,198.09462585246857,198.1400864885721,197.938466279624,198.01506436397014,5651899.358122922
2025-11-12 00:44:57.688510,198.01506436397014,198.1291477371591,197.8416239355267,198.0182051556658,10101815.752655942
2025-11-12 00:45:57.688510,198.0182051556658,198.16243353442204,197.84965451573962,198.0132224663681,6307583.814652601
2025-11-12 00:46:57.688510,198.0132224663681,198.1452173902232,197.93649772152068,198.04856072144295,5166798.048213542
2025-11-12 00:47:57.688510,198.04856072144295,198.13600250393932,197.78449538293418,197.83615551739396,2855855.4953639274
2025-11-12 00:48:57.688510,197.83615551739396,197.98063871930975,197.70421354473115,197.95199568305847,12548363.796680972
2025-11-12 00:49:57.688510,197.95199568305847,198.04760105182376,197.89738811499927,198.01574373066035,5594023.02771082
2025-11-12 00:50:57.688510,198.01574373066035,198.14279219488043,197.96410005990268,198.02503657188095,4091130.8208715683
2025-11-12 00:51:57.688510,198.02503657188095,198.07887661153777,197.83557244385585,198.06764636005104,7232030.784989447
2025-11-12 00:52:57.688510,198.06764636005104,198.1659009361517,197.94072900995437,198.02267097223836,3199735.3707437366
2025-11-12 00:53:57.688510,198.02267097223836,198.2155459140866,197.83378153820564,198.02550558410323,7228294.176365174
2025-11-12 00:54:57.688510,198.02550558410323,198.22308849288652,198.00753895754855,198.05614929717146,6064718.358363775
2025-11-12 00:55:57.688510,198.05614929717146,198.20060583521126,197.9319385987525,198.13214773136485,6048146.86792915
2025-11-12 00:56:57.688510,198.13214773136485,198.1328099259437,197.82831788859244,197.9427891946026,15985648.850351576
2025-11-12 00:57:57.688510,197.9427891946026,198.12599900067838,197.87069768129444,198.05125052796842,4908102.370289415
2025-11-12 00:58:57.688510,198.05125052796842,198.21318985982532,197.7622034515952,197.77379122785436,4850982.558561402
2025-11-12 00:59:57.688510,197.77379122785436,197.95779401633877,197.57767225225845,197.732520791129,7858353.273741327
2025-11-12 01:00:57.688510,197.732520791129,197.96569150683695,197.7104089381038,197.7765432462023,4246538.466862963
2025-11-12 01:01:57.688510,197.7765432462023,197.9380483682596,197.42396742656572,197.57190642586372,6371376.031510555
2025-11-12 01:02:57.688510,197.57190642586372,197.82751519195637,197.44699967939502,197.68537626944786,2585256.1174988723
2025-11-12 01:03:57.688510,197.68537626944786,197.846769127579,197.60446050332888,197.6574282860543,5157328.776200732
2025-11-12 01:04:57.688510,197.6574282860543,197.87272603708078,197.4979514570505,197.71244442940062,4020869.963766813
2025-11-12 01:05:57.688510,197.71244442940062,197.86659684613704,197.6046130925819,197.7876801347553,4977396.033932968
2025-11-12 01:06:57.688510,197.7876801347553,197.9248811569804,197.72881611991485,197.81661695908903,7616147.027439486
2025-11-12 01:07:57.688510,197.81661695908903,197.9187744199826,197.72375967607755,197.7832168554889,1737777.890185897
2025-11-12 01:08:57.688510,197.7832168554889,197.815585282164,197.56461466367878,197.6855069442854,2828628.175738005
2025-11-12 01:09:57.688510,197.6855069442854,198.00365666703453,197.6110568471759,197.82445608449362,6437101.993786277
2025-11-12 01:10:57.688510,197.82445608449362,198.11021816637836,197.67583691637083,197.95404661582538,4048074.903070219
2025-11-12 01:11:57.688510,197.95404661582538,198.076623258852,197.84817907836643,197.9546587422285,5415490.089367659
2025-11-12 01:12:57.688510,197.9546587422285,198.1466889422693,197.6489472508883,197.7581706030806,10252521.531217774
2025-11-12 01:13:57.688510,197.7581706030806,197.8129624852373,197.7143036238999,197.7680426083859,6279406.497010116
2025-11-12 01:14:57.688510,197.7680426083859,197.99464538027945,197.7678717588194,197.802510048514,5655790.844865717
2025-11-12 01:15:57.688510,197.802510048514,197.91029987228185,197.62359225295648,197.87571735484886,6418111.049945678
2025-11-12 01:16:57.688510,197.87571735484886,198.0937327720593,197.8567740995913,197.9469138819496,8552808.407150522
2025-11-12 01:17:57.688510,197.9469138819496,198.01334480088587,197.88721881616078,197.90978678501762,4910738.138025173
2025-11-12 01:18:57.688510,197.90978678501762,198.01038582219647,197.69441364339053,197.88049058463588,4337109.371196688
2025-11-12 01:19:57.688510,197.88049058463588,198.0480323058596,197.60534752066965,197.79450554023438,11081439.026517946
2025-11-12 01:20:57.688510,197.79450554023438,197.9705574302607,197.68079214538298,197.84369477906594,8136126.98357511
2025-11-12 01:21:57.688510,197.84369477906594,197.92440487809705,197.73287330972104,197.76537821742656,2986028.0354721793
2025-11-12 01:22:57.688510,197.76537821742656,197.84563923213298,197.6087534482754,197.70949202341325,2945055.7378935567
2025-11-12 01:23:57.688510,197.70949202341325,197.87980722938832,197.57522415193145,197.81981324098757,6779340.086758798
2025-11-12 01:24:57.688510,197.81981324098757,197.90754729447232,197.63916369513132,197.81721104481576,2470734.015451786
2025-11-12 01:25:57.688510,197.81721104481576,198.0632257356536,197.6766186842464,197.90549224818253,2061870.0668198958
2025-11-12 01:26:57.688510,197.90549224818253,197.93145461751934,197.64627882365704,197.7966513505006,6050343.480201792
2025-11-12 01:27:57.688510,197.7966513505006,197.9795184486525,197.78684561472525,197.819056141357,4230562.891928932
2025-11-12 01:28:57.688510,197.819056141357,197.924637923453,197.6893677633747,197.78863143221366,5553952.868168988
2025-11-12 01:29:57.688510,197.78863143221366,197.80251913486296,197.65857831779874,197.723015555192,7128256.056930347
2025-11-12 01:30:57.688510,197.723015555192,197.94372730832578,197.69640910421936,197.82213262803143,8812041.079716586
2025-11-12 01:31:57.688510,197.82213262803143,197.83064568951204,197.8027185093181,197.8127721616661,6919936.878844787
2025-11-12 01:32:57.688510,197.8127721616661,198.00924157299346,197.62512231547458,197.69491379686815,5862096.3953420045
2025-11-12 01:33:57.688510,197.69491379686815,197.86156121313758,197.54213337170842,197.67558995757017,14666557.057738772
2025-11-12 01:34:57.688510,197.67558995757017,198.0563428083468,197.65666351628764,197.87074134379068,4727892.679009755
2025-11-12 01:35:57.688510,197.87074134379068,197.94340648445458,197.6964414281483,197.92167740661654,6114634.695237956
2025-11-12 01:36:57.688510,197.92167740661654,198.07440055244174,197.7911406103144,197.9184023046148,5482140.51916984
2025-11-12 01:37:57.688510,197.9184023046148,198.02968282929362,197.60021462641498,197.73053955206112,2626558.3361733975
2025-11-12 01:38:57.688510,197.73053955206112,198.0220340362726,197.5524197763774,197.83694155672046,4147884.880946883
2025-11-12 01:39:57.688510,197.83694155672046,197.94381692279518,197.48560964757732,197.6682223433822,4230813.690140512
2025-11-12 01:40:57.688510,197.6682223433822,197.78033878471135,197.66112881829852,197.73670604555656,2994561.8042965154
2025-11-12 01:41:57.688510,197.73670604555656,197.77194323942888,197.73035647206038,197.74522800918953,6361692.543177424
2025-11-12 01:42:57.688510,197.74522800918953,197.90894141232616,197.58216192948174,197.80233867134086,6104421.790657689
2025-11-12 01:43:57.688510,197.80233867134086,197.87308221928026,197.67526582561058,197.82155302203392,12454863.899360145
2025-11-12 01:44:57.688510,197.82155302203392,197.84841035974588,197.58746360498597,197.6192497020236,4955703.298717931
2025-11-12 01:45:57.688510,197.6192497020236,197.71045765235093,197.5336692721494,197.6184416246748,7301675.371107172
2025-11-12 01:46:57.688510,197.6184416246748,197.78945697035562,197.40160663504764,197.52220174803787,27767290.370673485
2025-11-12 01:47:57.688510,197.52220174803787,197.6356053011793,197.25734966195807,197.45178293486563,8837160.451069174
2025-11-12 01:48:57.688510,197.45178293486563,197.49302885945247,197.1964762325257,197.3582878174544,3671667.502007138
2025-11-12 01:49:57.688510,197.3582878174544,197.5193968211983,197.20972005039172,197.43090851381473,8297667.502383513
2025-11-12 01:50:57.688510,197.43090851381473,197.61761896258437,197.20099565176963,197.35491131708338,2608498.0189673635
2025-11-12 01:51:57.688510,197.35491131708338,197.4713083837261,197.07432538172074,197.24575587024336,10316376.435339924
2025-11-12 01:52:57.688510,197.24575587024336,197.36573086054068,197.00750437762414,197.1891713258305,17068329.843336824
2025-11-12 01:53:57.688510,197.1891713258305,197.60947848104692,197.04982930691705,197.43621265645126,5815544.467743613
2025-11-12 01:54:57.688510,197.43621265645126,197.7372645126912,197.28729752122192,197.56994636706406,5657226.785817034
2025-11-12 01:55:57.688510,197.56994636706406,197.6394761849232,197.46796054673757,197.54867792111182,3257156.5853435798
2025-11-12 01:56:57.688510,197.54867792111182,197.74404374314804,197.48758245274905,197.5092458837551,12396227.321602281
2025-11-12 01:57:57.688510,197.5092458837551,197.7310273674881,197.47706717191002,197.6150889172807,3326611.116675264
2025-11-12 01:58:57.688510,197.6150889172807,197.71207270544795,197.4381708071665,197.5053458156803,3548480.6597697507
2025-11-12 01:59:57.688510,197.5053458156803,197.6439998408631,197.40754549784901,197.5196939201964,4824529.53088209
2025-11-12 02:00:57.688510,197.5196939201964,197.70987494085435,197.40271726212296,197.49811103318348,3314159.2206600048
2025-11-12 02:01:57.688510,197.49811103318348,197.81485548398234,197.3405804548503,197.62339076569168,3309301.627270439
2025-11-12 02:02:57.688510,197.62339076569168,197.70096403603762,197.49915103062395,197.58078922874967,2790580.2535388498
2025-11-12 02:03:57.688510,197.58078922874967,197.77108535039628,197.46343852101015,197.5756633168931,8540559.338358017
2025-11-12 02:04:57.688510,197.5756633168931,197.7165678190495,197.44881796039965,197.56405830369707,2327268.5959321796
2025-11-12 02:05:57.688510,197.56405830369707,197.79394909678396,197.4362902989536,197.68385678377604,11508996.387586769
2025-11-12 02:06:57.688510,197.68385678377604,197.84172911360332,197.56042626459333,197.65379224715974,7150313.0512205325
2025-11-12 02:07:57.688510,197.65379224715974,197.7142508349706,197.4011916665117,197.50848837211763,6189248.089039473
2025-11-12 02:08:57.688510,197.50848837211763,197.6896435634501,197.31650444972462,197.49226684070982,1726587.6979171361
2025-11-12 02:09:57.688510,197.49226684070982,197.60012047631906,197.24269795249765,197.39129380245893,4497602.596498272
2025-11-12 02:10:57.688510,197.39129380245893,197.57940564939187,197.30657674960196,197.41614584827602,7740879.873201321
2025-11-12 02:11:57.688510,197.41614584827602,197.44727364641946,197.1393100620663,197.31415491052837,11058542.039538993
2025-11-12 02:12:57.688510,197.31415491052837,197.49671934877978,197.04070469700218,197.16162481552857,5504909.373151729
2025-11-12 02:13:57.688510,197.16162481552857,197.1816775823703,197.12646904110179,197.17716344301823,1925949.4603518478
2025-11-12 02:14:57.688510,197.17716344301823,197.45060399956728,197.06808724050742,197.30255142443383,11492073.114467127
2025-11-12 02:15:57.688510,197.30255142443383,197.42631366337346,197.23534965989768,197.32924193900138,9404458.44797129
2025-11-12 02:16:57.688510,197.32924193900138,197.4394112754966,197.19146809630493,197.29654691119194,4742647.0673446255
2025-11-12 02:17:57.688510,197.29654691119194,197.46164290268655,197.14765088853045,197.4138159948041,2581125.1223562537
2025-11-12 02:18:57.688510,197.4138159948041,197.57647096380094,197.2637613003729,197.48967189327766,4625168.491284087
2025-11-12 02:19:57.688510,197.48967189327766,197.5668551679776,197.44566894726725,197.4635994093889,3610690.343660308
2025-11-12 02:20:57.688510,197.4635994093889,197.53960664017518,197.3430112688095,197.50351960516244,2012726.844974342
2025-11-12 02:21:57.688510,197.50351960516244,197.69855232888906,197.44243158063213,197.59113729416808,6933762.272625131
2025-11-12 02:22:57.688510,197.59113729416808,197.76207649496715,197.46291006449425,197.69757937564754,3957103.4797406187
2025-11-12 02:23:57.688510,197.69757937564754,197.9165143821665,197.61411125122518,197.74110957352147,7411377.946681656
2025-11-12 02:24:57.688510,197.74110957352147,197.97464757526726,197.59109432012963,197.79598775279558,4704143.438515866
2025-11-12 02:25:57.688510,197.79598775279558,197.92309104374328,197.6565401117405,197.7418206140883,2624916.711009925
2025-11-12 02:26:57.688510,197.7418206140883,197.81848114364084,197.5783338269587,197.6302639583643,5680229.356756907
2025-11-12 02:27:57.688510,197.6302639583643,197.8024509068235,197.4676432791127,197.48488601324738,3098835.3961173217
2025-11-12 02:28:57.688510,197.48488601324738,197.62918427903864,197.1954278155877,197.37856179037246,1819606.8387344491
2025-11-12 02:29:57.688510,197.37856179037246,197.41374851116487,197.23142762183815,197.40753057262896,5262920.847463935
2025-11-12 02:30:57.688510,197.40753057262896,197.45148133163786,197.29035390407478,197.38965124053234,4149292.0063985647
2025-11-12 02:31:57.688510,197.38965124053234,197.51735893317004,197.195561904283,197.24101132292856,4485987.317045235
2025-11-12 02:32:57.688510,197.24101132292856,197.36174515832957,196.9045671492019,197.07166552862154,5882681.507828996
2025-11-12 02:33:57.688510,197.07166552862154,197.33508511655725,196.97148280302446,197.2645077564274,4820553.771456234
2025-11-12 02:34:57.688510,197.2645077564274,197.35888145291827,197.22025006137847,197.25465288374858,4144523.007608145
2025-11-12 02:35:57.688510,197.25465288374858,197.3547669846398,197.2266256745783,197.3531197243101,7502677.370449403
2025-11-12 02:36:57.688510,197.3531197243101,197.4484454285595,194.95865335966113,195.1310250276817,5681378.922428772
2025-11-12 02:37:57.688510,195.1310250276817,195.18404632934715,195.01131000789115,195.0474696381158,5444919.085583939
2025-11-12 02:38:57.688510,195.0474696381158,195.059061173895,194.8335801663618,194.89948457224958,3437668.420335587
2025-11-12 02:39:57.688510,194.89948457224958,194.99805163125848,194.6044915165059,194.76931946430332,8525250.18708317
2025-11-12 02:40:57.688510,194.76931946430332,195.07980941877642,194.7271188088194,194.90676442407894,8573493.480689878
2025-11-12 02:41:57.688510,194.90676442407894,195.08928629822924,194.7335610700005,195.0008202543739,10117642.237539127
2025-11-12 02:42:57.688510,195.0008202543739,195.08720130742188,194.81863185721545,194.91468559156155,5680703.349164299
2025-11-12 02:43:57.688510,194.91468559156155,195.04520213560156,194.75005880930095,194.81936738415234,3121396.680509653
2025-11-12 02:44:57.688510,194.81936738415234,194.9809018573872,194.62021055548763,194.76832982089041,6209060.103811069
2025-11-12 02:45:57.688510,194.76832982089041,194.99143312156673,194.74927318048026,194.85285230862175,7215516.665483275
2025-11-12 02:46:57.688510,194.85285230862175,195.09063190190105,194.68866881296645,194.95133465774774,6494943.8506207345
2025-11-12 02:47:57.688510,194.95133465774774,195.00921613508402,194.6375760925856,194.76489624593898,4462285.311154398
2025-11-12 02:48:57.688510,194.76489624593898,194.93979417243233,194.51332582448853,194.69487253592507,4036278.276476606
2025-11-12 02:49:57.688510,194.69487253592507,194.9155320070057,194.55764835050542,194.78530614712466,3168927.8126159636
2025-11-12 02:50:57.688510,194.78530614712466,194.90809795909885,194.62319925275824,194.75263673143778,13036670.826436225
2025-11-12 02:51:57.688510,194.75263673143778,194.91211188356792,194.73929351237473,194.74223263939803,7305001.656352194
2025-11-12 02:52:57.688510,194.74223263939803,194.90439795433142,194.5581169264786,194.82212244465663,7027575.745251338
2025-11-12 02:53:57.688510,194.82212244465663,194.83394832390275,194.68069977875402,194.75013797534672,2650150.9948506886
2025-11-12 02:54:57.688510,194.75013797534672,194.80267167877696,194.4984453061975,194.57518779548158,4836283.861302849
2025-11-12 02:55:57.688510,194.57518779548158,194.59222437584197,194.50440011575517,194.5776201852004,10365720.37244756
2025-11-12 02:56:57.688510,194.5776201852004,194.6866643022679,194.4290500528961,194.4829424186702,6889826.464279985
2025-11-12 02:57:57.688510,194.4829424186702,194.73758911309625,194.34924258141868,194.596045520964,3993686.6232286454
2025-11-12 02:58:57.688510,194.596045520964,194.90433582347956,194.4506253681689,194.73209245299802,3366789.3401124333
2025-11-12 02:59:57.688510,194.73209245299802,194.77173468178256,194.5325564599672,194.66486495977617,4506417.598403914
2025-11-12 03:00:57.688510,194.66486495977617,194.7737531008089,194.5883388855345,194.6163253985896,8167636.642480294
2025-11-12 03:01:57.688510,194.6163253985896,194.75381008785664,194.47533250416316,194.48189399931277,3252707.957459587
2025-11-12 03:02:57.688510,194.48189399931277,194.62550234114747,194.42115442841344,194.62261842239215,3395215.4858909734
2025-11-12 03:03:57.688510,194.62261842239215,194.84152636042853,194.60651378212734,194.6729252247879,7345057.808662404
2025-11-12 03:04:57.688510,194.6729252247879,194.74711486083405,194.55645649465777,194.69973049753855,9763729.736608725
2025-11-12 03:05:57.688510,194.69973049753855,194.78459129256592,194.45797667283742,194.54380755384412,1442464.7221325904
2025-11-12 03:06:57.688510,194.54380755384412,194.8951573262169,194.53556349033923,194.74532697721028,7797555.379169294
2025-11-12 03:07:57.688510,194.74532697721028,194.8974338435954,194.63973266152934,194.85066356002122,3546217.5967764487
2025-11-12 03:08:57.688510,194.85066356002122,195.11474727634072,194.677133124912,194.93180829559364,10338288.853639938
2025-11-12 03:09:57.688510,194.93180829559364,194.94174559810338,194.79606363514583,194.87498935973687,2053125.8063944557
2025-11-12 03:10:57.688510,194.87498935973687,195.06520043760992,194.72186683186825,194.8758445898764,2197920.2371169217
2025-11-12 03:11:57.688510,194.8758445898764,195.13089500958617,194.7026083089696,194.94569960871814,3044519.281830989
2025-11-12 03:12:57.688510,194.94569960871814,195.04402270771558,194.8085438628325,194.92922124077296,3231091.17306858
2025-11-12 03:13:57.688510,194.92922124077296,195.15147043332504,194.82803564359457,194.97361068229958,5929561.624841862
2025-11-12 03:14:57.688510,194.97361068229958,195.1469360083346,194.80333349059458,194.85507671118026,4869669.62586126
2025-11-12 03:15:57.688510,194.85507671118026,194.891656431616,194.7856582218348,194.804455913698,3075214.222610133
2025-11-12 03:16:57.688510,194.804455913698,194.93964608323918,194.65020176194284,194.68438448110172,4731497.365963106
2025-11-12 03:17:57.688510,194.68438448110172,194.72811838230257,194.6009292966155,194.6394576208453,11111868.534366312
2025-11-12 03:18:57.688510,194.6394576208453,194.87510098292972,194.54975087796456,194.68793502006733,7872175.0307233045
2025-11-12 03:19:57.688510,194.68793502006733,194.93464000549076,194.53099137852902,194.78012323344026,4857188.714986948
2025-11-12 03:20:57.688510,194.78012323344026,195.13099037447222,194.61466595091886,195.03569350501385,5622257.709658779
2025-11-12 03:21:57.688510,195.03569350501385,195.11759501257993,194.9941696103842,195.02945371353263,3280685.8215717813
2025-11-12 03:22:57.688510,195.02945371353263,195.17413499377764,194.83668915489557,195.0124386826188,6534438.010363244
2025-11-12 03:23:57.688510,195.0124386826188,195.0271935170653,194.8963616778635,194.9724289236211,7457067.376328844
2025-11-12 03:24:57.688510,194.9724289236211,195.09756776248813,194.83905860074017,195.0017973117432,6209425.719841505
2025-11-12 03:25:57.688510,195.0017973117432,195.22868418209453,194.85164425835842,195.06697562645127,6801939.356916094
2025-11-12 03:26:57.688510,195.06697562645127,195.0680945982144,194.6655800675896,194.81141168648801,6282145.787352085
2025-11-12 03:27:57.688510,194.81141168648801,195.01866325385814,194.70128768543833,194.83014333174614,7035897.826628642
2025-11-12 03:28:57.688510,194.83014333174614,194.88636820889437,194.82975728090426,194.84950445633962,10801082.98673194
2025-11-12 03:29:57.688510,194.84950445633962,194.89528347277812,194.66885942468852,194.67755672888495,5092241.1036955975
2025-11-12 03:30:57.688510,194.67755672888495,194.78259481414577,194.47616134409142,194.5182185307878,5873488.452895158
2025-11-12 03:31:57.688510,194.5182185307878,194.61865077376942,194.35538885535038,194.50982551147845,3159442.9399774964
2025-11-12 03:32:57.688510,194.50982551147845,194.52820542848565,194.30779958941304,194.48677079465608,3996506.688996092
2025-11-12 03:33:57.688510,194.48677079465608,194.707257636355,194.35644499891416,194.66181315555568,3893280.040435151
2025-11-12 03:34:57.688510,194.66181315555568,194.68343477574913,194.24418803182905,194.38906149833423,8136274.019557862
2025-11-12 03:35:57.688510,194.38906149833423,194.46669623675015,194.35834682627913,194.43900541791925,4679429.494261703
2025-11-12 03:36:57.688510,194.43900541791925,194.49446288967454,194.3457368174574,194.4750149502921,3532505.7307091504
2025-11-12 03:37:57.688510,194.4750149502921,194.56632333997425,194.39091292593645,194.48943389418372,7340799.808838288
2025-11-12 03:38:57.688510,194.48943389418372,194.6692804525814,194.42808052928456,194.5768109690636,4384267.60910836
2025-11-12 03:39:57.688510,194.5768109690636,194.6747448490097,194.475209764558,194.66294669933953,2306982.0157359648
2025-11-12 03:40:57.688510,194.66294669933953,194.7387451024054,194.6194557601983,194.71042707996773,2816470.9897924247
2025-11-12 03:41:57.688510,194.71042707996773,194.84994614738764,194.48402853944145,194.63720222562515,8318284.312995536
2025-11-12 03:42:57.688510,194.63720222562515,194.6998438225368,194.50578375846172,194.63310600003774,9897430.381678205
2025-11-12 03:43:57.688510,194.63310600003774,194.80679943020286,194.47869325092435,194.79998350110105,2480200.986076873
2025-11-12 03:44:57.688510,194.79998350110105,195.0832415835423,194.6954730924025,194.90917436376964,5982910.090504032
2025-11-12 03:45:57.688510,194.90917436376964,195.11394926678273,194.7261841644769,194.94741237404992,5775565.175521398
2025-11-12 03:46:57.688510,194.94741237404992,194.95360261874066,194.81173215167303,194.87866016620157,2964227.7211125055
2025-11-12 03:47:57.688510,194.87866016620157,194.92966862396915,194.84170385032394,194.91041371345423,9776253.377561193
2025-11-12 03:48:57.688510,194.91041371345423,194.9979849864867,194.592962788314,194.76183800496722,15265891.22102401
2025-11-12 03:49:57.688510,194.76183800496722,194.93947913197562,194.48417685121373,194.6770850325906,1647463.1061000016
2025-11-12 03:50:57.688510,194.6770850325906,194.94236891232336,194.56898139627177,194.76266916434543,1555995.22697864
2025-11-12 03:51:57.688510,194.76266916434543,194.9301942311102,194.49954900490795,194.5035648469399,9808766.54190299
2025-11-12 03:52:57.688510,194.5035648469399,194.54972385820693,194.25628016203356,194.33906141958659,4446754.444765188
2025-11-12 03:53:57.688510,194.33906141958659,194.5325550079032,194.23700351178468,194.38712508721508,5077584.884606414
2025-11-12 03:54:57.688510,194.38712508721508,194.48949946832545,194.25294249988795,194.39564798519297,3991141.904928458
2025-11-12 03:55:57.688510,194.39564798519297,194.423150615865,194.0347654514166,194.1709666293602,5084892.659656391
2025-11-12 03:56:57.688510,194.1709666293602,194.25140400261265,194.02661979641812,194.0623963237105,11247900.21992842
2025-11-12 03:57:57.688510,194.0623963237105,194.12615749054436,193.93123014063363,194.11888149706374,1813550.6140675896
2025-11-12 03:58:57.688510,194.11888149706374,194.21989609406728,193.89724689283383,194.09087627971854,21866639.162554957
2025-11-12 03:59:57.688510,194.09087627971854,194.22684257365145,193.943987971316,194.12793866434035,13023055.268888988
2025-11-12 04:00:57.688510,194.12793866434035,194.222973005272,193.86429215066278,193.95156118877034,6153308.428250717
2025-11-12 04:01:57.688510,193.95156118877034,194.04993573862606,193.78629179764044,193.9227200580957,4994707.941504872
2025-11-12 04:02:57.688510,193.9227200580957,194.0384437750532,193.70520178707673,193.86673883113298,6202807.439911119
2025-11-12 04:03:57.688510,193.86673883113298,194.08626580673783,193.71401424921564,193.89631360081353,7072902.511906872
2025-11-12 04:04:57.688510,193.89631360081353,194.0670561874639,193.68952495636074,193.8133803829664,3831818.2683637086
2025-11-12 04:05:57.688510,193.8133803829664,193.87845330629182,193.57080796624226,193.74818683292543,6137650.045962059
2025-11-12 04:06:57.688510,193.74818683292543,193.78966484008808,193.6850164890017,193.78179285685542,6039482.519542637
2025-11-12 04:07:57.688510,193.78179285685542,193.8468889383013,193.77666324260593,193.80483430976764,4885172.367517912
2025-11-12 04:08:57.688510,193.80483430976764,193.93164359601323,193.60380285504684,193.73630819675694,20249439.011876527
2025-11-12 04:09:57.688510,193.73630819675694,193.86210421192004,193.6230464597683,193.79740509667528,5818634.707161143
2025-11-12 04:10:57.688510,193.79740509667528,193.89654405964507,193.7853345777395,193.79241235029477,4667472.107094564
2025-11-12 04:11:57.688510,193.79241235029477,193.93136214610604,193.5471289399465,193.65717066007207,8914197.695409948
2025-11-12 04:12:57.688510,193.65717066007207,193.88349393059661,193.609988622314,193.71700492320244,6511962.375895336
2025-11-12 04:13:57.688510,193.71700492320244,193.93181539355535,193.6341123032682,193.81608535177156,3296660.372020181
2025-11-12 04:14:57.688510,193.81608535177156,193.83567569024373,193.65791175493425,193.69467308546444,3949636.417501869
2025-11-12 04:15:57.688510,193.69467308546444,193.75428646642376,193.51526145262434,193.68075169923222,6499940.291353953
2025-11-12 04:16:57.688510,193.68075169923222,193.68914461833197,193.53746969415909,193.67763610253508,2491459.7381557184
2025-11-12 04:17:57.688510,193.67763610253508,193.71184885143435,193.56519923992244,193.56676139729757,3573798.7573247654
2025-11-12 04:18:57.688510,193.56676139729757,193.70793201319194,193.44237936784532,193.493650166461,8885276.001400625
2025-11-12 04:19:57.688510,193.493650166461,193.81195037561827,193.3581559263723,193.64635011828588,3335302.5135367066
2025-11-12 04:20:57.688510,193.64635011828588,193.89942683156747,193.51581262524172,193.75758299961953,5717363.868901306
2025-11-12 04:21:57.688510,193.75758299961953,193.84029825871204,193.75000466630405,193.78080186978318,4041344.3723220583
2025-11-12 04:22:57.688510,193.78080186978318,193.84767640131838,193.67817145693158,193.7029956918564,8858070.788935788
2025-11-12 04:23:57.688510,193.7029956918564,193.7700376215194,193.6401679390515,193.7506161500512,15573675.01756752
2025-11-12 04:24:57.688510,193.7506161500512,193.94229609692297,193.5931315802755,193.81465167496341,5028141.582256465
2025-11-12 04:25:57.688510,193.81465167496341,193.86415918719518,193.52171084588292,193.62999394401874,5861824.607887175
2025-11-12 04:26:57.688510,193.62999394401874,193.70141678313732,193.5111658998347,193.57091983775015,5271009.822620462
2025-11-12 04:27:57.688510,193.57091983775015,193.7677627474903,193.41460052913118,193.57802346721377,5638308.948258206
2025-11-12 04:28:57.688510,193.57802346721377,193.76625632655393,193.48001832949024,193.51199281261233,2692213.535190128
2025-11-12 04:29:57.688510,193.51199281261233,193.53319768680572,193.3269274573999,193.388979065412,3891412.1795028723
2025-11-12 04:30:57.688510,193.388979065412,193.4039017739573,193.12213979802635,193.27559504329383,1401860.559800791
2025-11-12 04:31:57.688510,193.27559504329383,193.45164291415628,193.19750133787053,193.33376239768188,5530489.441927203
2025-11-12 04:32:57.688510,193.33376239768188,193.48875675596378,193.25379505169568,193.38957887171608,6893653.400871366
2025-11-12 04:33:57.688510,193.38957887171608,193.4104520694645,193.22699630877455,193.36398656976758,1642760.2404624475
2025-11-12 04:34:57.688510,193.36398656976758,193.54156214959252,193.19725207674927,193.51923541149287,5409819.698934152
2025-11-12 04:35:57.688510,193.51923541149287,193.5693675051384,193.4391841382034,193.51985174082418,7158187.1481137695
2025-11-12 04:36:57.688510,193.51985174082418,193.77137883444635,193.5147377353152,193.70080998172136,4837893.445984619
2025-11-12 04:37:57.688510,193.70080998172136,193.76578543439658,193.60810843720807,193.63163821189576,9796311.627873283
2025-11-12 04:38:57.688510,193.63163821189576,193.77640518344873,193.4685754773969,193.4895879183794,2644401.6144380425
2025-11-12 04:39:57.688510,193.4895879183794,193.53071255547252,193.2061536114565,193.3638804640252,6639842.66449145
2025-11-12 04:40:57.688510,193.3638804640252,193.43204866084147,193.20957949900705,193.29860131171557,16350498.730776045
2025-11-12 04:41:57.688510,193.29860131171557,193.4316234534493,193.1710590369679,193.4114936926078,2557949.2690407475
2025-11-12 04:42:57.688510,193.4114936926078,193.58530309235238,193.12804851736354,193.29998870970314,4723738.612786941
2025-11-12 04:43:57.688510,193.29998870970314,193.47618259992973,193.12728766824327,193.15624535753668,6583785.194562066
2025-11-12 04:44:57.688510,193.15624535753668,193.42876317323726,192.98955916381186,193.3195143585264,3840591.0262384545
2025-11-12 04:45:57.688510,193.3195143585264,193.4786189362816,193.25403009408132,193.29276520478305,5594668.482503995
2025-11-12 04:46:57.688510,193.29276520478305,193.38839661165414,193.16807112641746,193.3128891775246,5869852.302481665
2025-11-12 04:47:57.688510,193.3128891775246,193.42950226241268,193.18993644494864,193.32478213201486,8071030.165780544
2025-11-12 04:48:57.688510,193.32478213201486,193.48158210207467,193.16629777423228,193.2589241815324,3298639.743177501
2025-11-12 04:49:57.688510,193.2589241815324,193.42180865139653,193.06363924806433,193.17258043524058,1192467.4433532334
2025-11-12 04:50:57.688510,193.17258043524058,193.19834390862846,192.99002490997577,193.13071908956542,2365917.7796067167
2025-11-12 04:51:57.688510,193.13071908956542,193.30724240991717,192.93921785986646,193.08628021447092,3812258.495119614
2025-11-12 04:52:57.688510,193.08628021447092,193.2399122541333,193.05245918968802,193.1109530565159,8329217.987201739
2025-11-12 04:53:57.688510,193.1109530565159,193.22726869915783,192.9252805048089,193.17846981045912,4425670.744230049
2025-11-12 04:54:57.688510,193.17846981045912,193.30825498975273,193.01242940000182,193.29248182897587,4544182.60643324
2025-11-12 04:55:57.688510,193.29248182897587,193.39565228403288,193.20292926358553,193.26183892580045,7748846.0303620165
2025-11-12 04:56:57.688510,193.26183892580045,193.3262064347076,193.1541717211268,193.24261111168175,3898156.722526211
2025-11-12 04:57:57.688510,193.24261111168175,193.26835190354043,193.13596769496337,193.21518877610143,1733994.689705399
2025-11-12 04:58:57.688510,193.21518877610143,193.51155620590114,193.07051315143045,193.3977055252557,3660181.44463952
2025-11-12 04:59:57.688510,193.3977055252557,193.56302609162668,193.25553013348497,193.3271027016837,10203116.46106324
2025-11-12 05:00:57.688510,193.3271027016837,193.47131925121852,193.21682141227262,193.34321680932874,4488519.477358474
2025-11-12 05:01:57.688510,193.34321680932874,193.5085471906334,193.15878614769971,193.2582774226534,4804669.0277999
2025-11-12 05:02:57.688510,193.2582774226534,193.40714472115124,193.10521668403592,193.1642493743693,5897065.885754297
2025-11-12 05:03:57.688510,193.1642493743693,193.33533066721452,193.06786315441,193.08575809135914,4366415.7054900965
2025-11-12 05:04:57.688510,193.08575809135914,193.29821879704474,192.91792125818057,193.2017203019016,9068282.570543744
2025-11-12 05:05:57.688510,193.2017203019016,193.3491939954669,192.9796445361713,193.03684154387497,21476656.696208186
2025-11-12 05:06:57.688510,193.03684154387497,193.0945835284875,193.01924638407482,193.04852777102414,13946820.947238449
2025-11-12 05:07:57.688510,193.04852777102414,193.16821770887302,192.86293374674875,193.07924741947238,3525244.413325159
2025-11-12 05:08:57.688510,193.07924741947238,193.2019011387489,192.92171389458895,193.0303989028858,3776927.7395798163
2025-11-12 05:09:57.688510,193.0303989028858,193.15209776524995,192.9977862140517,193.00700364229476,5588663.693811633
2025-11-12 05:10:57.688510,193.00700364229476,193.16433375636817,192.73001433514543,192.87786013935656,3508121.965749447
2025-11-12 05:11:57.688510,192.87786013935656,192.90839320808647,192.76794991464445,192.8658344873815,4500486.879354394
2025-11-12 05:12:57.688510,192.8658344873815,192.96209127891515,192.5228726745941,192.7119999020307,5550736.385306058
2025-11-12 05:13:57.688510,192.7119999020307,192.77874727518952,192.60984605622855,192.74153951882008,7979413.823485522
2025-11-12 05:14:57.688510,192.74153951882008,192.7462470281694,192.59019772612237,192.72692354022954,8230088.490917781
2025-11-12 05:15:57.688510,192.72692354022954,192.77241879116522,192.63657193615956,192.72847168210856,7618114.095874379
2025-11-12 05:16:57.688510,192.72847168210856,192.84947281324688,192.59687247932246,192.69445648362026,10881867.389236694
2025-11-12 05:17:57.688510,192.69445648362026,192.7504477173234,192.32568081678573,192.49573014955038,6065640.204506019
2025-11-12 05:18:57.688510,192.49573014955038,192.55070173363586,192.44456997166503,192.5367254737434,5053184.330102009
2025-11-12 05:19:57.688510,192.5367254737434,192.67801789758366,192.38438105481896,192.46807234070786,13729406.288152296
2025-11-12 05:20:57.688510,192.46807234070786,192.63820757412398,192.24630563165354,192.39282847111147,5279108.820861378
2025-11-12 05:21:57.688510,192.39282847111147,192.51504139340696,192.31369714279896,192.36623024011263,4341662.158095744
2025-11-12 05:22:57.688510,192.36623024011263,192.5115594471439,192.18828498811504,192.31309369904122,3358570.2351817344
2025-11-12 05:23:57.688510,192.31309369904122,192.48448576565053,192.1739449919935,192.45552175283152,3213271.459860628
2025-11-12 05:24:57.688510,192.45552175283152,192.53663554953798,192.3417014451834,192.35388912018635,3180852.438567189
2025-11-12 05:25:57.688510,192.35388912018635,192.46615218714334,192.27702863239412,192.39735151373705,7107665.3253366565
2025-11-12 05:26:57.688510,192.39735151373705,192.4097830213805,192.32785045866993,192.35645258132257,5038916.393497946
2025-11-12 05:27:57.688510,192.35645258132257,192.5788365169974,192.2565595578735,192.41158561359958,17679378.392089333
2025-11-12 05:28:57.688510,192.41158561359958,192.5869136431973,192.35394199795635,192.47969120873137,5752397.61207068
2025-11-12 05:29:57.688510,192.47969120873137,192.50631204254762,192.21671173392483,192.35450130672498,3332003.1386951893
2025-11-12 05:30:57.688510,192.35450130672498,192.44291601555892,192.26777587116314,192.31304721818015,7009728.534067806
2025-11-12 05:31:57.688510,192.31304721818015,192.39850123447997,192.14512126840543,192.26218706105536,3408080.117559859
2025-11-12 05:32:57.688510,192.26218706105536,192.37243911270642,192.22500857262793,192.35904082250227,6294824.74800327
2025-11-12 05:33:57.688510,192.35904082250227,192.40703556529408,192.25509176687467,192.2581017142995,4366340.058580525
2025-11-12 05:34:57.688510,192.2581017142995,192.28207202526994,192.11045670526187,192.23812685465887,2995539.386488103
2025-11-12 05:35:57.688510,192.23812685465887,192.51902763979808,192.14494439313432,192.4084882174101,2689598.2820936986
2025-11-12 05:36:57.688510,192.4084882174101,192.41430479520514,192.20500999468157,192.34509421022273,7380670.640478747
2025-11-12 05:37:57.688510,192.34509421022273,192.45301662452022,192.28263086784048,192.40096272287187,4636285.3023986425
2025-11-12 05:38:57.688510,192.40096272287187,192.5766490915066,192.11884115691362,192.26660137912393,7890696.346990341
2025-11-12 05:39:57.688510,192.26660137912393,192.41824169467677,192.2275144856519,192.36616365244015,19240774.447249644
2025-11-12 05:40:57.688510,192.36616365244015,192.48252535896788,192.18589773613436,192.43643968141154,4213883.289714055
2025-11-12 05:41:57.688510,192.43643968141154,192.53728745783664,192.4236015589931,192.50019900080946,4384557.1175299045
2025-11-12 05:42:57.688510,192.50019900080946,192.56597107363652,192.30378421341413,192.46171591178432,11374706.015858041
2025-11-12 05:43:57.688510,192.46171591178432,192.48237358394314,192.29435748075758,192.34356843638983,7081486.569839818
2025-11-12 05:44:57.688510,192.34356843638983,192.42554928841864,192.08823913864427,192.1518584471555,4342419.904042268
2025-11-12 05:45:57.688510,192.1518584471555,192.3856772416356,192.03959169507888,192.3387774168851,3465087.949344501
2025-11-12 05:46:57.688510,192.3387774168851,192.34548434129076,192.10373852115973,192.26482681439504,5561966.349456178
2025-11-12 05:47:57.688510,192.26482681439504,192.4320028879693,192.16455005848456,192.32629679377825,4719220.934263805
2025-11-12 05:48:57.688510,192.32629679377825,192.3862831686659,192.1803770490564,192.34554126522733,6344154.428986084
2025-11-12 05:49:57.688510,192.34554126522733,192.36427348318034,192.1673108703042,192.28899278953224,15602660.075360468
2025-11-12 05:50:57.688510,192.28899278953224,192.51466695331058,192.2532108512176,192.41987007883503,9519839.836981116
2025-11-12 05:51:57.688510,192.41987007883503,192.51266553690243,192.26102504847884,192.38633386189352,4755010.53100131
2025-11-12 05:52:57.688510,192.38633386189352,192.5232156015137,192.08782503467776,192.2541242099191,4369289.692806121
2025-11-12 05:53:57.688510,192.2541242099191,192.28251581751738,192.15415755774634,192.26489985435782,18085581.463996794
2025-11-12 05:54:57.688510,192.26489985435782,192.58272326315,192.18578991586665,192.4441648071462,10071320.700716434
2025-11-12 05:55:57.688510,192.4441648071462,192.53602975603044,192.27091094230693,192.37584732555555,3014869.3400755515
2025-11-12 05:56:57.688510,192.37584732555555,192.51272058403796,192.32133154047236,192.43004324506612,11527353.412269915
2025-11-12 05:57:57.688510,192.43004324506612,192.6467610188503,192.35610713725023,192.4719436555369,5191125.242566632
2025-11-12 05:58:57.688510,192.4719436555369,192.6109361560315,192.23746386431122,192.38715444688373,4828856.591866416
2025-11-12 05:59:57.688510,192.38715444688373,192.46824545072027,192.24301692182678,192.39439090978175,4583171.326138914
2025-11-12 06:00:57.688510,192.39439090978175,192.48440757873405,192.20995473657862,192.3851122660006,4372218.650254909
2025-11-12 06:01:57.688510,192.3851122660006,192.59382956769838,192.25895425433185,192.56584827012946,4571108.302966828
2025-11-12 06:02:57.688510,192.56584827012946,192.67879901381946,192.54041298860324,192.56015405034873,5421424.89916652
2025-11-12 06:03:57.688510,192.56015405034873,192.71727305782866,192.35190334877424,192.5354988351348,4000271.666781134
2025-11-12 06:04:57.688510,192.5354988351348,192.66481719541184,192.34166284514788,192.36474394649647,10227102.333546301
2025-11-12 06:05:57.688510,192.36474394649647,192.38145943056904,192.15209593461094,192.27283257098324,4466654.644422164
2025-11-12 06:06:57.688510,192.27283257098324,192.45744599289637,192.23291101192382,192.3786254247615,5133167.75841446
2025-11-12 06:07:57.688510,192.3786254247615,192.53844195946525,192.28044252222642,192.35387406200243,7941793.839666812
2025-11-12 06:08:57.688510,192.35387406200243,192.4206982382227,192.2735540194529,192.38788163144585,4124124.8586975015
2025-11-12 06:09:57.688510,192.38788163144585,192.576155883772,192.17209204313878,192.28688414868301,7306148.532332665
2025-11-12 06:10:57.688510,192.28688414868301,192.38993177623718,192.23867887292533,192.33219187557884,6262412.408407584
2025-11-12 06:11:57.688510,192.33219187557884,192.5108076427797,192.22358250918649,192.41425104573787,10394473.341244271
2025-11-12 06:12:57.688510,192.41425104573787,192.471305577726,192.24608596781292,192.366376538418,14549164.491787422
2025-11-12 06:13:57.688510,192.366376538418,192.53823084918992,192.1926862244697,192.50707320057487,3798359.5130950226
2025-11-12 06:14:57.688510,192.50707320057487,192.5299155785999,192.42820542653496,192.45339001202635,10688485.230547056
2025-11-12 06:15:57.688510,192.45339001202635,192.63496059795645,192.13246669711666,192.27895577147933,2758041.1575051215
2025-11-12 06:16:57.688510,192.27895577147933,192.5204847909762,192.2419447550769,192.37015363230702,7357699.86400675
2025-11-12 06:17:57.688510,192.37015363230702,192.47698718734117,192.36550909444315,192.3687252808627,3587192.3131683026
2025-11-12 06:18:57.688510,192.3687252808627,192.50238670401382,192.08686806516943,192.26474417566735,2797106.5128760254
2025-11-12 06:19:57.688510,192.26474417566735,192.53100712368266,192.1134930448594,192.3699870430509,6112146.94113903
2025-11-12 06:20:57.688510,192.3699870430509,192.46541179209797,192.3383624679865,192.3999304549631,7538756.749567816
2025-11-12 06:21:57.688510,192.3999304549631,192.4711832568097,192.35773544240058,192.37488282042568,3131197.1694055027
2025-11-12 06:22:57.688510,192.37488282042568,192.40302010090355,192.07264738614782,192.22454824833517,11929334.387346053
2025-11-12 06:23:57.688510,192.22454824833517,192.27908891094032,192.05738433749556,192.22215145988454,6066124.4701148225
2025-11-12 06:24:57.688510,192.22215145988454,192.3652013466694,192.10467030193428,192.24715483985315,7622920.008659565
2025-11-12 06:25:57.688510,192.24715483985315,192.27841633192384,192.02550067479376,192.18443976391907,2886853.5005397815
2025-11-12 06:26:57.688510,192.18443976391907,192.19227284611543,191.98533242970748,192.10771404863394,5801607.063034723
2025-11-12 06:27:57.688510,192.10771404863394,192.19595584992265,191.7453088634022,191.8445187095473,6576919.198037801
2025-11-12 06:28:57.688510,191.8445187095473,191.98755501071048,191.6963696958815,191.88683611583537,2717248.621961994
2025-11-12 06:29:57.688510,191.88683611583537,192.07462278754352,191.7257254454906,191.9260756923691,6657427.718236655
2025-11-12 06:30:57.688510,191.9260756923691,192.122410176839,191.8451744150192,191.97644278645743,7703153.554702236
2025-11-12 06:31:57.688510,191.97644278645743,191.9931528717147,191.86775794868018,191.89022684126675,6069058.273294955
2025-11-12 06:32:57.688510,191.89022684126675,192.05276160588272,191.87149238475098,192.02796103400328,6685064.768983404
2025-11-12 06:33:57.688510,192.02796103400328,192.20639877081737,191.7764117077141,191.89525509232723,6416054.50196103
2025-11-12 06:34:57.688510,191.89525509232723,192.08259113501893,191.88880730015856,191.92771853887913,3050412.266674963
2025-11-12 06:35:57.688510,191.92771853887913,192.06240894482355,191.81104086218056,191.98644068232377,3224395.417658471
2025-11-12 06:36:57.688510,191.98644068232377,192.15060799534854,191.87755553925035,191.97189879157992,4174010.6876283637
2025-11-12 06:37:57.688510,191.97189879157992,192.17658431953348,191.83704406015914,192.08669875224086,5350357.554929434
2025-11-12 06:38:57.688510,192.08669875224086,192.17044413774994,191.8750070045232,192.03063980475568,3323790.648602576
2025-11-12 06:39:57.688510,192.03063980475568,192.33407269641023,191.9777682768608,192.1539974821143,8081504.77542854
2025-11-12 06:40:57.688510,192.1539974821143,192.21003618258007,192.05490575757744,192.13683800892184,5107387.191658681
2025-11-12 06:41:57.688510,192.13683800892184,192.20051383309416,191.92670892529284,192.0925791550568,2578074.236352094
2025-11-12 06:42:57.688510,192.0925791550568,192.27736050571255,192.01891673232942,192.09021006455154,4576942.777291652
2025-11-12 06:43:57.688510,192.09021006455154,192.25855702135797,192.07187685374524,192.2162934620021,10141413.622532098
2025-11-12 06:44:57.688510,192.2162934620021,192.33643933030484,192.1160232082644,192.21464441935112,5516278.768200132
2025-11-12 06:45:57.688510,192.21464441935112,192.23826791729257,192.0840379686333,192.17332751292594,6919184.011830187
2025-11-12 06:46:57.688510,192.17332751292594,192.31579542670528,192.01103586593024,192.14819532452606,5261635.530590624
2025-11-12 06:47:57.688510,192.14819532452606,192.19594247631466,191.90600334566372,192.0112748883011,9060874.291121496
2025-11-12 06:48:57.688510,192.0112748883011,192.08171441903679,191.88760884683978,192.05771364830417,4843504.311251942
2025-11-12 06:49:57.688510,192.05771364830417,192.1672791090036,191.84319305747732,192.01965530488388,7552931.527182803
2025-11-12 06:50:57.688510,192.01965530488388,192.14986631006357,191.7004722821199,191.854358271358,9165291.980263697
2025-11-12 06:51:57.688510,191.854358271358,191.96837606630768,191.70369378496468,191.9243329009392,8250370.04238646
2025-11-12 06:52:57.688510,191.9243329009392,191.9361328166925,191.85796938799663,191.88890098754743,4397707.56767924
2025-11-12 06:53:57.688510,191.88890098754743,191.92447868288164,191.8792598073042,191.88622901334023,6366908.3976894105
2025-11-12 06:54:57.688510,191.88622901334023,191.98168871892813,191.87315635465458,191.97810298904201,4187058.559126957
2025-11-12 06:55:57.688510,191.97810298904201,192.08368869060263,191.9609158236397,191.97128441571093,1889252.9963197326
2025-11-12 06:56:57.688510,191.97128441571093,192.01074582558573,191.92985031833794,192.00542161402407,6441186.7190853795
2025-11-12 06:57:57.688510,192.00542161402407,192.37540992759446,191.85137558553595,192.25206945611973,5223157.772544492
2025-11-12 06:58:57.688510,192.25206945611973,192.38057863869844,191.9813804147807,192.15907453212523,7054530.959037885
2025-11-12 06:59:57.688510,192.15907453212523,192.45938654384656,192.1295113627737,192.2767217746976,5643670.875222477
2025-11-12 07:00:57.688510,192.2767217746976,192.32616846388962,192.09928683591497,192.12718026145333,7253072.447083958
2025-11-12 07:01:57.688510,192.12718026145333,192.27493727581958,191.99589689259076,192.1394803027471,4829644.327459066
2025-11-12 07:02:57.688510,192.1394803027471,192.2157174108411,192.00680998334565,192.0809021547464,5506865.696710185
2025-11-12 07:03:57.688510,192.0809021547464,192.29161753094047,192.03333303408914,192.21356131220708,3399632.8395048403
2025-11-12 07:04:57.688510,192.21356131220708,192.30241340774862,192.0912928901125,192.18717895601057,13276313.198380003
2025-11-12 07:05:57.688510,192.18717895601057,192.28609131017288,192.09300847834038,192.1294704901678,6356141.017918146
2025-11-12 07:06:57.688510,192.1294704901678,192.22583643873622,191.975440632608,192.09220478709858,28037569.23115842
2025-11-12 07:07:57.688510,192.09220478709858,192.11574917401956,192.00676252158976,192.06490552683945,3469835.4269549265
2025-11-12 07:08:57.688510,192.06490552683945,192.2367693953972,192.0171141907619,192.2123471467786,3301322.979151185
2025-11-12 07:09:57.688510,192.2123471467786,192.40709222085846,192.19007993841072,192.2428558243599,5101975.301148897
2025-11-12 07:10:57.688510,192.2428558243599,192.4481114456729,192.19013111776465,192.28946480987454,11500399.906296514
2025-11-12 07:11:57.688510,192.28946480987454,192.47764483905902,192.12534440151288,192.32865244440328,1338568.4681501444
2025-11-12 07:12:57.688510,192.32865244440328,192.6240032580198,192.2644018322781,192.5923971924468,3834791.202605369
2025-11-12 07:13:57.688510,192.5923971924468,192.73294596087592,192.54823650157505,192.70451030016346,6044014.290746685
2025-11-12 07:14:57.688510,192.70451030016346,192.8538582609096,192.554156527057,192.731279388222,4146717.8499966804
2025-11-12 07:15:57.688510,192.731279388222,192.92456421374413,192.6578283744495,192.86952438210517,9363983.826353105
2025-11-12 07:16:57.688510,192.86952438210517,193.0528469515773,192.75313348005074,192.97568038127105,10050170.415406829
2025-11-12 07:17:57.688510,192.97568038127105,193.05158851215901,192.8839035442003,193.01249653040102,7373207.282800625
2025-11-12 07:18:57.688510,193.01249653040102,193.2503162059853,192.8807895963826,193.1001683714423,6220509.41481991
2025-11-12 07:19:57.688510,193.1001683714423,193.31574466445187,192.90720243370612,193.15317695581132,13233181.947732294
2025-11-12 07:20:57.688510,193.15317695581132,193.36226158079646,193.08309359782305,193.304614205957,9185662.025876086
2025-11-12 07:21:57.688510,193.304614205957,193.40914319525933,193.25118550584392,193.4042410577444,3203203.793151414
2025-11-12 07:22:57.688510,193.4042410577444,193.49463247323624,193.38611066546008,193.41520942933087,4973453.461091806
2025-11-12 07:23:57.688510,193.41520942933087,193.45263384051884,193.22638127501594,193.29956313029285,6540017.560172804
2025-11-12 07:24:57.688510,193.29956313029285,193.31696648438518,193.1109231055833,193.26806068667824,4044264.9362838943
2025-11-12 07:25:57.688510,193.26806068667824,193.53204650894233,193.1596069844166,193.38914639819473,9314529.61389944
2025-11-12 07:26:57.688510,193.38914639819473,193.42447086289573,193.17462888497502,193.32775424883653,6435283.114674905
2025-11-12 07:27:57.688510,193.32775424883653,193.34299620155798,193.1445682927879,193.17116052230867,2379337.5948569817
2025-11-12 07:28:57.688510,193.17116052230867,193.23467714358443,193.0619438026095,193.16151162399393,12269506.121904882
2025-11-12 07:29:57.688510,193.16151162399393,193.21465129860124,192.98752653029374,193.08735115449653,6930868.017801145
2025-11-12 07:30:57.688510,193.08735115449653,193.25288593832505,192.74716424668784,192.93576165535063,6190128.932581017
2025-11-12 07:31:57.688510,192.93576165535063,193.29328852614515,192.92198095326432,193.1457035950188,3634361.338938684
2025-11-12 07:32:57.688510,193.1457035950188,193.1624237304009,193.0781536325781,193.138206493356,16614638.282625103
2025-11-12 07:33:57.688510,193.138206493356,193.28919826451104,192.79464534455212,192.9721997737584,12973842.298714152
2025-11-12 07:34:57.688510,192.9721997737584,193.03903017112273,192.6939395628362,192.81756165544274,5182339.991009822
2025-11-12 07:35:57.688510,192.81756165544274,192.95848526792574,192.74411770136012,192.78220266371312,4429727.284391169
2025-11-12 07:36:57.688510,192.78220266371312,192.96389287366722,192.75209313119103,192.82993564704628,10320000.98019723
2025-11-12 07:37:57.688510,192.82993564704628,193.01045366663212,192.76978379952104,192.8171424245304,4110007.119748109
2025-11-12 07:38:57.688510,192.8171424245304,192.99445582519064,192.65367190915114,192.84708135854203,3497628.0697648716
2025-11-12 07:39:57.688510,192.84708135854203,192.99687091897152,192.66172919700415,192.79822001914755,5318634.968781563
2025-11-12 07:40:57.688510,192.79822001914755,193.16963257097586,192.72082488112446,193.00871196549292,6140169.359717559
2025-11-12 07:41:57.688510,193.00871196549292,193.16379156353793,192.98593483701765,193.04938846189998,3799443.8533254806
2025-11-12 07:42:57.688510,193.04938846189998,193.1182393118283,193.0068761139721,193.05512095759542,3189574.2851072364
2025-11-12 07:43:57.688510,193.05512095759542,193.3601980391954,192.91399990819045,193.1695599216597,3502156.9573198687
2025-11-12 07:44:57.688510,193.1695599216597,193.2807115066906,192.9993556466119,193.06642309619986,2525555.726622931
2025-11-12 07:45:57.688510,193.06642309619986,193.1431804830381,192.87753491614163,192.90345625457184,3140283.919885479
2025-11-12 07:46:57.688510,192.90345625457184,193.07874120641918,192.7836744930503,193.03095501485427,14586798.31483191
2025-11-12 07:47:57.688510,193.03095501485427,193.09005560354095,192.7885249067492,192.97067149652784,4404532.258241838
2025-11-12 07:48:57.688510,192.97067149652784,193.12234031061269,192.93396494190534,193.08540778572774,3874190.620170694
2025-11-12 07:49:57.688510,193.08540778572774,193.09864339991861,192.75019565408462,192.93675015513327,8851944.963148551
2025-11-12 07:50:57.688510,192.93675015513327,193.21590274402837,192.79717445028695,193.07419933380032,5580653.983597636
2025-11-12 07:51:57.688510,193.07419933380032,193.3608194971363,192.96157375306132,193.25070716068427,13556805.457433624
2025-11-12 07:52:57.688510,193.25070716068427,193.39911349286996,193.00400338033577,193.16700963835436,6873769.245396656
2025-11-12 07:53:57.688510,193.16700963835436,193.28730884013746,193.1433704753837,193.17354516358327,6640785.798319733
2025-11-12 07:54:57.688510,193.17354516358327,193.33508274574154,193.03680811728617,193.23552633667438,9749225.342609063
2025-11-12 07:55:57.688510,193.23552633667438,193.23654870810836,192.8632949377047,193.0317403522011,7933001.108952045
2025-11-12 07:56:57.688510,193.0317403522011,193.16942449082183,192.926304643739,193.1075002430389,7787176.041859421
2025-11-12 07:57:57.688510,193.1075002430389,193.176770229044,193.10682773624865,193.1752103652439,2347962.07866139
2025-11-12 07:58:57.688510,193.1752103652439,193.35902121676085,192.8285291371726,193.0167060204013,5717071.030545608
2025-11-12 07:59:57.688510,193.0167060204013,193.01779424109273,192.88791625405278,193.00919911675652,3318884.8497067457
2025-11-12 08:00:57.688510,193.00919911675652,193.0309178043192,192.84906408365507,192.97180645471894,3388006.389721564
2025-11-12 08:01:57.688510,192.97180645471894,193.00102040473004,192.80149796836523,192.94873072499917,7471278.108307528
2025-11-12 08:02:57.688510,192.94873072499917,193.1901187884073,192.7884694144574,193.11910621007902,3069691.0453272155
2025-11-12 08:03:57.688510,193.11910621007902,193.26037205624434,193.04970547893842,193.1163297578147,2584913.5900849076
2025-11-12 08:04:57.688510,193.1163297578147,193.2551177157176,192.99395932919595,193.0650328851155,3725647.0990102785
2025-11-12 08:05:57.688510,193.0650328851155,193.29924078615437,193.0617812269018,193.21679192117207,2098850.7687742957
2025-11-12 08:06:57.688510,193.21679192117207,193.30673703993617,193.06922432185272,193.23153131802448,3926398.6782308007
2025-11-12 08:07:57.688510,193.23153131802448,193.3675069439896,193.03514040023413,193.22205776240628,13095682.816843215
2025-11-12 08:08:57.688510,193.22205776240628,193.3414234046404,193.1897101507557,193.204603853622,6609856.545230946
2025-11-12 08:09:57.688510,193.204603853622,193.23495882596964,193.14690715839987,193.22689933328948,3431303.758775721
2025-11-12 08:10:57.688510,193.22689933328948,193.45569878454117,193.1476625227296,193.31546575936363,7001811.210553193
2025-11-12 08:11:57.688510,193.31546575936363,193.56523728922627,193.23302698907239,193.51954035651073,4116543.831430225
