timestamp,open,high,low,close,volume
2025-11-05 08:22:00,154.71,154.71,154.11,154.18,17195.612
2025-11-05 08:23:00,154.18,154.25,153.95,154.01,19277.243
2025-11-05 08:24:00,154.01,154.05,153.67,153.86,16234.996
2025-11-05 08:25:00,153.87,154.25,153.85,153.98,6339.567
2025-11-05 08:26:00,153.97,154.27,153.96,154.22,2770.49
2025-11-05 08:27:00,154.22,154.53,154.21,154.36,10774.289
2025-11-05 08:28:00,154.36,154.61,154.35,154.52,2839.943
2025-11-05 08:29:00,154.52,154.61,154.38,154.39,4826.016
2025-11-05 08:30:00,154.39,154.47,154.25,154.32,5603.007
2025-11-05 08:31:00,154.31,154.99,154.28,154.97,5127.438
2025-11-05 08:32:00,154.98,155.72,154.98,155.51,8522.011
2025-11-05 08:33:00,155.51,155.77,155.39,155.4,4889.302
2025-11-05 08:34:00,155.41,155.71,155.41,155.71,2778.417
2025-11-05 08:35:00,155.72,155.85,155.6,155.62,4943.439
2025-11-05 08:36:00,155.62,155.97,155.62,155.71,3722.472
2025-11-05 08:37:00,155.7,155.82,155.46,155.82,3116.553
2025-11-05 08:38:00,155.81,155.95,155.41,155.48,4022.497
2025-11-05 08:39:00,155.47,155.75,155.41,155.43,2754.789
2025-11-05 08:40:00,155.42,155.7,155.39,155.54,4395.965
2025-11-05 08:41:00,155.54,155.55,155.28,155.43,15382.59
2025-11-05 08:42:00,155.43,155.61,155.39,155.44,3648.538
2025-11-05 08:43:00,155.44,155.5,155.05,155.07,6965.228
2025-11-05 08:44:00,155.07,155.24,155.06,155.19,2699.281
2025-11-05 08:45:00,155.19,155.39,154.92,155.03,7156.297
2025-11-05 08:46:00,155.03,155.03,154.57,154.57,5506.092
2025-11-05 08:47:00,154.57,154.74,154.33,154.67,5019.95
2025-11-05 08:48:00,154.67,154.8,154.5,154.55,4119.451
2025-11-05 08:49:00,154.54,155.02,154.5,155.02,20118.514
2025-11-05 08:50:00,155.02,155.9,155.02,155.8,10999.762
2025-11-05 08:51:00,155.79,155.87,155.52,155.55,5115.08
2025-11-05 08:52:00,155.54,155.62,155.35,155.39,5249.965
2025-11-05 08:53:00,155.4,155.82,155.17,155.17,8934.228
2025-11-05 08:54:00,155.18,155.54,155.09,155.44,4393.277
2025-11-05 08:55:00,155.44,155.88,155.44,155.87,2254.018
2025-11-05 08:56:00,155.87,155.87,155.6,155.68,2992.931
2025-11-05 08:57:00,155.67,155.74,155.53,155.6,2480.334
2025-11-05 08:58:00,155.6,155.88,155.57,155.83,2148.112
2025-11-05 08:59:00,155.83,155.9,155.62,155.7,2772.28
2025-11-05 09:00:00,155.69,155.88,155.58,155.88,2688.17
2025-11-05 09:01:00,155.88,156.17,155.67,155.69,7729.365
2025-11-05 09:02:00,155.68,156.11,155.68,156.07,3493.565
2025-11-05 09:03:00,156.07,156.53,156.06,156.49,4375.963
2025-11-05 09:04:00,156.49,156.69,156.4,156.44,7360.407
2025-11-05 09:05:00,156.44,156.73,156.38,156.61,4241.582
2025-11-05 09:06:00,156.62,156.79,156.48,156.66,9793.111
2025-11-05 09:07:00,156.66,156.71,156.52,156.59,2844.638
2025-11-05 09:08:00,156.6,156.92,156.59,156.87,3840.719
2025-11-05 09:09:00,156.87,157.17,156.86,156.98,10813.303
2025-11-05 09:10:00,156.98,157.13,156.88,156.91,3589.861
2025-11-05 09:11:00,156.91,156.93,156.76,156.88,3819.983
2025-11-05 09:12:00,156.88,156.92,156.68,156.69,905.052
2025-11-05 09:13:00,156.69,156.7,156.45,156.53,4418.817
2025-11-05 09:14:00,156.53,156.67,156.49,156.54,1845.528
2025-11-05 09:15:00,156.54,156.6,156.44,156.46,652.863
2025-11-05 09:16:00,156.45,156.64,156.32,156.58,1368.947
2025-11-05 09:17:00,156.58,156.71,156.48,156.64,628.469
2025-11-05 09:18:00,156.64,156.85,156.36,156.4,1478.005
2025-11-05 09:19:00,156.4,156.4,156.16,156.27,1484.797
2025-11-05 09:20:00,156.27,156.27,156.01,156.11,7103.393
2025-11-05 09:21:00,156.1,156.74,156.04,156.68,1438.201
2025-11-05 09:22:00,156.68,156.71,156.52,156.66,1325.966
2025-11-05 09:23:00,156.66,156.84,156.64,156.7,3447.082
2025-11-05 09:24:00,156.69,156.76,156.55,156.56,1443.689
2025-11-05 09:25:00,156.57,156.75,156.56,156.68,635.297
2025-11-05 09:26:00,156.69,156.88,156.68,156.76,1173.452
2025-11-05 09:27:00,156.75,156.89,156.67,156.78,1006.81
2025-11-05 09:28:00,156.77,157.01,156.61,156.8,1816.193
2025-11-05 09:29:00,156.79,156.89,156.74,156.83,841.942
2025-11-05 09:30:00,156.82,156.82,156.57,156.61,1045.069
2025-11-05 09:31:00,156.62,156.85,156.49,156.54,1470.164
2025-11-05 09:32:00,156.54,156.58,156.31,156.31,1652.972
2025-11-05 09:33:00,156.3,156.31,156.09,156.15,5372.54
2025-11-05 09:34:00,156.16,156.38,156.14,156.38,1545.448
2025-11-05 09:35:00,156.38,156.66,156.25,156.64,1885.07
2025-11-05 09:36:00,156.64,156.72,156.34,156.7,1681.411
2025-11-05 09:37:00,156.71,156.85,156.38,156.64,1987.919
2025-11-05 09:38:00,156.63,156.74,156.58,156.71,1416.808
2025-11-05 09:39:00,156.71,156.94,156.68,156.94,1706.274
2025-11-05 09:40:00,156.94,156.97,156.87,156.92,1122.892
2025-11-05 09:41:00,156.91,157.08,156.86,156.86,2257.414
2025-11-05 09:42:00,156.85,156.86,156.71,156.78,605.906
2025-11-05 09:43:00,156.79,156.9,156.66,156.82,1436.017
2025-11-05 09:44:00,156.81,156.96,156.81,156.84,396.602
2025-11-05 09:45:00,156.84,156.91,156.77,156.89,1064.774
2025-11-05 09:46:00,156.89,156.9,156.76,156.84,615.503
2025-11-05 09:47:00,156.83,156.84,156.68,156.69,651.872
2025-11-05 09:48:00,156.69,156.9,156.42,156.52,3864.188
2025-11-05 09:49:00,156.52,156.92,156.47,156.83,970.653
2025-11-05 09:50:00,156.83,157.01,156.71,156.92,1171.785
2025-11-05 09:51:00,156.91,156.91,156.74,156.78,1198.518
2025-11-05 09:52:00,156.78,157.16,156.78,157.08,1891.626
2025-11-05 09:53:00,157.09,157.12,156.86,156.91,1369.391
2025-11-05 09:54:00,156.9,156.97,156.79,156.95,1401.208
2025-11-05 09:55:00,156.95,157.34,156.95,157.22,3191.586
2025-11-05 09:56:00,157.21,157.21,157.11,157.12,1221.404
2025-11-05 09:57:00,157.11,157.18,156.96,157.17,1715.979
2025-11-05 09:58:00,157.18,157.18,157.03,157.08,932.397
2025-11-05 09:59:00,157.09,157.11,157.01,157.04,627.21
2025-11-05 10:00:00,157.03,157.08,156.84,156.96,1775.904
2025-11-05 10:01:00,156.96,156.99,156.52,156.7,2161.084
2025-11-05 10:02:00,156.7,157.05,156.57,156.81,3983.297
2025-11-05 10:03:00,156.81,156.86,156.62,156.84,3952.492
2025-11-05 10:04:00,156.85,156.89,156.58,156.68,3049.408
2025-11-05 10:05:00,156.68,156.78,156.52,156.67,1144.932
2025-11-05 10:06:00,156.67,156.73,156.4,156.51,1329.499
2025-11-05 10:07:00,156.51,156.75,156.33,156.74,1810.945
2025-11-05 10:08:00,156.74,156.92,156.49,156.5,981.514
2025-11-05 10:09:00,156.51,156.62,156.29,156.51,1929.055
2025-11-05 10:10:00,156.51,156.52,156.32,156.34,1051.976
2025-11-05 10:11:00,156.33,156.33,156.19,156.28,1252.316
2025-11-05 10:12:00,156.28,156.45,156.27,156.37,528.178
2025-11-05 10:13:00,156.37,156.37,156.04,156.05,1306.95
2025-11-05 10:14:00,156.05,156.35,156.05,156.28,1060.79
2025-11-05 10:15:00,156.28,156.33,156.12,156.15,909.277
2025-11-05 10:16:00,156.15,156.2,155.98,156.19,1312.405
2025-11-05 10:17:00,156.18,156.38,156.18,156.32,768.717
2025-11-05 10:18:00,156.33,156.47,156.09,156.17,5031.826
2025-11-05 10:19:00,156.17,156.35,156.02,156.07,562.331
2025-11-05 10:20:00,156.08,156.08,155.66,155.79,2821.245
2025-11-05 10:21:00,155.79,156.12,155.76,156.02,1199.001
2025-11-05 10:22:00,156.03,156.06,155.8,155.86,1007.624
2025-11-05 10:23:00,155.86,156.26,155.86,156.15,903.427
2025-11-05 10:24:00,156.15,156.34,156.13,156.19,1246.062
2025-11-05 10:25:00,156.19,156.25,155.98,156.14,850.4
2025-11-05 10:26:00,156.14,156.17,155.94,156.05,1807.366
2025-11-05 10:27:00,156.06,156.27,156.06,156.17,1130.283
2025-11-05 10:28:00,156.17,156.21,156.03,156.12,475.551
2025-11-05 10:29:00,156.11,156.26,156.08,156.25,754.308
2025-11-05 10:30:00,156.25,156.37,156.13,156.37,1534.894
2025-11-05 10:31:00,156.37,156.5,156.28,156.28,839.372
2025-11-05 10:32:00,156.29,156.29,156.08,156.23,1805.428
2025-11-05 10:33:00,156.22,156.23,156.04,156.22,4801.775
2025-11-05 10:34:00,156.23,156.44,156.05,156.1,946.178
2025-11-05 10:35:00,156.1,156.11,155.98,156.06,2712.799
2025-11-05 10:36:00,156.05,156.09,155.78,156.02,718.194
2025-11-05 10:37:00,156.02,156.27,155.96,156.12,1143.766
2025-11-05 10:38:00,156.12,156.16,155.54,155.55,2862.215
2025-11-05 10:39:00,155.55,155.6,155.37,155.6,3617.714
2025-11-05 10:40:00,155.6,155.76,155.55,155.56,1326.916
2025-11-05 10:41:00,155.56,155.6,155.49,155.6,413.925
2025-11-05 10:42:00,155.59,155.66,155.38,155.57,849.143
2025-11-05 10:43:00,155.58,155.72,155.57,155.64,1822.197
2025-11-05 10:44:00,155.65,155.73,155.56,155.6,853.814
2025-11-05 10:45:00,155.6,155.68,155.24,155.28,2708.84
2025-11-05 10:46:00,155.27,155.28,155.0,155.11,2037.143
2025-11-05 10:47:00,155.1,155.25,155.09,155.17,730.276
2025-11-05 10:48:00,155.16,155.16,154.98,154.98,1158.053
2025-11-05 10:49:00,154.98,155.07,154.86,155.05,1323.607
2025-11-05 10:50:00,155.04,155.04,154.81,154.94,2174.538
2025-11-05 10:51:00,154.93,155.08,154.9,155.05,1093.219
2025-11-05 10:52:00,155.04,155.06,154.87,154.87,1127.006
2025-11-05 10:53:00,154.87,155.08,154.87,155.01,1020.646
2025-11-05 10:54:00,155.01,155.02,154.69,154.76,1379.439
2025-11-05 10:55:00,154.76,155.0,154.76,154.89,933.293
2025-11-05 10:56:00,154.89,154.99,154.85,154.87,1173.181
2025-11-05 10:57:00,154.87,155.03,154.86,155.01,1319.103
2025-11-05 10:58:00,155.01,155.11,154.98,155.0,1365.483
2025-11-05 10:59:00,155.01,155.01,154.8,154.86,1070.869
2025-11-05 11:00:00,154.87,155.13,154.87,155.08,1327.67
2025-11-05 11:01:00,155.09,155.27,154.98,155.23,939.421
2025-11-05 11:02:00,155.23,155.28,155.09,155.21,1174.197
2025-11-05 11:03:00,155.22,155.52,155.21,155.47,1004.108
2025-11-05 11:04:00,155.46,155.47,155.37,155.42,1474.508
2025-11-05 11:05:00,155.43,155.61,155.43,155.54,667.346
2025-11-05 11:06:00,155.54,155.89,155.53,155.87,1874.645
2025-11-05 11:07:00,155.86,155.86,155.63,155.69,2503.786
2025-11-05 11:08:00,155.7,155.7,155.54,155.62,1679.767
2025-11-05 11:09:00,155.62,155.64,155.46,155.61,1248.646
2025-11-05 11:10:00,155.61,155.65,155.33,155.65,993.369
2025-11-05 11:11:00,155.65,155.87,155.64,155.74,857.54
2025-11-05 11:12:00,155.74,155.83,155.74,155.82,898.377
2025-11-05 11:13:00,155.81,156.21,155.72,156.12,3593.182
2025-11-05 11:14:00,156.12,156.23,155.92,155.93,2644.883
2025-11-05 11:15:00,155.92,156.28,155.9,156.22,2230.459
2025-11-05 11:16:00,156.23,156.88,156.23,156.67,5269.903
2025-11-05 11:17:00,156.66,156.78,156.4,156.41,3337.764
2025-11-05 11:18:00,156.42,156.59,156.42,156.55,1699.192
2025-11-05 11:19:00,156.55,156.58,156.19,156.2,1185.042
2025-11-05 11:20:00,156.2,156.49,156.2,156.46,642.687
2025-11-05 11:21:00,156.45,156.46,156.29,156.45,1010.647
2025-11-05 11:22:00,156.44,156.63,156.39,156.6,1234.68
2025-11-05 11:23:00,156.61,156.65,156.46,156.49,620.703
2025-11-05 11:24:00,156.49,156.79,156.49,156.76,913.835
2025-11-05 11:25:00,156.77,157.05,156.74,156.74,3385.718
2025-11-05 11:26:00,156.74,156.75,156.46,156.56,894.503
2025-11-05 11:27:00,156.56,156.56,156.33,156.4,482.108
2025-11-05 11:28:00,156.4,156.47,156.34,156.47,825.12
2025-11-05 11:29:00,156.47,156.47,156.41,156.45,439.296
2025-11-05 11:30:00,156.45,156.72,156.44,156.71,935.255
2025-11-05 11:31:00,156.7,156.7,156.47,156.7,4075.384
2025-11-05 11:32:00,156.69,156.69,156.54,156.64,740.007
2025-11-05 11:33:00,156.65,156.65,156.37,156.42,1245.957
2025-11-05 11:34:00,156.43,156.73,156.42,156.73,1244.777
2025-11-05 11:35:00,156.73,156.95,156.73,156.95,1002.941
2025-11-05 11:36:00,156.94,157.09,156.86,157.06,881.974
2025-11-05 11:37:00,157.07,157.16,156.9,156.94,2361.122
2025-11-05 11:38:00,156.93,157.0,156.83,156.93,1704.234
2025-11-05 11:39:00,156.93,157.12,156.93,157.11,5484.434
2025-11-05 11:40:00,157.11,157.22,157.04,157.22,1057.369
2025-11-05 11:41:00,157.22,157.27,156.96,157.01,1078.885
2025-11-05 11:42:00,157.01,157.03,156.81,156.85,1099.801
2025-11-05 11:43:00,156.86,157.11,156.86,157.11,3081.493
2025-11-05 11:44:00,157.12,157.24,156.92,156.92,988.04
2025-11-05 11:45:00,156.92,156.97,156.86,156.91,860.701
2025-11-05 11:46:00,156.92,157.02,156.8,156.89,542.264
2025-11-05 11:47:00,156.9,157.07,156.9,157.03,550.193
2025-11-05 11:48:00,157.04,157.35,156.92,157.05,4166.906
2025-11-05 11:49:00,157.05,157.34,157.05,157.32,1343.205
2025-11-05 11:50:00,157.31,157.58,157.27,157.57,6782.879
2025-11-05 11:51:00,157.57,157.63,157.39,157.54,2380.167
2025-11-05 11:52:00,157.53,157.54,157.36,157.47,2917.41
2025-11-05 11:53:00,157.46,157.63,157.45,157.49,1447.355
2025-11-05 11:54:00,157.49,157.51,157.28,157.31,919.149
2025-11-05 11:55:00,157.31,157.54,157.3,157.43,1667.444
2025-11-05 11:56:00,157.43,157.47,157.3,157.44,1456.565
2025-11-05 11:57:00,157.44,157.54,157.33,157.39,972.4
2025-11-05 11:58:00,157.39,157.42,157.24,157.29,833.32
2025-11-05 11:59:00,157.29,157.51,157.28,157.48,1498.138
2025-11-05 12:00:00,157.48,157.48,157.3,157.3,1317.921
2025-11-05 12:01:00,157.3,157.5,157.25,157.45,1085.91
2025-11-05 12:02:00,157.44,157.72,157.41,157.59,3040.363
2025-11-05 12:03:00,157.6,157.6,157.43,157.49,980.796
2025-11-05 12:04:00,157.49,157.54,157.08,157.13,5615.978
2025-11-05 12:05:00,157.13,157.27,157.02,157.02,4021.397
2025-11-05 12:06:00,157.03,157.09,156.78,156.83,4036.441
2025-11-05 12:07:00,156.84,157.08,156.83,157.08,1462.185
2025-11-05 12:08:00,157.08,157.14,157.0,157.05,2380.106
2025-11-05 12:09:00,157.06,157.06,156.77,157.03,1127.85
2025-11-05 12:10:00,157.04,157.12,156.91,157.05,5839.065
2025-11-05 12:11:00,157.06,157.06,156.88,157.04,3061.094
2025-11-05 12:12:00,157.04,157.19,156.93,157.19,900.089
2025-11-05 12:13:00,157.19,157.36,157.16,157.3,1061.149
2025-11-05 12:14:00,157.3,157.3,157.14,157.15,1202.806
2025-11-05 12:15:00,157.15,157.17,157.05,157.12,1410.925
2025-11-05 12:16:00,157.13,157.44,157.13,157.44,1068.597
2025-11-05 12:17:00,157.44,157.46,157.31,157.43,2932.07
2025-11-05 12:18:00,157.44,157.76,157.43,157.62,6318.558
2025-11-05 12:19:00,157.61,157.82,157.53,157.77,3357.281
2025-11-05 12:20:00,157.77,157.9,157.72,157.9,3587.894
2025-11-05 12:21:00,157.9,158.07,157.79,157.94,4379.052
2025-11-05 12:22:00,157.94,158.05,157.82,158.0,3533.203
2025-11-05 12:23:00,158.01,158.01,157.83,157.97,1668.948
2025-11-05 12:24:00,157.98,157.98,157.8,157.88,2777.215
2025-11-05 12:25:00,157.89,158.47,157.87,158.41,6616.835
2025-11-05 12:26:00,158.41,158.77,158.33,158.34,8198.284
2025-11-05 12:27:00,158.33,158.33,158.03,158.14,2767.992
2025-11-05 12:28:00,158.14,158.4,158.1,158.33,3141.839
2025-11-05 12:29:00,158.33,158.63,158.2,158.55,2800.177
2025-11-05 12:30:00,158.54,158.54,157.9,158.11,4358.264
2025-11-05 12:31:00,158.11,158.3,157.85,157.94,3681.587
2025-11-05 12:32:00,157.95,157.98,157.82,157.89,2366.113
2025-11-05 12:33:00,157.89,158.2,157.88,158.11,2750.824
2025-11-05 12:34:00,158.11,158.11,157.8,157.93,2431.857
2025-11-05 12:35:00,157.94,158.12,157.88,157.98,1733.951
2025-11-05 12:36:00,157.98,158.21,157.98,158.13,1327.104
2025-11-05 12:37:00,158.14,158.44,158.11,158.35,1437.592
2025-11-05 12:38:00,158.35,158.35,158.07,158.07,4650.052
2025-11-05 12:39:00,158.06,158.18,157.92,158.01,4271.923
2025-11-05 12:40:00,158.01,158.34,158.01,158.28,1571.521
2025-11-05 12:41:00,158.28,158.29,158.11,158.23,1705.939
2025-11-05 12:42:00,158.23,158.28,158.15,158.26,1304.918
2025-11-05 12:43:00,158.26,158.5,158.21,158.48,2867.885
2025-11-05 12:44:00,158.47,158.47,158.3,158.36,1511.895
2025-11-05 12:45:00,158.35,158.36,157.85,157.91,2345.565
2025-11-05 12:46:00,157.91,157.93,157.73,157.87,2067.079
2025-11-05 12:47:00,157.86,157.9,157.74,157.89,1318.408
2025-11-05 12:48:00,157.89,158.09,157.84,158.03,2570.767
2025-11-05 12:49:00,158.03,158.07,157.95,157.95,789.393
2025-11-05 12:50:00,157.95,158.08,157.84,158.0,1584.596
2025-11-05 12:51:00,158.0,158.04,157.94,157.97,1162.788
2025-11-05 12:52:00,157.96,157.98,157.6,157.73,3115.518
2025-11-05 12:53:00,157.72,158.0,157.64,157.93,2211.135
2025-11-05 12:54:00,157.92,157.97,157.74,157.85,874.976
2025-11-05 12:55:00,157.85,158.01,157.8,158.01,881.151
2025-11-05 12:56:00,158.01,158.2,157.95,158.17,1020.898
2025-11-05 12:57:00,158.18,158.37,158.12,158.31,2680.168
2025-11-05 12:58:00,158.31,158.31,158.19,158.23,675.632
2025-11-05 12:59:00,158.24,158.3,158.21,158.3,574.057
2025-11-05 13:00:00,158.29,158.37,158.15,158.36,1700.494
2025-11-05 13:01:00,158.37,158.53,158.32,158.5,1213.576
2025-11-05 13:02:00,158.51,158.69,158.43,158.58,2779.494
2025-11-05 13:03:00,158.59,158.77,158.58,158.65,4409.949
2025-11-05 13:04:00,158.65,158.65,158.44,158.51,4557.001
2025-11-05 13:05:00,158.51,158.51,158.09,158.21,6440.975
2025-11-05 13:06:00,158.22,158.29,157.95,158.08,1532.796
2025-11-05 13:07:00,158.08,158.17,158.02,158.03,1329.676
2025-11-05 13:08:00,158.02,158.17,157.97,158.01,1639.159
2025-11-05 13:09:00,158.01,158.14,157.99,158.13,1478.183
2025-11-05 13:10:00,158.12,158.13,157.85,157.85,1198.087
2025-11-05 13:11:00,157.86,157.97,157.85,157.91,919.316
2025-11-05 13:12:00,157.91,157.98,157.88,157.92,613.743
2025-11-05 13:13:00,157.92,157.96,157.85,157.91,1026.235
2025-11-05 13:14:00,157.91,157.96,157.87,157.96,1956.588
2025-11-05 13:15:00,157.96,157.96,157.72,157.83,1821.902
2025-11-05 13:16:00,157.83,157.97,157.6,157.89,4935.25
2025-11-05 13:17:00,157.88,157.88,157.66,157.75,1816.041
2025-11-05 13:18:00,157.74,157.9,157.64,157.7,1720.971
2025-11-05 13:19:00,157.7,157.86,157.68,157.73,2248.352
2025-11-05 13:20:00,157.73,157.88,157.72,157.82,1769.493
2025-11-05 13:21:00,157.82,157.99,157.69,157.82,1527.25
2025-11-05 13:22:00,157.82,158.24,157.82,158.21,1984.5
2025-11-05 13:23:00,158.21,158.31,158.19,158.22,1325.021
2025-11-05 13:24:00,158.21,158.25,158.15,158.16,1025.2
2025-11-05 13:25:00,158.16,158.27,158.14,158.23,861.458
2025-11-05 13:26:00,158.22,158.22,158.06,158.11,3014.508
2025-11-05 13:27:00,158.11,158.44,158.11,158.38,2197.151
2025-11-05 13:28:00,158.37,158.48,158.37,158.45,4060.224
2025-11-05 13:29:00,158.45,158.55,158.36,158.37,4033.359
2025-11-05 13:30:00,158.36,158.55,158.24,158.5,1827.485
2025-11-05 13:31:00,158.5,158.57,158.42,158.52,1540.28
2025-11-05 13:32:00,158.52,158.58,158.32,158.35,862.044
2025-11-05 13:33:00,158.35,158.55,158.16,158.5,1982.698
2025-11-05 13:34:00,158.5,158.51,158.19,158.28,1404.015
2025-11-05 13:35:00,158.29,158.37,158.15,158.36,1189.29
2025-11-05 13:36:00,158.36,158.41,158.27,158.28,1934.832
2025-11-05 13:37:00,158.28,158.39,158.2,158.35,2678.133
2025-11-05 13:38:00,158.36,158.85,158.36,158.85,4914.668
2025-11-05 13:39:00,158.84,158.89,158.64,158.79,2944.894
2025-11-05 13:40:00,158.79,158.88,158.68,158.83,2094.569
2025-11-05 13:41:00,158.83,159.05,158.74,159.03,3931.593
2025-11-05 13:42:00,159.03,159.27,158.92,159.24,6816.115
2025-11-05 13:43:00,159.25,159.54,159.15,159.21,7521.788
2025-11-05 13:44:00,159.22,159.48,159.16,159.21,5165.327
2025-11-05 13:45:00,159.22,159.26,159.02,159.22,3265.102
2025-11-05 13:46:00,159.21,159.32,159.03,159.29,4869.433
2025-11-05 13:47:00,159.29,159.44,159.18,159.42,2942.991
2025-11-05 13:48:00,159.41,159.83,159.3,159.74,8560.394
2025-11-05 13:49:00,159.74,159.74,159.45,159.64,7497.339
2025-11-05 13:50:00,159.64,159.75,159.5,159.72,6649.062
2025-11-05 13:51:00,159.72,159.77,159.53,159.77,5415.358
2025-11-05 13:52:00,159.76,159.82,159.53,159.6,4298.519
2025-11-05 13:53:00,159.6,159.66,159.46,159.63,4698.46
2025-11-05 13:54:00,159.63,159.93,159.51,159.87,4936.189
2025-11-05 13:55:00,159.86,159.86,159.48,159.48,6002.751
2025-11-05 13:56:00,159.49,159.59,159.04,159.14,8159.521
2025-11-05 13:57:00,159.14,159.17,158.94,159.17,5146.115
2025-11-05 13:58:00,159.17,159.46,159.15,159.44,4407.536
2025-11-05 13:59:00,159.44,159.51,159.3,159.45,5784.883
2025-11-05 14:00:00,159.44,159.53,159.01,159.24,5485.945
2025-11-05 14:01:00,159.24,159.55,159.1,159.54,1770.245
2025-11-05 14:02:00,159.54,159.59,159.41,159.5,2286.858
2025-11-05 14:03:00,159.51,159.51,159.35,159.37,2043.076
2025-11-05 14:04:00,159.37,159.37,159.21,159.33,3025.002
2025-11-05 14:05:00,159.32,159.65,159.25,159.4,5581.558
2025-11-05 14:06:00,159.4,159.4,159.16,159.35,3279.311
2025-11-05 14:07:00,159.35,159.35,159.16,159.16,1465.565
2025-11-05 14:08:00,159.16,159.17,158.94,159.01,3615.446
2025-11-05 14:09:00,159.0,159.06,158.92,158.94,2457.527
2025-11-05 14:10:00,158.93,158.99,158.77,158.78,1859.273
2025-11-05 14:11:00,158.79,158.99,158.78,158.95,1760.375
2025-11-05 14:12:00,158.95,158.97,158.71,158.78,1131.792
2025-11-05 14:13:00,158.78,158.83,158.73,158.8,1489.543
2025-11-05 14:14:00,158.8,158.88,158.5,158.61,4298.311
2025-11-05 14:15:00,158.61,158.61,158.28,158.57,6247.725
2025-11-05 14:16:00,158.57,158.68,158.44,158.51,2676.009
2025-11-05 14:17:00,158.51,158.65,158.42,158.57,3597.196
2025-11-05 14:18:00,158.56,158.59,158.32,158.37,1890.932
2025-11-05 14:19:00,158.37,158.6,158.32,158.6,1197.296
2025-11-05 14:20:00,158.59,158.76,158.57,158.59,1158.043
2025-11-05 14:21:00,158.59,158.59,158.35,158.52,2753.942
2025-11-05 14:22:00,158.51,158.58,158.4,158.41,2056.369
2025-11-05 14:23:00,158.4,158.44,158.27,158.34,1738.483
2025-11-05 14:24:00,158.34,158.34,157.96,158.14,6154.931
2025-11-05 14:25:00,158.15,158.18,157.94,157.94,1847.439
2025-11-05 14:26:00,157.93,157.99,157.84,157.93,4674.88
2025-11-05 14:27:00,157.94,158.17,157.85,157.86,5241.403
2025-11-05 14:28:00,157.85,157.98,157.8,157.9,1724.619
2025-11-05 14:29:00,157.9,158.0,157.82,157.82,1353.056
2025-11-05 14:30:00,157.82,158.21,157.64,158.08,6229.539
2025-11-05 14:31:00,158.08,158.12,157.45,157.61,3390.245
2025-11-05 14:32:00,157.6,157.74,157.38,157.66,8386.415
2025-11-05 14:33:00,157.66,157.85,157.33,157.59,4759.528
2025-11-05 14:34:00,157.59,157.74,157.08,157.08,5457.515
2025-11-05 14:35:00,157.09,157.47,156.94,157.37,6107.798
2025-11-05 14:36:00,157.38,157.49,157.01,157.25,3399.017
2025-11-05 14:37:00,157.24,157.54,157.14,157.46,2914.619
2025-11-05 14:38:00,157.46,157.65,157.42,157.65,2795.994
2025-11-05 14:39:00,157.66,158.13,157.66,158.11,4780.792
2025-11-05 14:40:00,158.1,158.76,158.03,158.72,6998.749
2025-11-05 14:41:00,158.71,159.07,158.53,158.66,6944.489
2025-11-05 14:42:00,158.65,158.8,158.49,158.8,4987.467
2025-11-05 14:43:00,158.8,158.96,158.46,158.57,4441.747
2025-11-05 14:44:00,158.56,158.69,158.18,158.32,4419.123
2025-11-05 14:45:00,158.33,158.82,158.3,158.58,6594.078
2025-11-05 14:46:00,158.58,158.63,158.24,158.45,4181.722
2025-11-05 14:47:00,158.45,158.8,158.26,158.76,3433.325
2025-11-05 14:48:00,158.75,158.85,158.32,158.49,10952.68
2025-11-05 14:49:00,158.5,158.84,158.49,158.73,5472.402
2025-11-05 14:50:00,158.73,159.18,158.65,159.1,3012.39
2025-11-05 14:51:00,159.1,159.23,158.97,159.08,3937.424
2025-11-05 14:52:00,159.08,159.27,158.92,159.2,5602.125
2025-11-05 14:53:00,159.19,159.53,159.18,159.48,5876.324
2025-11-05 14:54:00,159.49,159.51,159.06,159.08,3972.474
2025-11-05 14:55:00,159.08,159.15,158.96,159.08,3035.138
2025-11-05 14:56:00,159.08,159.17,158.98,159.14,3200.766
2025-11-05 14:57:00,159.14,159.25,158.78,158.78,2801.769
2025-11-05 14:58:00,158.79,158.85,158.53,158.58,1870.266
2025-11-05 14:59:00,158.59,158.83,158.58,158.74,2775.56
2025-11-05 15:00:00,158.75,158.79,158.16,158.4,14154.799
2025-11-05 15:01:00,158.39,158.45,158.13,158.27,5007.413
2025-11-05 15:02:00,158.27,158.41,158.14,158.27,3603.98
2025-11-05 15:03:00,158.27,158.28,157.91,158.19,4168.841
2025-11-05 15:04:00,158.18,158.37,157.99,158.22,9898.904
2025-11-05 15:05:00,158.21,158.7,158.1,158.56,2915.095
2025-11-05 15:06:00,158.56,158.87,158.47,158.86,2004.783
2025-11-05 15:07:00,158.86,158.92,158.6,158.61,4684.354
2025-11-05 15:08:00,158.61,158.83,158.51,158.82,2215.319
2025-11-05 15:09:00,158.83,159.08,158.71,158.97,3092.294
2025-11-05 15:10:00,158.97,158.97,158.63,158.67,4171.944
2025-11-05 15:11:00,158.68,158.68,158.31,158.51,3490.321
2025-11-05 15:12:00,158.5,158.61,158.37,158.56,2104.944
2025-11-05 15:13:00,158.55,158.62,158.4,158.51,2293.706
2025-11-05 15:14:00,158.51,158.61,158.31,158.41,2111.12
2025-11-05 15:15:00,158.4,158.56,158.18,158.51,2768.901
2025-11-05 15:16:00,158.52,158.82,158.52,158.77,1972.982
2025-11-05 15:17:00,158.77,158.93,158.66,158.68,4505.879
2025-11-05 15:18:00,158.68,158.68,158.28,158.59,2596.232
2025-11-05 15:19:00,158.59,158.78,158.56,158.73,3306.888
2025-11-05 15:20:00,158.73,158.82,158.5,158.74,2505.633
2025-11-05 15:21:00,158.74,158.76,158.1,158.16,6931.277
2025-11-05 15:22:00,158.15,158.35,158.04,158.34,3187.835
2025-11-05 15:23:00,158.34,158.75,158.33,158.74,2836.123
2025-11-05 15:24:00,158.73,158.82,158.65,158.77,1481.231
2025-11-05 15:25:00,158.77,158.81,158.48,158.49,4058.954
2025-11-05 15:26:00,158.49,158.83,158.39,158.73,2954.121
2025-11-05 15:27:00,158.72,159.0,158.72,158.96,1997.616
2025-11-05 15:28:00,158.96,159.08,158.94,159.08,1582.505
2025-11-05 15:29:00,159.08,159.12,158.73,158.77,4501.38
2025-11-05 15:30:00,158.77,158.89,158.47,158.6,4977.327
2025-11-05 15:31:00,158.6,158.82,158.48,158.51,7685.57
2025-11-05 15:32:00,158.5,158.66,158.48,158.58,1243.323
2025-11-05 15:33:00,158.59,158.86,158.5,158.81,1523.094
2025-11-05 15:34:00,158.81,158.85,158.58,158.58,2810.598
2025-11-05 15:35:00,158.59,158.73,158.41,158.73,1209.21
2025-11-05 15:36:00,158.73,158.8,158.52,158.76,2245.09
2025-11-05 15:37:00,158.76,158.76,158.46,158.75,11014.825
2025-11-05 15:38:00,158.74,159.12,158.63,159.1,5560.963
2025-11-05 15:39:00,159.1,159.24,158.99,159.24,6667.463
2025-11-05 15:40:00,159.24,159.72,159.23,159.54,9805.135
2025-11-05 15:41:00,159.54,159.98,159.54,159.65,11820.746
2025-11-05 15:42:00,159.66,160.32,159.45,160.29,15146.798
2025-11-05 15:43:00,160.29,160.48,160.11,160.45,6299.754
2025-11-05 15:44:00,160.45,160.48,159.77,159.78,11465.935
2025-11-05 15:45:00,159.77,159.93,159.68,159.69,2674.563
2025-11-05 15:46:00,159.69,160.08,159.6,160.06,7604.232
2025-11-05 15:47:00,160.05,160.05,159.8,159.89,3061.563
2025-11-05 15:48:00,159.89,160.17,159.8,160.08,3050.386
2025-11-05 15:49:00,160.08,160.15,159.95,160.05,4258.68
2025-11-05 15:50:00,160.04,160.04,159.64,159.85,5061.993
2025-11-05 15:51:00,159.85,160.07,159.74,160.05,2094.294
2025-11-05 15:52:00,160.05,160.13,159.86,160.05,6535.326
2025-11-05 15:53:00,160.06,160.11,160.0,160.1,2750.941
2025-11-05 15:54:00,160.1,160.43,160.02,160.33,2890.316
2025-11-05 15:55:00,160.32,160.47,160.26,160.3,3791.701
2025-11-05 15:56:00,160.3,160.3,160.01,160.29,3610.833
2025-11-05 15:57:00,160.29,160.57,160.19,160.36,3578.249
2025-11-05 15:58:00,160.36,160.51,160.21,160.51,3698.155
2025-11-05 15:59:00,160.51,160.54,160.4,160.5,2107.137
2025-11-05 16:00:00,160.5,160.53,160.21,160.25,2661.528
2025-11-05 16:01:00,160.25,160.47,160.2,160.3,3121.376
2025-11-05 16:02:00,160.31,160.4,160.19,160.26,4870.21
2025-11-05 16:03:00,160.26,160.28,159.71,159.81,4740.891
2025-11-05 16:04:00,159.8,159.84,159.53,159.78,5894.997
2025-11-05 16:05:00,159.78,159.94,159.6,159.89,2044.22
2025-11-05 16:06:00,159.89,160.18,159.59,159.6,6639.174
2025-11-05 16:07:00,159.59,159.71,159.54,159.59,1929.628
2025-11-05 16:08:00,159.59,159.77,159.58,159.61,2195.608
2025-11-05 16:09:00,159.61,159.86,159.56,159.66,2421.501
2025-11-05 16:10:00,159.67,159.67,159.43,159.49,2535.98
2025-11-05 16:11:00,159.5,159.62,159.47,159.54,1697.227
2025-11-05 16:12:00,159.54,159.57,159.2,159.26,4307.212
2025-11-05 16:13:00,159.26,159.3,159.08,159.24,4893.145
2025-11-05 16:14:00,159.23,159.23,158.85,159.04,8171.937
2025-11-05 16:15:00,159.05,159.23,158.99,159.23,1940.834
2025-11-05 16:16:00,159.23,159.26,158.98,158.99,1463.673
2025-11-05 16:17:00,159.0,159.02,158.81,158.88,2468.281
2025-11-05 16:18:00,158.88,159.04,158.84,159.03,1661.606
2025-11-05 16:19:00,159.04,159.23,158.99,159.2,2198.969
2025-11-05 16:20:00,159.19,159.23,158.71,158.71,3352.281
2025-11-05 16:21:00,158.72,158.94,158.72,158.88,2150.06
2025-11-05 16:22:00,158.88,158.91,158.57,158.88,2765.814
2025-11-05 16:23:00,158.88,158.9,158.84,158.87,723.704
2025-11-05 16:24:00,158.87,159.0,158.83,158.88,1518.528
2025-11-05 16:25:00,158.89,159.19,158.81,159.08,2601.462
2025-11-05 16:26:00,159.08,159.37,159.06,159.23,1901.671
2025-11-05 16:27:00,159.23,159.29,159.08,159.28,2109.967
2025-11-05 16:28:00,159.28,159.29,159.04,159.05,1134.684
2025-11-05 16:29:00,159.05,159.35,159.02,159.3,2004.369
2025-11-05 16:30:00,159.3,159.42,159.2,159.41,2766.667
2025-11-05 16:31:00,159.41,159.54,159.35,159.53,2154.739
2025-11-05 16:32:00,159.54,159.74,159.5,159.59,1994.173
2025-11-05 16:33:00,159.59,159.83,159.55,159.83,1393.509
2025-11-05 16:34:00,159.82,159.9,159.61,159.87,2539.073
2025-11-05 16:35:00,159.88,160.04,159.7,159.72,4009.791
2025-11-05 16:36:00,159.72,159.93,159.68,159.9,1510.945
2025-11-05 16:37:00,159.9,160.1,159.85,160.05,4461.708
2025-11-05 16:38:00,160.06,160.28,160.02,160.15,3854.49
2025-11-05 16:39:00,160.15,160.17,159.99,160.07,1372.905
2025-11-05 16:40:00,160.07,160.08,159.87,159.87,10903.685
2025-11-05 16:41:00,159.88,159.97,159.83,159.87,1898.708
2025-11-05 16:42:00,159.88,160.1,159.87,160.09,1855.112
2025-11-05 16:43:00,160.09,160.26,160.03,160.04,2536.285
2025-11-05 16:44:00,160.03,160.11,159.92,160.05,3013.532
2025-11-05 16:45:00,160.05,160.11,159.94,160.02,1089.744
2025-11-05 16:46:00,160.02,160.05,159.87,160.04,1463.488
2025-11-05 16:47:00,160.04,160.8,159.99,160.59,6892.872
2025-11-05 16:48:00,160.6,161.09,160.49,161.03,7283.841
2025-11-05 16:49:00,161.03,161.21,161.01,161.12,2365.089
2025-11-05 16:50:00,161.13,161.43,161.08,161.37,4933.506
2025-11-05 16:51:00,161.38,161.5,161.31,161.38,9355.733
2025-11-05 16:52:00,161.38,161.45,161.12,161.23,6450.033
2025-11-05 16:53:00,161.23,161.55,161.12,161.54,6266.944
2025-11-05 16:54:00,161.55,161.91,161.45,161.88,8833.01
2025-11-05 16:55:00,161.88,161.98,161.85,161.94,6999.433
2025-11-05 16:56:00,161.93,162.04,161.83,161.94,3780.585
2025-11-05 16:57:00,161.95,162.09,161.91,161.99,4251.5
2025-11-05 16:58:00,161.99,161.99,161.71,161.83,2820.489
2025-11-05 16:59:00,161.83,162.0,161.77,161.83,3978.278
2025-11-05 17:00:00,161.84,161.87,161.21,161.28,3856.567
2025-11-05 17:01:00,161.29,161.49,161.11,161.34,3624.295
2025-11-05 17:02:00,161.34,161.74,161.33,161.33,2972.481
2025-11-05 17:03:00,161.34,161.4,161.17,161.35,3552.442
2025-11-05 17:04:00,161.36,161.36,160.94,161.08,3676.311
2025-11-05 17:05:00,161.09,161.19,161.06,161.12,2537.979
2025-11-05 17:06:00,161.13,161.48,161.1,161.47,3382.912
2025-11-05 17:07:00,161.47,161.54,161.34,161.47,3073.205
2025-11-05 17:08:00,161.48,161.48,161.21,161.32,1052.531
2025-11-05 17:09:00,161.33,161.54,161.28,161.41,1294.475
2025-11-05 17:10:00,161.42,161.42,161.27,161.31,1747.798
2025-11-05 17:11:00,161.31,161.41,161.2,161.21,1135.885
2025-11-05 17:12:00,161.2,161.22,161.05,161.12,2253.941
2025-11-05 17:13:00,161.11,161.13,161.04,161.04,1534.777
2025-11-05 17:14:00,161.05,161.12,160.98,161.09,1292.466
2025-11-05 17:15:00,161.09,161.38,160.93,161.36,2409.693
2025-11-05 17:16:00,161.36,161.43,161.27,161.37,4080.652
2025-11-05 17:17:00,161.37,161.61,161.33,161.49,3034.583
2025-11-05 17:18:00,161.49,161.5,161.25,161.44,1443.682
2025-11-05 17:19:00,161.44,161.57,161.4,161.48,2841.287
2025-11-05 17:20:00,161.47,161.66,161.44,161.58,2417.408
2025-11-05 17:21:00,161.58,161.72,161.5,161.61,1306.164
2025-11-05 17:22:00,161.62,161.9,161.57,161.81,2410.173
2025-11-05 17:23:00,161.81,161.93,161.76,161.91,2504.448
2025-11-05 17:24:00,161.91,162.08,161.9,162.01,3802.351
2025-11-05 17:25:00,162.01,162.01,161.8,161.89,5890.332
2025-11-05 17:26:00,161.88,162.07,161.88,162.03,2161.468
2025-11-05 17:27:00,162.03,162.32,162.02,162.32,8464.659
2025-11-05 17:28:00,162.32,162.42,162.29,162.4,5830.988
2025-11-05 17:29:00,162.4,162.49,162.19,162.22,8429.922
2025-11-05 17:30:00,162.21,162.31,162.14,162.25,8325.962
2025-11-05 17:31:00,162.25,162.25,162.07,162.08,3176.965
2025-11-05 17:32:00,162.07,162.1,161.96,161.99,6770.157
2025-11-05 17:33:00,161.99,162.33,161.97,162.02,3108.527
2025-11-05 17:34:00,162.02,162.26,162.0,162.19,3286.272
2025-11-05 17:35:00,162.19,162.28,162.13,162.17,4618.349
2025-11-05 17:36:00,162.17,162.26,162.11,162.24,5009.21
2025-11-05 17:37:00,162.24,162.24,162.13,162.14,2856.688
2025-11-05 17:38:00,162.14,162.18,162.11,162.15,6646.1
2025-11-05 17:39:00,162.16,162.22,162.12,162.18,2972.733
2025-11-05 17:40:00,162.18,162.18,161.94,161.94,5629.969
2025-11-05 17:41:00,161.95,162.02,161.87,161.99,5892.462
2025-11-05 17:42:00,162.0,162.32,162.0,162.22,2026.016
2025-11-05 17:43:00,162.22,162.48,162.22,162.47,4883.408
2025-11-05 17:44:00,162.47,162.48,162.35,162.46,2455.502
2025-11-05 17:45:00,162.47,162.48,162.15,162.16,8952.003
2025-11-05 17:46:00,162.15,162.2,162.07,162.1,7986.887
2025-11-05 17:47:00,162.11,162.42,161.98,162.37,5877.577
2025-11-05 17:48:00,162.37,162.37,162.1,162.17,3770.239
2025-11-05 17:49:00,162.17,162.17,161.99,161.99,1921.236
2025-11-05 17:50:00,162.0,162.11,161.99,162.08,3078.965
2025-11-05 17:51:00,162.07,162.14,162.05,162.11,2200.926
2025-11-05 17:52:00,162.11,162.12,161.9,162.06,3429.469
2025-11-05 17:53:00,162.06,162.12,161.8,161.97,5688.388
2025-11-05 17:54:00,161.97,162.28,161.97,162.28,3483.246
2025-11-05 17:55:00,162.28,162.39,162.26,162.3,2383.272
2025-11-05 17:56:00,162.3,162.3,161.97,162.07,1197.753
2025-11-05 17:57:00,162.08,162.23,162.0,162.23,3279.852
2025-11-05 17:58:00,162.22,162.25,161.93,161.93,1652.779
2025-11-05 17:59:00,161.93,162.06,161.85,162.03,3054.35
2025-11-05 18:00:00,162.03,162.03,161.73,161.74,2663.387
2025-11-05 18:01:00,161.74,161.81,161.7,161.8,1762.987
2025-11-05 18:02:00,161.8,162.1,161.7,162.08,1859.253
2025-11-05 18:03:00,162.08,162.17,162.02,162.09,1937.175
2025-11-05 18:04:00,162.09,162.29,162.08,162.29,2672.417
2025-11-05 18:05:00,162.28,162.29,162.03,162.2,2094.29
2025-11-05 18:06:00,162.2,162.35,162.14,162.21,2461.835
2025-11-05 18:07:00,162.21,162.28,162.08,162.08,2888.13
2025-11-05 18:08:00,162.09,162.09,161.79,161.82,3050.543
2025-11-05 18:09:00,161.82,162.02,161.82,161.88,2965.447
2025-11-05 18:10:00,161.89,161.94,161.83,161.88,1138.276
2025-11-05 18:11:00,161.89,162.2,161.84,162.16,1959.603
2025-11-05 18:12:00,162.15,162.21,161.91,161.96,4132.929
2025-11-05 18:13:00,161.96,162.14,161.96,162.04,1302.699
2025-11-05 18:14:00,162.05,162.17,162.05,162.08,2413.985
2025-11-05 18:15:00,162.09,162.2,161.98,162.17,2553.387
2025-11-05 18:16:00,162.16,162.37,162.16,162.37,3287.499
2025-11-05 18:17:00,162.38,162.8,162.36,162.66,7690.624
2025-11-05 18:18:00,162.65,162.65,162.44,162.51,1745.645
2025-11-05 18:19:00,162.51,162.61,162.39,162.56,1518.863
2025-11-05 18:20:00,162.56,162.61,162.46,162.57,2775.563
2025-11-05 18:21:00,162.58,162.59,162.46,162.47,1944.19
2025-11-05 18:22:00,162.48,162.61,162.48,162.56,1882.219
2025-11-05 18:23:00,162.56,162.88,162.56,162.57,3110.463
2025-11-05 18:24:00,162.56,162.67,162.48,162.61,3246.976
2025-11-05 18:25:00,162.62,162.68,162.53,162.59,1990.289
2025-11-05 18:26:00,162.6,162.76,162.5,162.73,1946.187
2025-11-05 18:27:00,162.72,162.79,162.57,162.62,2363.334
2025-11-05 18:28:00,162.62,162.94,162.62,162.93,1579.331
2025-11-05 18:29:00,162.94,163.06,162.87,163.06,6743.713
2025-11-05 18:30:00,163.05,163.06,162.81,163.0,3325.934
2025-11-05 18:31:00,163.0,163.18,162.91,163.09,4420.882
2025-11-05 18:32:00,163.1,163.1,162.78,162.85,9677.995
2025-11-05 18:33:00,162.85,163.1,162.85,162.97,2471.064
2025-11-05 18:34:00,162.98,163.06,162.87,162.99,2952.921
2025-11-05 18:35:00,162.99,163.32,162.96,163.31,5129.904
2025-11-05 18:36:00,163.31,163.56,163.31,163.5,2979.981
2025-11-05 18:37:00,163.5,163.53,163.36,163.46,4251.551
2025-11-05 18:38:00,163.46,163.53,163.45,163.51,3572.134
2025-11-05 18:39:00,163.51,163.7,163.5,163.66,2433.254
2025-11-05 18:40:00,163.65,163.83,163.63,163.66,3284.186
2025-11-05 18:41:00,163.66,163.66,163.4,163.48,5299.282
2025-11-05 18:42:00,163.49,163.56,163.35,163.35,3673.016
2025-11-05 18:43:00,163.35,163.43,163.33,163.36,5032.738
2025-11-05 18:44:00,163.36,163.4,163.25,163.25,2031.147
2025-11-05 18:45:00,163.24,163.24,163.06,163.18,2661.728
2025-11-05 18:46:00,163.18,163.36,163.12,163.23,2477.149
2025-11-05 18:47:00,163.23,163.39,163.23,163.27,1505.429
2025-11-05 18:48:00,163.27,163.38,163.2,163.36,4475.684
2025-11-05 18:49:00,163.36,163.78,163.36,163.69,22259.765
2025-11-05 18:50:00,163.69,163.69,163.5,163.51,2118.733
2025-11-05 18:51:00,163.51,163.93,163.49,163.8,5157.314
2025-11-05 18:52:00,163.79,163.85,163.36,163.37,5168.096
2025-11-05 18:53:00,163.37,163.49,163.32,163.49,3734.026
2025-11-05 18:54:00,163.49,163.73,163.49,163.68,2423.169
2025-11-05 18:55:00,163.68,163.68,163.47,163.47,2491.221
2025-11-05 18:56:00,163.48,163.48,163.3,163.3,1510.253
2025-11-05 18:57:00,163.31,163.31,163.13,163.15,2786.172
2025-11-05 18:58:00,163.16,163.22,163.11,163.16,3276.529
2025-11-05 18:59:00,163.17,163.23,163.11,163.14,2002.728
2025-11-05 19:00:00,163.15,163.16,163.0,163.09,2616.438
2025-11-05 19:01:00,163.1,163.22,163.02,163.02,2928.243
2025-11-05 19:02:00,163.03,163.06,162.93,163.04,4906.214
2025-11-05 19:03:00,163.04,163.28,163.03,163.13,3970.407
2025-11-05 19:04:00,163.13,163.39,163.05,163.09,3699.416
2025-11-05 19:05:00,163.08,163.08,162.75,162.75,2180.302
2025-11-05 19:06:00,162.75,162.84,162.69,162.74,6089.906
2025-11-05 19:07:00,162.73,162.74,162.35,162.41,4415.088
2025-11-05 19:08:00,162.41,162.43,162.26,162.29,1444.703
2025-11-05 19:09:00,162.28,162.45,162.24,162.38,3689.947
2025-11-05 19:10:00,162.38,162.45,162.3,162.39,2078.89
2025-11-05 19:11:00,162.4,162.4,162.24,162.26,1313.963
2025-11-05 19:12:00,162.26,162.38,162.2,162.24,2623.654
2025-11-05 19:13:00,162.23,162.4,162.21,162.33,1714.503
2025-11-05 19:14:00,162.34,162.57,162.34,162.56,1127.111
2025-11-05 19:15:00,162.56,162.89,162.52,162.82,3297.475
2025-11-05 19:16:00,162.81,163.2,162.75,163.19,3350.66
2025-11-05 19:17:00,163.2,163.44,163.0,163.12,9043.685
2025-11-05 19:18:00,163.11,163.17,162.86,162.9,2654.449
2025-11-05 19:19:00,162.91,163.12,162.88,163.09,2464.039
2025-11-05 19:20:00,163.09,163.17,163.05,163.11,1868.408
2025-11-05 19:21:00,163.12,163.12,162.92,162.99,1034.83
2025-11-05 19:22:00,162.99,162.99,162.62,162.69,2874.098
2025-11-05 19:23:00,162.69,162.69,162.58,162.62,736.299
2025-11-05 19:24:00,162.63,162.85,162.6,162.75,1357.584
2025-11-05 19:25:00,162.75,162.86,162.73,162.86,1554.156
2025-11-05 19:26:00,162.85,163.06,162.85,163.04,1314.127
2025-11-05 19:27:00,163.04,163.06,162.94,162.98,1599.15
2025-11-05 19:28:00,162.98,162.98,162.79,162.96,1933.075
2025-11-05 19:29:00,162.96,162.96,162.7,162.7,864.686
2025-11-05 19:30:00,162.7,162.72,162.61,162.64,2020.371
2025-11-05 19:31:00,162.65,162.87,162.61,162.85,1892.149
2025-11-05 19:32:00,162.85,163.01,162.84,162.86,4365.743
2025-11-05 19:33:00,162.87,162.91,162.68,162.78,1854.621
2025-11-05 19:34:00,162.79,162.89,162.7,162.82,1569.028
2025-11-05 19:35:00,162.83,162.91,162.73,162.91,3520.08
2025-11-05 19:36:00,162.9,163.15,162.87,163.0,4364.367
2025-11-05 19:37:00,163.0,163.1,162.97,163.02,1371.421
2025-11-05 19:38:00,163.01,163.11,163.0,163.08,1259.26
2025-11-05 19:39:00,163.08,163.3,163.04,163.25,2491.681
2025-11-05 19:40:00,163.25,163.31,163.0,163.02,2337.972
2025-11-05 19:41:00,163.03,163.35,163.03,163.31,4608.069
2025-11-05 19:42:00,163.31,163.31,163.16,163.2,608.144
2025-11-05 19:43:00,163.2,163.21,163.04,163.13,1760.479
2025-11-05 19:44:00,163.13,163.26,163.12,163.21,2919.965
2025-11-05 19:45:00,163.21,163.27,163.05,163.1,4485.466
2025-11-05 19:46:00,163.1,163.14,162.82,162.94,1908.41
2025-11-05 19:47:00,162.95,162.99,162.65,162.66,1916.479
2025-11-05 19:48:00,162.65,162.65,162.36,162.39,2283.368
2025-11-05 19:49:00,162.38,162.41,162.27,162.27,1207.212
2025-11-05 19:50:00,162.28,162.49,162.25,162.49,3447.461
2025-11-05 19:51:00,162.49,162.58,162.35,162.41,3203.926
2025-11-05 19:52:00,162.41,162.5,162.33,162.43,2907.995
2025-11-05 19:53:00,162.42,162.45,162.35,162.36,1549.663
2025-11-05 19:54:00,162.37,162.61,162.36,162.6,1452.084
2025-11-05 19:55:00,162.6,162.7,162.57,162.57,1546.47
2025-11-05 19:56:00,162.57,162.57,162.4,162.41,3126.542
2025-11-05 19:57:00,162.42,162.61,162.36,162.55,5828.874
2025-11-05 19:58:00,162.56,162.61,162.5,162.53,2477.547
2025-11-05 19:59:00,162.53,162.67,162.49,162.53,3182.366
2025-11-05 20:00:00,162.53,162.65,162.47,162.57,3210.452
2025-11-05 20:01:00,162.58,162.82,162.58,162.82,1990.822
2025-11-05 20:02:00,162.83,162.88,162.61,162.62,2235.239
2025-11-05 20:03:00,162.62,162.99,162.58,162.84,2105.205
2025-11-05 20:04:00,162.83,162.83,162.66,162.75,951.606
2025-11-05 20:05:00,162.75,163.0,162.74,162.82,1970.981
2025-11-05 20:06:00,162.83,163.15,162.83,163.15,682.253
2025-11-05 20:07:00,163.14,163.24,163.05,163.21,1378.632
2025-11-05 20:08:00,163.22,163.31,162.91,162.92,2191.491
2025-11-05 20:09:00,162.91,163.13,162.91,163.03,1522.331
2025-11-05 20:10:00,163.03,163.13,163.03,163.09,969.757
2025-11-05 20:11:00,163.08,163.19,163.02,163.11,964.123
2025-11-05 20:12:00,163.1,163.64,163.1,163.51,5227.952
2025-11-05 20:13:00,163.5,163.68,163.5,163.55,1780.927
2025-11-05 20:14:00,163.55,163.79,163.55,163.65,2679.938
2025-11-05 20:15:00,163.66,163.67,163.4,163.42,2007.413
2025-11-05 20:16:00,163.42,163.63,163.28,163.42,2172.85
2025-11-05 20:17:00,163.42,163.62,163.41,163.41,921.873
2025-11-05 20:18:00,163.4,163.51,163.31,163.48,1427.782
2025-11-05 20:19:00,163.48,163.54,163.41,163.53,1473.788
2025-11-05 20:20:00,163.52,163.65,163.48,163.62,1273.424
2025-11-05 20:21:00,163.63,163.84,163.63,163.81,1638.795
2025-11-05 20:22:00,163.82,163.97,163.81,163.82,2566.732
2025-11-05 20:23:00,163.81,163.81,163.44,163.5,2452.403
2025-11-05 20:24:00,163.51,163.52,163.35,163.37,2036.16
2025-11-05 20:25:00,163.37,163.39,163.02,163.02,2415.869
2025-11-05 20:26:00,163.03,163.03,162.83,162.86,1794.827
2025-11-05 20:27:00,162.86,162.86,162.61,162.69,2877.47
2025-11-05 20:28:00,162.69,162.83,162.64,162.77,2609.955
2025-11-05 20:29:00,162.76,162.77,162.67,162.7,1558.768
2025-11-05 20:30:00,162.69,162.77,162.45,162.53,3048.528
2025-11-05 20:31:00,162.52,162.91,162.5,162.9,2618.6
2025-11-05 20:32:00,162.89,162.91,162.78,162.79,731.182
2025-11-05 20:33:00,162.78,162.91,162.71,162.88,983.384
2025-11-05 20:34:00,162.88,163.06,162.81,162.95,1430.666
2025-11-05 20:35:00,162.95,163.12,162.94,163.11,1714.335
2025-11-05 20:36:00,163.11,163.15,162.99,162.99,873.766
2025-11-05 20:37:00,162.99,162.99,162.67,162.71,7975.658
2025-11-05 20:38:00,162.7,162.7,162.37,162.4,3268.76
2025-11-05 20:39:00,162.4,162.56,162.39,162.44,1687.853
2025-11-05 20:40:00,162.44,162.7,162.4,162.7,2319.7
2025-11-05 20:41:00,162.71,162.83,162.63,162.63,1928.588
2025-11-05 20:42:00,162.64,162.95,162.64,162.79,1443.815
2025-11-05 20:43:00,162.79,162.9,162.67,162.68,991.431
2025-11-05 20:44:00,162.68,162.94,162.63,162.84,2820.499
2025-11-05 20:45:00,162.85,162.89,162.78,162.85,1208.197
2025-11-05 20:46:00,162.84,162.93,162.67,162.7,1241.072
2025-11-05 20:47:00,162.69,162.75,162.48,162.71,3793.148
2025-11-05 20:48:00,162.71,162.83,162.57,162.7,1721.839
2025-11-05 20:49:00,162.71,162.85,162.68,162.69,1792.518
2025-11-05 20:50:00,162.68,162.85,162.62,162.81,1318.982
2025-11-05 20:51:00,162.81,162.93,162.66,162.76,1174.336
2025-11-05 20:52:00,162.75,162.78,162.61,162.61,1572.344
2025-11-05 20:53:00,162.61,162.76,162.61,162.73,601.529
2025-11-05 20:54:00,162.73,163.13,162.73,163.12,2248.432
2025-11-05 20:55:00,163.12,163.12,162.79,162.93,2336.414
2025-11-05 20:56:00,162.93,162.99,162.83,162.91,1126.874
2025-11-05 20:57:00,162.91,162.91,162.64,162.76,1606.266
2025-11-05 20:58:00,162.77,162.83,162.5,162.56,3757.556
2025-11-05 20:59:00,162.55,162.67,162.36,162.57,1540.093
2025-11-05 21:00:00,162.56,162.56,162.03,162.03,4621.656
2025-11-05 21:01:00,162.03,162.1,161.97,162.08,3090.237
2025-11-05 21:02:00,162.09,162.17,161.94,162.01,1154.402
2025-11-05 21:03:00,162.02,162.15,161.97,162.06,2984.924
2025-11-05 21:04:00,162.06,162.09,161.89,162.08,4432.445
2025-11-05 21:05:00,162.08,162.12,161.8,161.95,2174.438
2025-11-05 21:06:00,161.95,162.01,161.8,161.86,2030.195
2025-11-05 21:07:00,161.87,161.96,161.85,161.91,845.251
2025-11-05 21:08:00,161.92,161.98,161.7,161.7,2265.71
2025-11-05 21:09:00,161.71,161.83,161.66,161.67,4345.926
2025-11-05 21:10:00,161.67,161.86,161.67,161.79,1008.569
2025-11-05 21:11:00,161.79,161.88,161.67,161.74,1008.018
2025-11-05 21:12:00,161.75,161.75,161.46,161.51,3795.88
2025-11-05 21:13:00,161.51,161.63,161.39,161.54,3189.305
2025-11-05 21:14:00,161.54,161.65,161.53,161.55,2478.538
2025-11-05 21:15:00,161.55,161.74,161.49,161.71,1458.797
2025-11-05 21:16:00,161.7,161.91,161.7,161.79,1376.987
2025-11-05 21:17:00,161.78,161.82,161.6,161.66,1107.578
2025-11-05 21:18:00,161.66,161.87,161.62,161.66,3962.895
2025-11-05 21:19:00,161.65,161.78,161.6,161.6,1938.048
2025-11-05 21:20:00,161.61,161.88,161.6,161.84,2613.365
2025-11-05 21:21:00,161.83,161.96,161.83,161.91,915.048
2025-11-05 21:22:00,161.9,161.98,161.86,161.86,1034.329
2025-11-05 21:23:00,161.87,161.87,161.68,161.7,693.717
2025-11-05 21:24:00,161.7,161.84,161.61,161.84,1755.346
2025-11-05 21:25:00,161.85,161.86,161.71,161.84,434.874
2025-11-05 21:26:00,161.83,161.86,161.64,161.68,1180.389
2025-11-05 21:27:00,161.68,161.72,161.16,161.35,7083.96
2025-11-05 21:28:00,161.35,161.64,161.35,161.61,2300.663
2025-11-05 21:29:00,161.6,161.6,161.42,161.56,1973.613
2025-11-05 21:30:00,161.56,161.66,161.48,161.5,968.869
2025-11-05 21:31:00,161.5,161.55,161.26,161.27,1149.353
2025-11-05 21:32:00,161.27,161.41,161.19,161.28,2322.225
2025-11-05 21:33:00,161.29,161.29,161.12,161.28,904.531
2025-11-05 21:34:00,161.28,161.5,161.28,161.49,1990.909
2025-11-05 21:35:00,161.49,161.82,161.48,161.81,3031.54
2025-11-05 21:36:00,161.82,161.86,161.63,161.63,1838.913
2025-11-05 21:37:00,161.64,161.64,161.13,161.18,5849.329
2025-11-05 21:38:00,161.18,161.42,161.12,161.42,5395.792
2025-11-05 21:39:00,161.42,161.44,161.28,161.4,923.725
2025-11-05 21:40:00,161.4,161.4,161.22,161.28,1202.29
2025-11-05 21:41:00,161.28,161.48,161.25,161.43,1256.468
2025-11-05 21:42:00,161.44,161.56,161.41,161.54,1684.21
2025-11-05 21:43:00,161.55,161.55,161.42,161.49,2793.929
2025-11-05 21:44:00,161.49,161.76,161.49,161.73,4545.606
2025-11-05 21:45:00,161.72,161.87,161.68,161.76,3436.078
2025-11-05 21:46:00,161.76,161.91,161.7,161.91,1562.457
2025-11-05 21:47:00,161.91,162.03,161.9,161.91,2626.299
2025-11-05 21:48:00,161.91,162.03,161.86,162.03,348.611
2025-11-05 21:49:00,162.03,162.11,161.92,162.1,1081.355
2025-11-05 21:50:00,162.11,162.5,162.11,162.34,3051.612
2025-11-05 21:51:00,162.34,162.41,162.23,162.28,1462.84
2025-11-05 21:52:00,162.27,162.3,162.14,162.3,560.564
2025-11-05 21:53:00,162.29,162.29,162.01,162.16,1240.414
2025-11-05 21:54:00,162.15,162.15,161.97,162.04,1414.369
2025-11-05 21:55:00,162.03,162.26,162.03,162.21,741.67
2025-11-05 21:56:00,162.21,162.33,162.19,162.23,975.66
2025-11-05 21:57:00,162.22,162.23,162.04,162.04,635.835
2025-11-05 21:58:00,162.04,162.05,161.95,162.01,2875.991
2025-11-05 21:59:00,162.01,162.06,161.85,161.86,3415.185
2025-11-05 22:00:00,161.86,161.96,161.85,161.96,347.778
2025-11-05 22:01:00,161.96,162.04,161.92,162.03,881.252
2025-11-05 22:02:00,162.04,162.11,161.97,162.02,352.793
2025-11-05 22:03:00,162.02,162.02,161.82,161.83,729.731
2025-11-05 22:04:00,161.82,161.82,161.52,161.54,1439.853
2025-11-05 22:05:00,161.53,161.56,161.34,161.41,1660.158
2025-11-05 22:06:00,161.4,161.49,161.31,161.44,2198.882
2025-11-05 22:07:00,161.44,161.57,161.43,161.52,1429.389
2025-11-05 22:08:00,161.53,161.57,161.4,161.43,788.754
2025-11-05 22:09:00,161.44,161.46,161.41,161.44,273.157
2025-11-05 22:10:00,161.44,161.45,161.4,161.45,367.073
2025-11-05 22:11:00,161.45,161.55,161.45,161.54,791.97
2025-11-05 22:12:00,161.53,161.58,161.46,161.56,656.882
2025-11-05 22:13:00,161.55,161.63,161.51,161.52,598.027
2025-11-05 22:14:00,161.53,161.53,161.34,161.47,994.334
2025-11-05 22:15:00,161.46,161.55,161.41,161.44,680.554
2025-11-05 22:16:00,161.44,161.62,161.44,161.62,1236.771
2025-11-05 22:17:00,161.62,161.79,161.57,161.67,718.492
2025-11-05 22:18:00,161.67,161.76,161.63,161.64,912.474
2025-11-05 22:19:00,161.64,161.71,161.63,161.64,698.755
2025-11-05 22:20:00,161.63,161.68,161.46,161.48,1929.734
2025-11-05 22:21:00,161.48,161.67,161.48,161.66,1614.712
2025-11-05 22:22:00,161.67,161.67,161.52,161.67,517.804
2025-11-05 22:23:00,161.67,161.85,161.66,161.84,525.37
2025-11-05 22:24:00,161.84,161.84,161.77,161.8,489.448
2025-11-05 22:25:00,161.8,162.0,161.78,161.93,3081.239
2025-11-05 22:26:00,161.93,161.96,161.7,161.81,2511.933
2025-11-05 22:27:00,161.81,161.97,161.78,161.91,320.165
2025-11-05 22:28:00,161.91,161.97,161.89,161.89,376.058
2025-11-05 22:29:00,161.89,161.9,161.82,161.87,671.676
2025-11-05 22:30:00,161.86,162.0,161.75,161.75,1940.761
2025-11-05 22:31:00,161.74,162.04,161.74,162.04,803.641
2025-11-05 22:32:00,162.04,162.33,162.03,162.3,2403.901
2025-11-05 22:33:00,162.31,162.41,162.12,162.12,1224.188
2025-11-05 22:34:00,162.13,162.42,162.12,162.37,830.231
2025-11-05 22:35:00,162.37,162.37,162.29,162.32,528.602
2025-11-05 22:36:00,162.31,162.51,162.31,162.51,1878.479
2025-11-05 22:37:00,162.5,162.51,162.26,162.27,1031.146
2025-11-05 22:38:00,162.27,162.28,162.22,162.28,624.799
2025-11-05 22:39:00,162.27,162.27,162.2,162.24,855.551
2025-11-05 22:40:00,162.24,162.24,162.17,162.23,514.502
2025-11-05 22:41:00,162.23,162.23,161.93,162.1,1980.564
2025-11-05 22:42:00,162.1,162.25,162.07,162.25,503.437
2025-11-05 22:43:00,162.25,162.5,162.25,162.45,1142.185
2025-11-05 22:44:00,162.46,162.46,162.4,162.4,242.601
2025-11-05 22:45:00,162.41,162.45,162.41,162.42,658.031
2025-11-05 22:46:00,162.41,162.41,162.22,162.23,451.548
2025-11-05 22:47:00,162.22,162.28,162.22,162.24,635.896
2025-11-05 22:48:00,162.24,162.41,162.22,162.37,952.657
2025-11-05 22:49:00,162.37,162.44,162.33,162.44,651.068
2025-11-05 22:50:00,162.44,162.69,162.44,162.68,829.367
2025-11-05 22:51:00,162.68,162.74,162.6,162.62,988.771
2025-11-05 22:52:00,162.63,162.87,162.62,162.74,3740.404
2025-11-05 22:53:00,162.74,162.74,162.62,162.66,1171.742
2025-11-05 22:54:00,162.67,162.68,162.6,162.62,1698.367
2025-11-05 22:55:00,162.62,162.68,162.62,162.68,475.102
2025-11-05 22:56:00,162.67,162.68,162.67,162.67,361.425
2025-11-05 22:57:00,162.68,162.88,162.68,162.73,1237.932
2025-11-05 22:58:00,162.73,162.8,162.63,162.78,1610.837
2025-11-05 22:59:00,162.78,162.91,162.73,162.82,1248.701
2025-11-05 23:00:00,162.82,163.02,162.74,162.8,1752.189
2025-11-05 23:01:00,162.81,162.86,162.67,162.78,722.908
2025-11-05 23:02:00,162.79,162.79,162.54,162.6,2304.981
2025-11-05 23:03:00,162.61,162.61,162.28,162.31,1797.734
2025-11-05 23:04:00,162.3,162.3,162.18,162.24,668.171
2025-11-05 23:05:00,162.24,162.35,162.14,162.22,1000.073
2025-11-05 23:06:00,162.23,162.36,162.17,162.25,706.562
2025-11-05 23:07:00,162.25,162.42,162.25,162.34,1474.64
2025-11-05 23:08:00,162.35,162.39,162.28,162.29,994.403
2025-11-05 23:09:00,162.29,162.43,162.21,162.27,875.389
2025-11-05 23:10:00,162.28,162.57,162.28,162.5,418.604
2025-11-05 23:11:00,162.49,162.61,162.42,162.44,541.299
2025-11-05 23:12:00,162.44,162.46,162.3,162.46,1496.871
2025-11-05 23:13:00,162.46,162.56,162.45,162.55,952.624
2025-11-05 23:14:00,162.54,162.6,162.51,162.58,496.933
2025-11-05 23:15:00,162.58,162.68,162.54,162.63,757.73
2025-11-05 23:16:00,162.62,162.64,162.46,162.47,2028.533
2025-11-05 23:17:00,162.47,162.56,162.41,162.43,6504.43
2025-11-05 23:18:00,162.43,162.53,162.38,162.49,831.263
2025-11-05 23:19:00,162.48,162.53,162.42,162.5,660.807
2025-11-05 23:20:00,162.49,162.63,162.47,162.53,1244.003
2025-11-05 23:21:00,162.53,162.8,162.46,162.79,1620.487
2025-11-05 23:22:00,162.79,162.97,162.79,162.88,2014.031
2025-11-05 23:23:00,162.87,162.87,162.71,162.86,1999.696
2025-11-05 23:24:00,162.86,162.99,162.81,162.95,706.871
2025-11-05 23:25:00,162.95,162.96,162.71,162.75,779.477
2025-11-05 23:26:00,162.75,162.75,162.59,162.66,880.073
2025-11-05 23:27:00,162.66,162.95,162.66,162.94,254.709
2025-11-05 23:28:00,162.94,163.0,162.9,162.98,925.598
2025-11-05 23:29:00,162.97,162.99,162.91,162.95,1390.048
2025-11-05 23:30:00,162.95,163.01,162.84,162.85,2284.14
2025-11-05 23:31:00,162.85,163.0,162.8,162.87,2024.196
2025-11-05 23:32:00,162.87,163.06,162.81,163.01,2942.765
2025-11-05 23:33:00,163.02,163.02,162.65,162.76,2321.671
2025-11-05 23:34:00,162.75,162.82,162.72,162.79,1816.894
2025-11-05 23:35:00,162.78,162.79,162.62,162.69,1036.546
2025-11-05 23:36:00,162.69,162.84,162.66,162.84,498.901
2025-11-05 23:37:00,162.85,162.96,162.79,162.96,641.742
2025-11-05 23:38:00,162.96,162.96,162.71,162.73,723.737
2025-11-05 23:39:00,162.73,162.73,162.67,162.7,1302.002
2025-11-05 23:40:00,162.71,162.84,162.71,162.76,3469.981
2025-11-05 23:41:00,162.77,162.79,162.66,162.73,1012.797
2025-11-05 23:42:00,162.73,162.86,162.64,162.84,1153.101
2025-11-05 23:43:00,162.85,162.85,162.75,162.79,368.473
2025-11-05 23:44:00,162.79,162.99,162.79,162.99,1135.888
2025-11-05 23:45:00,162.98,162.98,162.92,162.97,693.101
2025-11-05 23:46:00,162.98,163.0,162.85,162.86,394.564
2025-11-05 23:47:00,162.87,162.99,162.8,162.96,971.787
2025-11-05 23:48:00,162.95,162.97,162.82,162.96,954.512
2025-11-05 23:49:00,162.95,162.95,162.81,162.82,217.176
2025-11-05 23:50:00,162.82,162.82,162.59,162.63,1104.611
2025-11-05 23:51:00,162.64,162.65,162.58,162.59,501.204
2025-11-05 23:52:00,162.6,162.84,162.6,162.8,328.151
2025-11-05 23:53:00,162.79,162.79,162.65,162.65,2407.744
2025-11-05 23:54:00,162.66,162.76,162.61,162.62,693.928
2025-11-05 23:55:00,162.63,162.65,162.51,162.55,1704.234
2025-11-05 23:56:00,162.55,162.56,162.47,162.53,679.686
2025-11-05 23:57:00,162.52,162.61,162.52,162.57,363.356
2025-11-05 23:58:00,162.57,162.57,162.41,162.42,1775.665
2025-11-05 23:59:00,162.41,162.46,162.32,162.37,2607.534
2025-11-06 00:00:00,162.37,162.37,162.13,162.14,2097.543
2025-11-06 00:01:00,162.13,162.13,161.64,161.71,5574.146
2025-11-06 00:02:00,161.72,161.74,161.37,161.37,3552.143
2025-11-06 00:03:00,161.37,161.47,161.33,161.4,3354.277
2025-11-06 00:04:00,161.4,161.41,161.17,161.35,3232.087
2025-11-06 00:05:00,161.34,161.39,160.97,161.12,4908.266
2025-11-06 00:06:00,161.12,161.23,160.87,161.12,5266.858
2025-11-06 00:07:00,161.12,161.22,161.03,161.09,1725.229
2025-11-06 00:08:00,161.09,161.2,161.03,161.18,6388.016
2025-11-06 00:09:00,161.17,161.47,161.17,161.39,1979.399
2025-11-06 00:10:00,161.39,161.65,161.39,161.51,4710.249
2025-11-06 00:11:00,161.51,161.7,161.51,161.69,3961.194
2025-11-06 00:12:00,161.69,161.82,161.57,161.82,2554.145
2025-11-06 00:13:00,161.82,161.88,161.46,161.52,1402.089
2025-11-06 00:14:00,161.53,161.63,161.46,161.49,2755.733
2025-11-06 00:15:00,161.49,161.57,161.38,161.55,2526.395
2025-11-06 00:16:00,161.54,161.75,161.54,161.67,3494.056
2025-11-06 00:17:00,161.67,161.69,161.45,161.46,2697.633
2025-11-06 00:18:00,161.45,161.45,161.29,161.3,3157.817
2025-11-06 00:19:00,161.29,161.44,161.29,161.37,2527.469
2025-11-06 00:20:00,161.36,161.36,161.17,161.23,4828.955
2025-11-06 00:21:00,161.24,161.37,161.24,161.28,2690.885
2025-11-06 00:22:00,161.28,161.36,161.23,161.36,5058.965
2025-11-06 00:23:00,161.36,161.4,161.14,161.14,3386.199
2025-11-06 00:24:00,161.14,161.21,161.08,161.08,4430.832
2025-11-06 00:25:00,161.08,161.29,160.98,161.26,5441.447
2025-11-06 00:26:00,161.26,161.39,161.17,161.24,5731.127
2025-11-06 00:27:00,161.24,161.33,161.14,161.17,722.756
2025-11-06 00:28:00,161.17,161.36,161.04,161.32,3722.602
2025-11-06 00:29:00,161.32,161.37,161.2,161.31,2453.554
2025-11-06 00:30:00,161.3,161.46,161.22,161.33,4082.996
2025-11-06 00:31:00,161.34,161.35,161.08,161.09,2711.825
2025-11-06 00:32:00,161.1,161.16,161.03,161.09,2267.405
2025-11-06 00:33:00,161.1,161.16,161.0,161.08,4944.95
2025-11-06 00:34:00,161.08,161.08,160.76,160.94,6104.248
2025-11-06 00:35:00,160.93,161.1,160.88,160.97,3032.989
2025-11-06 00:36:00,160.97,161.13,160.89,160.91,2912.594
2025-11-06 00:37:00,160.91,161.02,160.79,160.8,5815.388
2025-11-06 00:38:00,160.8,160.8,160.47,160.52,9115.652
2025-11-06 00:39:00,160.52,160.74,160.52,160.64,5170.667
2025-11-06 00:40:00,160.65,160.65,160.52,160.61,3790.662
2025-11-06 00:41:00,160.62,160.85,160.61,160.75,10003.559
2025-11-06 00:42:00,160.76,160.84,160.72,160.73,2623.027
2025-11-06 00:43:00,160.73,160.82,160.61,160.69,8303.905
2025-11-06 00:44:00,160.69,160.91,160.63,160.91,3803.567
2025-11-06 00:45:00,160.91,161.07,160.89,160.89,2436.809
2025-11-06 00:46:00,160.89,160.9,160.79,160.87,2710.49
2025-11-06 00:47:00,160.88,160.88,160.67,160.86,5329.802
2025-11-06 00:48:00,160.86,160.98,160.77,160.77,1387.911
2025-11-06 00:49:00,160.78,160.91,160.77,160.91,3632.928
2025-11-06 00:50:00,160.91,161.04,160.77,161.04,4774.983
2025-11-06 00:51:00,161.04,161.19,160.98,161.17,1371.403
2025-11-06 00:52:00,161.16,161.16,161.03,161.07,1949.635
2025-11-06 00:53:00,161.08,161.3,161.07,161.29,3749.28
2025-11-06 00:54:00,161.29,161.53,161.28,161.52,2391.006
2025-11-06 00:55:00,161.53,161.56,161.35,161.39,3588.528
2025-11-06 00:56:00,161.38,161.48,161.32,161.47,2957.022
2025-11-06 00:57:00,161.47,161.47,161.33,161.36,1990.105
2025-11-06 00:58:00,161.36,161.39,161.24,161.38,3415.391
2025-11-06 00:59:00,161.39,161.41,161.33,161.38,1257.161
2025-11-06 01:00:00,161.37,161.37,161.18,161.3,5193.49
2025-11-06 01:01:00,161.3,161.37,161.11,161.17,1466.845
2025-11-06 01:02:00,161.17,161.19,161.05,161.06,5267.05
2025-11-06 01:03:00,161.05,161.05,160.94,160.97,1089.841
2025-11-06 01:04:00,160.97,160.97,160.69,160.69,2177.149
2025-11-06 01:05:00,160.7,160.81,160.69,160.76,2558.537
2025-11-06 01:06:00,160.76,160.92,160.49,160.49,3824.705
2025-11-06 01:07:00,160.48,160.65,160.43,160.43,4304.114
2025-11-06 01:08:00,160.42,160.44,160.17,160.21,7125.596
2025-11-06 01:09:00,160.21,160.34,160.04,160.34,6978.198
2025-11-06 01:10:00,160.33,160.49,160.27,160.46,2055.375
2025-11-06 01:11:00,160.46,160.53,160.32,160.49,4008.624
2025-11-06 01:12:00,160.5,160.66,160.45,160.66,3532.334
2025-11-06 01:13:00,160.66,160.75,160.58,160.72,2766.413
2025-11-06 01:14:00,160.72,160.85,160.62,160.74,2780.645
2025-11-06 01:15:00,160.73,161.01,160.71,160.89,4649.791
2025-11-06 01:16:00,160.9,160.92,160.7,160.74,2591.549
2025-11-06 01:17:00,160.74,160.74,160.51,160.53,3882.078
2025-11-06 01:18:00,160.53,160.62,160.45,160.45,3539.273
2025-11-06 01:19:00,160.44,160.48,160.16,160.22,9316.664
2025-11-06 01:20:00,160.21,160.22,160.06,160.14,3930.212
2025-11-06 01:21:00,160.13,160.2,159.83,160.04,9866.222
2025-11-06 01:22:00,160.04,160.04,159.87,160.0,4495.382
2025-11-06 01:23:00,160.0,160.19,159.99,160.1,5030.897
2025-11-06 01:24:00,160.1,160.11,159.88,160.07,4543.442
2025-11-06 01:25:00,160.07,160.19,159.76,159.77,5335.813
2025-11-06 01:26:00,159.76,159.83,159.7,159.73,3721.055
2025-11-06 01:27:00,159.73,160.11,159.7,160.06,2404.993
2025-11-06 01:28:00,160.06,160.06,159.76,159.83,5254.491
2025-11-06 01:29:00,159.84,159.99,159.76,159.96,3012.694
2025-11-06 01:30:00,159.97,160.24,159.97,160.21,4986.047
2025-11-06 01:31:00,160.21,160.34,160.19,160.34,2679.805
2025-11-06 01:32:00,160.34,160.42,160.19,160.35,2278.016
2025-11-06 01:33:00,160.34,160.38,160.2,160.31,3697.496
2025-11-06 01:34:00,160.31,160.34,160.22,160.31,2894.632
2025-11-06 01:35:00,160.31,160.52,160.31,160.38,3209.813
2025-11-06 01:36:00,160.39,160.95,160.39,160.9,4110.14
2025-11-06 01:37:00,160.9,160.91,160.68,160.73,4014.1
2025-11-06 01:38:00,160.72,160.93,160.58,160.91,5588.954
2025-11-06 01:39:00,160.9,161.02,160.86,160.87,2888.455
2025-11-06 01:40:00,160.86,160.93,160.64,160.84,4799.076
2025-11-06 01:41:00,160.84,161.08,160.84,160.93,2994.501
2025-11-06 01:42:00,160.93,161.1,160.78,160.8,5557.905
2025-11-06 01:43:00,160.8,160.82,160.75,160.78,2466.773
2025-11-06 01:44:00,160.77,160.85,160.75,160.85,3675.754
2025-11-06 01:45:00,160.84,161.06,160.79,161.06,6575.923
2025-11-06 01:46:00,161.06,161.67,161.06,161.29,8738.899
2025-11-06 01:47:00,161.29,161.3,161.07,161.13,1703.91
2025-11-06 01:48:00,161.13,161.17,161.01,161.02,2872.396
2025-11-06 01:49:00,161.01,161.11,160.94,161.0,2545.243
2025-11-06 01:50:00,161.0,161.01,160.75,160.84,5393.255
2025-11-06 01:51:00,160.85,161.13,160.84,161.08,3685.757
2025-11-06 01:52:00,161.08,161.21,161.01,161.01,2596.724
2025-11-06 01:53:00,161.02,161.07,160.93,161.07,3951.977
2025-11-06 01:54:00,161.07,161.07,160.77,160.77,3581.202
2025-11-06 01:55:00,160.78,160.9,160.77,160.88,3531.377
2025-11-06 01:56:00,160.88,160.93,160.75,160.78,1055.265
2025-11-06 01:57:00,160.78,160.93,160.77,160.86,2296.357
2025-11-06 01:58:00,160.85,160.85,160.69,160.81,2099.565
2025-11-06 01:59:00,160.8,160.84,160.74,160.8,1209.031
2025-11-06 02:00:00,160.8,161.11,160.79,160.92,1263.109
2025-11-06 02:01:00,160.91,161.2,160.86,160.99,800.524
2025-11-06 02:02:00,160.98,160.99,160.71,160.89,1121.659
2025-11-06 02:03:00,160.89,160.99,160.85,160.99,761.023
2025-11-06 02:04:00,160.99,161.2,160.91,160.94,1733.144
2025-11-06 02:05:00,160.94,161.18,160.93,161.01,1735.691
2025-11-06 02:06:00,161.01,161.03,160.83,160.94,1124.632
2025-11-06 02:07:00,160.94,161.13,160.92,161.08,1184.999
2025-11-06 02:08:00,161.09,161.32,161.08,161.17,1563.759
2025-11-06 02:09:00,161.17,161.17,160.89,160.89,846.336
2025-11-06 02:10:00,160.88,160.88,160.66,160.71,906.586
2025-11-06 02:11:00,160.71,160.74,160.24,160.34,3173.416
2025-11-06 02:12:00,160.34,160.54,160.13,160.46,1321.664
2025-11-06 02:13:00,160.45,160.45,160.22,160.22,901.628
2025-11-06 02:14:00,160.22,160.27,160.11,160.2,1394.351
2025-11-06 02:15:00,160.2,160.56,160.2,160.5,792.64
2025-11-06 02:16:00,160.5,160.93,160.49,160.93,742.3
2025-11-06 02:17:00,160.93,161.17,160.93,161.07,798.983
2025-11-06 02:18:00,161.07,161.16,161.04,161.13,491.264
2025-11-06 02:19:00,161.13,161.13,160.91,161.1,559.202
2025-11-06 02:20:00,161.1,161.14,160.92,160.95,997.73
2025-11-06 02:21:00,160.95,161.08,160.91,160.92,1420.378
2025-11-06 02:22:00,160.93,160.95,160.79,160.79,1210.759
2025-11-06 02:23:00,160.8,161.06,160.8,160.83,1801.898
2025-11-06 02:24:00,160.83,161.0,160.67,160.68,1332.546
2025-11-06 02:25:00,160.67,160.81,160.5,160.55,1265.019
2025-11-06 02:26:00,160.55,160.62,160.39,160.44,6658.074
2025-11-06 02:27:00,160.43,160.7,160.36,160.54,4625.61
2025-11-06 02:28:00,160.54,160.66,160.47,160.65,1602.513
2025-11-06 02:29:00,160.66,160.86,160.62,160.7,1139.206
2025-11-06 02:30:00,160.7,160.88,160.59,160.87,2350.498
2025-11-06 02:31:00,160.88,161.15,160.83,161.05,1674.812
2025-11-06 02:32:00,161.04,161.21,160.94,161.2,1637.486
2025-11-06 02:33:00,161.2,161.47,161.2,161.42,2367.537
2025-11-06 02:34:00,161.43,161.5,161.26,161.31,3282.518
2025-11-06 02:35:00,161.32,161.66,161.32,161.43,3058.742
2025-11-06 02:36:00,161.43,161.47,161.3,161.47,504.864
2025-11-06 02:37:00,161.48,161.57,161.46,161.54,825.444
2025-11-06 02:38:00,161.54,161.56,161.46,161.53,2179.998
2025-11-06 02:39:00,161.52,161.52,161.42,161.5,1076.168
2025-11-06 02:40:00,161.51,161.83,161.46,161.8,2267.497
2025-11-06 02:41:00,161.79,161.82,161.64,161.77,684.014
2025-11-06 02:42:00,161.77,162.17,161.77,162.04,4368.683
2025-11-06 02:43:00,162.05,162.13,162.0,162.07,1856.871
2025-11-06 02:44:00,162.07,162.08,161.81,161.81,1598.342
2025-11-06 02:45:00,161.81,162.13,161.72,161.77,5049.947
2025-11-06 02:46:00,161.77,162.26,161.77,162.09,3453.947
2025-11-06 02:47:00,162.08,162.25,161.93,162.21,1850.901
2025-11-06 02:48:00,162.21,162.33,162.04,162.05,2473.187
2025-11-06 02:49:00,162.05,162.28,161.77,162.27,8193.375
2025-11-06 02:50:00,162.27,162.3,162.12,162.18,2053.964
2025-11-06 02:51:00,162.18,162.2,161.96,162.12,1434.036
2025-11-06 02:52:00,162.12,162.12,161.9,161.93,1792.157
2025-11-06 02:53:00,161.92,161.94,161.69,161.79,1101.308
2025-11-06 02:54:00,161.78,161.8,161.67,161.7,605.556
2025-11-06 02:55:00,161.7,161.82,161.65,161.71,554.414
2025-11-06 02:56:00,161.71,161.95,161.71,161.88,847.174
2025-11-06 02:57:00,161.88,161.97,161.81,161.9,859.282
2025-11-06 02:58:00,161.89,161.95,161.79,161.92,1261.863
2025-11-06 02:59:00,161.91,161.91,161.73,161.75,732.917
2025-11-06 03:00:00,161.75,161.86,161.61,161.62,1543.75
2025-11-06 03:01:00,161.62,162.1,161.62,162.1,1006.493
2025-11-06 03:02:00,162.09,162.2,161.98,162.19,630.235
2025-11-06 03:03:00,162.19,162.24,162.07,162.12,1071.854
2025-11-06 03:04:00,162.11,162.17,161.97,162.17,590.542
2025-11-06 03:05:00,162.18,162.25,161.94,161.98,3016.379
2025-11-06 03:06:00,161.97,162.03,161.9,162.0,3356.853
2025-11-06 03:07:00,162.0,162.28,161.94,161.95,913.747
2025-11-06 03:08:00,161.94,161.95,161.65,161.77,1585.12
2025-11-06 03:09:00,161.77,162.25,161.74,162.24,2660.349
2025-11-06 03:10:00,162.24,162.24,162.09,162.11,377.779
2025-11-06 03:11:00,162.11,162.21,162.07,162.14,1010.486
2025-11-06 03:12:00,162.13,162.13,161.94,161.98,1348.975
2025-11-06 03:13:00,161.98,162.01,161.84,161.98,866.236
2025-11-06 03:14:00,161.97,162.08,161.9,162.05,501.839
2025-11-06 03:15:00,162.04,162.07,161.95,161.95,4117.527
2025-11-06 03:16:00,161.95,162.48,161.95,162.45,8008.792
2025-11-06 03:17:00,162.44,162.5,162.28,162.49,1403.518
2025-11-06 03:18:00,162.49,162.88,162.49,162.82,2480.594
2025-11-06 03:19:00,162.82,162.91,162.69,162.71,2072.643
2025-11-06 03:20:00,162.72,162.8,162.59,162.79,2357.796
2025-11-06 03:21:00,162.78,162.91,162.61,162.69,941.434
2025-11-06 03:22:00,162.68,162.71,162.5,162.71,1797.281
2025-11-06 03:23:00,162.7,162.81,162.45,162.48,1157.798
2025-11-06 03:24:00,162.48,162.54,162.38,162.47,1700.25
2025-11-06 03:25:00,162.47,162.47,162.31,162.42,1032.039
2025-11-06 03:26:00,162.42,162.52,162.35,162.35,840.719
2025-11-06 03:27:00,162.35,162.46,162.28,162.4,483.183
2025-11-06 03:28:00,162.4,162.4,162.22,162.24,482.555
2025-11-06 03:29:00,162.23,162.23,161.92,162.0,1920.107
2025-11-06 03:30:00,162.0,162.25,161.99,162.17,4193.085
2025-11-06 03:31:00,162.16,162.23,161.97,162.06,1500.174
2025-11-06 03:32:00,162.06,162.2,162.05,162.11,700.129
2025-11-06 03:33:00,162.1,162.1,161.99,162.0,303.325
2025-11-06 03:34:00,162.0,162.07,161.99,162.07,785.71
2025-11-06 03:35:00,162.07,162.3,162.02,162.26,1554.143
2025-11-06 03:36:00,162.26,162.32,162.09,162.12,727.38
2025-11-06 03:37:00,162.12,162.18,162.07,162.14,1032.344
2025-11-06 03:38:00,162.15,162.48,162.15,162.48,2013.149
2025-11-06 03:39:00,162.48,162.48,162.32,162.33,391.472
2025-11-06 03:40:00,162.34,162.39,162.22,162.25,905.282
2025-11-06 03:41:00,162.25,162.33,162.06,162.1,387.949
2025-11-06 03:42:00,162.11,162.22,162.08,162.19,885.893
2025-11-06 03:43:00,162.2,162.34,162.2,162.34,232.858
2025-11-06 03:44:00,162.33,162.33,162.18,162.22,606.188
2025-11-06 03:45:00,162.21,162.27,162.16,162.23,261.668
2025-11-06 03:46:00,162.23,162.4,162.23,162.37,1037.765
2025-11-06 03:47:00,162.37,162.37,162.12,162.26,639.431
2025-11-06 03:48:00,162.26,162.44,162.22,162.39,1214.054
2025-11-06 03:49:00,162.4,162.43,162.29,162.42,606.691
2025-11-06 03:50:00,162.42,162.5,162.37,162.48,809.68
2025-11-06 03:51:00,162.47,162.52,162.26,162.51,1013.632
2025-11-06 03:52:00,162.52,162.57,162.47,162.53,1027.726
2025-11-06 03:53:00,162.52,162.52,162.36,162.37,1796.719
2025-11-06 03:54:00,162.37,162.47,162.27,162.45,912.276
2025-11-06 03:55:00,162.44,162.5,162.38,162.38,704.283
2025-11-06 03:56:00,162.38,162.42,162.3,162.42,1557.796
2025-11-06 03:57:00,162.41,162.63,162.41,162.49,686.984
2025-11-06 03:58:00,162.5,162.57,162.46,162.54,368.442
2025-11-06 03:59:00,162.54,162.54,162.34,162.45,844.488
2025-11-06 04:00:00,162.46,162.54,162.39,162.48,2909.015
2025-11-06 04:01:00,162.47,162.47,162.13,162.21,625.206
2025-11-06 04:02:00,162.21,162.4,162.21,162.38,463.526
2025-11-06 04:03:00,162.37,162.4,162.3,162.33,326.309
2025-11-06 04:04:00,162.33,162.33,162.27,162.29,528.175
2025-11-06 04:05:00,162.29,162.52,162.27,162.5,364.132
2025-11-06 04:06:00,162.5,162.5,162.13,162.2,990.698
2025-11-06 04:07:00,162.2,162.27,162.17,162.2,977.956
2025-11-06 04:08:00,162.19,162.2,162.01,162.14,820.784
2025-11-06 04:09:00,162.13,162.13,162.04,162.13,621.324
2025-11-06 04:10:00,162.12,162.27,162.12,162.19,317.15
2025-11-06 04:11:00,162.19,162.26,162.12,162.15,1306.681
2025-11-06 04:12:00,162.16,162.4,162.1,162.39,1701.542
2025-11-06 04:13:00,162.38,162.58,162.37,162.57,550.382
2025-11-06 04:14:00,162.58,162.68,162.48,162.48,1362.204
2025-11-06 04:15:00,162.49,162.62,162.44,162.44,714.091
2025-11-06 04:16:00,162.44,162.51,162.36,162.4,556.464
2025-11-06 04:17:00,162.4,162.45,162.33,162.43,294.913
2025-11-06 04:18:00,162.43,162.67,162.42,162.52,279.463
2025-11-06 04:19:00,162.52,162.54,162.37,162.48,334.714
2025-11-06 04:20:00,162.49,162.51,162.37,162.43,520.705
2025-11-06 04:21:00,162.43,162.47,162.18,162.24,1507.445
2025-11-06 04:22:00,162.25,162.25,162.1,162.12,621.893
2025-11-06 04:23:00,162.12,162.23,162.12,162.23,339.959
2025-11-06 04:24:00,162.22,162.25,162.14,162.17,647.331
2025-11-06 04:25:00,162.17,162.18,162.11,162.11,132.527
2025-11-06 04:26:00,162.12,162.12,161.9,161.97,1130.963
2025-11-06 04:27:00,161.96,162.02,161.92,161.95,342.637
2025-11-06 04:28:00,161.95,161.95,161.79,161.81,557.579
2025-11-06 04:29:00,161.81,162.0,161.8,161.8,1989.959
2025-11-06 04:30:00,161.81,161.82,161.75,161.76,652.055
2025-11-06 04:31:00,161.76,161.84,161.71,161.81,957.297
2025-11-06 04:32:00,161.81,161.91,161.79,161.82,575.498
2025-11-06 04:33:00,161.82,161.99,161.82,161.93,843.776
2025-11-06 04:34:00,161.93,161.97,161.9,161.95,588.62
2025-11-06 04:35:00,161.95,162.14,161.94,162.01,2787.186
2025-11-06 04:36:00,162.01,162.01,161.78,161.78,309.915
2025-11-06 04:37:00,161.79,161.93,161.75,161.82,745.153
2025-11-06 04:38:00,161.81,161.99,161.76,161.96,858.499
2025-11-06 04:39:00,161.96,162.05,161.87,161.88,1242.771
2025-11-06 04:40:00,161.87,161.9,161.75,161.9,272.972
2025-11-06 04:41:00,161.9,162.04,161.9,162.01,480.553
2025-11-06 04:42:00,162.01,162.28,162.01,162.16,575.502
2025-11-06 04:43:00,162.16,162.18,162.09,162.15,258.77
2025-11-06 04:44:00,162.15,162.24,162.15,162.19,587.952
2025-11-06 04:45:00,162.19,162.75,162.15,162.72,4048.199
2025-11-06 04:46:00,162.73,162.74,162.41,162.51,1194.169
2025-11-06 04:47:00,162.52,162.71,162.52,162.61,2112.64
2025-11-06 04:48:00,162.62,162.68,162.51,162.55,1579.717
2025-11-06 04:49:00,162.55,162.56,162.39,162.48,3591.033
2025-11-06 04:50:00,162.48,162.48,162.32,162.34,1413.123
2025-11-06 04:51:00,162.34,162.47,162.34,162.37,490.049
2025-11-06 04:52:00,162.37,162.38,162.19,162.34,626.003
2025-11-06 04:53:00,162.34,162.35,162.26,162.28,258.681
2025-11-06 04:54:00,162.29,162.29,162.07,162.11,970.035
2025-11-06 04:55:00,162.11,162.11,161.97,162.05,1516.636
2025-11-06 04:56:00,162.05,162.05,161.98,161.99,191.988
2025-11-06 04:57:00,161.99,162.05,161.97,161.99,134.709
2025-11-06 04:58:00,161.99,162.02,161.95,162.01,749.288
2025-11-06 04:59:00,162.01,162.3,162.0,162.13,2889.23
2025-11-06 05:00:00,162.12,162.12,161.92,162.01,394.237
2025-11-06 05:01:00,162.0,162.07,161.92,161.93,472.935
2025-11-06 05:02:00,161.93,161.94,161.78,161.8,1064.0
2025-11-06 05:03:00,161.8,162.01,161.8,161.94,452.569
2025-11-06 05:04:00,161.94,161.95,161.84,161.91,302.077
2025-11-06 05:05:00,161.9,161.91,161.71,161.72,1175.263
2025-11-06 05:06:00,161.72,161.78,161.66,161.66,270.682
2025-11-06 05:07:00,161.67,161.67,161.42,161.45,1148.14
2025-11-06 05:08:00,161.45,161.48,161.24,161.31,2687.75
2025-11-06 05:09:00,161.31,161.32,160.82,160.92,3022.583
2025-11-06 05:10:00,160.93,161.0,160.77,160.87,972.496
2025-11-06 05:11:00,160.87,160.87,160.24,160.39,9140.092
2025-11-06 05:12:00,160.39,160.39,160.21,160.29,1610.711
2025-11-06 05:13:00,160.28,160.44,160.26,160.39,2182.412
2025-11-06 05:14:00,160.39,160.47,160.31,160.39,2402.99
2025-11-06 05:15:00,160.39,160.39,160.16,160.21,2814.589
2025-11-06 05:16:00,160.21,160.3,159.98,160.05,8716.179
2025-11-06 05:17:00,160.04,160.04,159.83,159.99,2168.212
2025-11-06 05:18:00,160.0,160.27,159.96,160.07,2702.067
2025-11-06 05:19:00,160.07,160.18,160.03,160.18,1497.921
2025-11-06 05:20:00,160.17,160.41,160.14,160.39,1538.087
2025-11-06 05:21:00,160.38,160.38,160.09,160.11,1396.691
2025-11-06 05:22:00,160.11,160.43,160.11,160.39,1617.188
2025-11-06 05:23:00,160.38,160.44,160.33,160.33,792.728
2025-11-06 05:24:00,160.32,160.41,160.28,160.41,431.15
2025-11-06 05:25:00,160.41,160.42,160.26,160.28,1130.238
2025-11-06 05:26:00,160.28,160.38,160.11,160.11,2190.978
2025-11-06 05:27:00,160.11,160.3,160.02,160.02,1066.538
2025-11-06 05:28:00,160.03,160.18,159.98,160.18,1996.989
2025-11-06 05:29:00,160.18,160.18,160.01,160.01,649.212
2025-11-06 05:30:00,160.01,160.16,160.0,160.1,880.048
2025-11-06 05:31:00,160.09,160.1,159.72,159.73,1464.051
2025-11-06 05:32:00,159.73,159.89,159.72,159.77,690.08
2025-11-06 05:33:00,159.76,159.84,159.67,159.73,1586.349
2025-11-06 05:34:00,159.74,159.89,159.74,159.8,475.544
2025-11-06 05:35:00,159.79,160.03,159.71,160.02,2807.612
2025-11-06 05:36:00,160.02,160.02,159.79,159.86,1635.876
2025-11-06 05:37:00,159.86,159.86,159.32,159.44,7766.256
2025-11-06 05:38:00,159.44,159.49,159.12,159.33,4659.391
2025-11-06 05:39:00,159.32,159.48,159.26,159.3,1879.54
2025-11-06 05:40:00,159.29,159.59,159.29,159.56,793.009
2025-11-06 05:41:00,159.55,159.68,159.44,159.65,2080.192
2025-11-06 05:42:00,159.65,159.72,159.63,159.66,637.255
2025-11-06 05:43:00,159.65,159.71,159.52,159.6,1437.297
2025-11-06 05:44:00,159.61,159.65,159.59,159.63,375.25
2025-11-06 05:45:00,159.63,159.72,159.5,159.56,3353.353
2025-11-06 05:46:00,159.56,159.64,159.54,159.64,311.16
2025-11-06 05:47:00,159.65,159.69,159.36,159.46,7999.632
2025-11-06 05:48:00,159.46,159.48,159.18,159.24,7390.229
2025-11-06 05:49:00,159.25,159.33,159.23,159.31,601.46
2025-11-06 05:50:00,159.3,159.32,159.16,159.16,1791.582
2025-11-06 05:51:00,159.16,159.3,158.83,159.05,7243.923
2025-11-06 05:52:00,159.05,159.35,159.05,159.22,1322.878
2025-11-06 05:53:00,159.22,159.24,158.97,159.03,2212.592
2025-11-06 05:54:00,159.02,159.15,158.98,159.05,3444.796
2025-11-06 05:55:00,159.06,159.2,159.02,159.14,3750.371
2025-11-06 05:56:00,159.15,159.31,159.11,159.24,2094.726
2025-11-06 05:57:00,159.23,159.35,159.2,159.23,1392.344
2025-11-06 05:58:00,159.23,159.37,159.21,159.26,1285.012
2025-11-06 05:59:00,159.26,159.33,159.23,159.33,933.145
2025-11-06 06:00:00,159.32,159.34,159.23,159.27,1601.153
2025-11-06 06:01:00,159.27,159.43,159.25,159.26,1115.876
2025-11-06 06:02:00,159.26,159.27,159.06,159.18,1428.291
2025-11-06 06:03:00,159.18,159.52,159.14,159.5,858.872
2025-11-06 06:04:00,159.5,159.59,159.47,159.47,15970.935
2025-11-06 06:05:00,159.48,159.58,159.38,159.54,1677.275
2025-11-06 06:06:00,159.53,159.65,159.45,159.51,741.027
2025-11-06 06:07:00,159.51,159.52,159.38,159.45,868.343
2025-11-06 06:08:00,159.44,159.45,159.02,159.02,1860.718
2025-11-06 06:09:00,159.03,159.11,158.86,159.09,1349.98
2025-11-06 06:10:00,159.09,159.49,159.09,159.49,778.094
2025-11-06 06:11:00,159.48,159.48,159.32,159.4,884.55
2025-11-06 06:12:00,159.4,159.56,159.38,159.4,951.987
2025-11-06 06:13:00,159.4,159.41,159.32,159.34,1210.878
2025-11-06 06:14:00,159.35,159.43,159.34,159.36,1200.791
2025-11-06 06:15:00,159.35,159.68,159.35,159.67,956.04
2025-11-06 06:16:00,159.67,159.67,159.58,159.6,1080.434
2025-11-06 06:17:00,159.59,159.59,159.35,159.49,1289.602
2025-11-06 06:18:00,159.48,159.87,159.44,159.52,2059.272
2025-11-06 06:19:00,159.52,159.57,159.44,159.48,842.2
2025-11-06 06:20:00,159.48,159.57,159.3,159.39,738.122
2025-11-06 06:21:00,159.4,159.66,159.4,159.66,1034.153
2025-11-06 06:22:00,159.66,159.8,159.63,159.7,683.898
2025-11-06 06:23:00,159.69,159.77,159.69,159.77,1936.755
2025-11-06 06:24:00,159.78,159.78,159.7,159.72,822.172
2025-11-06 06:25:00,159.72,159.79,159.64,159.73,1243.978
2025-11-06 06:26:00,159.73,159.79,159.67,159.71,1724.386
2025-11-06 06:27:00,159.71,159.78,159.69,159.73,943.628
2025-11-06 06:28:00,159.73,159.75,159.63,159.72,679.066
2025-11-06 06:29:00,159.72,159.8,159.72,159.78,477.562
2025-11-06 06:30:00,159.78,160.0,159.77,159.99,1454.492
2025-11-06 06:31:00,159.98,160.0,159.63,159.63,2946.295
2025-11-06 06:32:00,159.62,159.63,159.31,159.45,1058.512
2025-11-06 06:33:00,159.46,159.47,159.03,159.21,6244.975
2025-11-06 06:34:00,159.21,159.46,159.15,159.44,732.366
2025-11-06 06:35:00,159.45,159.5,159.4,159.49,1229.557
2025-11-06 06:36:00,159.48,159.64,159.48,159.57,845.605
2025-11-06 06:37:00,159.57,159.58,159.31,159.36,1466.343
2025-11-06 06:38:00,159.36,159.51,159.27,159.47,1261.908
2025-11-06 06:39:00,159.47,159.66,159.4,159.43,777.515
2025-11-06 06:40:00,159.43,159.5,159.35,159.48,679.37
2025-11-06 06:41:00,159.47,159.54,159.43,159.44,1368.595
2025-11-06 06:42:00,159.45,159.57,159.44,159.49,2039.507
2025-11-06 06:43:00,159.49,159.61,159.43,159.58,1990.471
2025-11-06 06:44:00,159.58,159.63,159.49,159.56,1738.379
2025-11-06 06:45:00,159.57,159.57,159.3,159.44,1192.723
2025-11-06 06:46:00,159.45,159.51,159.13,159.14,1972.553
2025-11-06 06:47:00,159.14,159.49,159.14,159.41,1596.084
2025-11-06 06:48:00,159.4,159.49,159.31,159.44,1574.752
2025-11-06 06:49:00,159.45,159.64,159.45,159.52,404.994
2025-11-06 06:50:00,159.51,159.57,159.25,159.3,535.096
2025-11-06 06:51:00,159.3,159.36,159.22,159.27,1807.514
2025-11-06 06:52:00,159.27,159.28,159.15,159.16,877.653
2025-11-06 06:53:00,159.16,159.2,159.1,159.18,719.095
2025-11-06 06:54:00,159.18,159.18,159.1,159.13,479.371
2025-11-06 06:55:00,159.14,159.36,159.14,159.34,949.725
2025-11-06 06:56:00,159.33,159.37,159.29,159.29,739.683
2025-11-06 06:57:00,159.3,159.33,159.05,159.05,1140.239
2025-11-06 06:58:00,159.05,159.08,159.0,159.03,667.16
2025-11-06 06:59:00,159.02,159.04,158.78,158.8,6333.687
2025-11-06 07:00:00,158.8,158.97,158.74,158.92,2108.412
2025-11-06 07:01:00,158.93,159.03,158.88,158.92,3849.162
2025-11-06 07:02:00,158.92,158.93,158.68,158.8,1483.92
2025-11-06 07:03:00,158.81,158.86,158.73,158.85,2309.206
2025-11-06 07:04:00,158.86,158.96,158.85,158.96,2007.618
2025-11-06 07:05:00,158.95,159.11,158.91,158.93,1015.982
2025-11-06 07:06:00,158.94,159.12,158.89,159.12,672.796
2025-11-06 07:07:00,159.13,159.32,159.1,159.28,584.344
2025-11-06 07:08:00,159.29,159.47,159.29,159.47,416.764
2025-11-06 07:09:00,159.47,159.5,159.42,159.45,556.215
2025-11-06 07:10:00,159.44,159.44,159.2,159.36,495.463
2025-11-06 07:11:00,159.36,159.42,159.26,159.26,436.837
2025-11-06 07:12:00,159.25,159.28,159.11,159.17,372.209
2025-11-06 07:13:00,159.17,159.23,159.14,159.21,187.817
2025-11-06 07:14:00,159.21,159.22,159.13,159.22,1222.25
2025-11-06 07:15:00,159.22,159.23,158.94,158.96,4424.212
2025-11-06 07:16:00,158.96,159.06,158.83,158.84,1190.071
2025-11-06 07:17:00,158.83,158.84,158.37,158.44,8468.398
2025-11-06 07:18:00,158.44,158.54,158.25,158.32,9013.347
2025-11-06 07:19:00,158.32,158.48,158.32,158.38,1651.309
2025-11-06 07:20:00,158.38,158.52,158.35,158.47,1842.701
2025-11-06 07:21:00,158.47,158.71,158.44,158.7,716.108
2025-11-06 07:22:00,158.7,158.83,158.67,158.81,1007.436
2025-11-06 07:23:00,158.82,159.2,158.79,159.16,1022.741
2025-11-06 07:24:00,159.16,159.87,159.16,159.87,2713.935
2025-11-06 07:25:00,159.87,159.99,159.57,159.63,2211.165
2025-11-06 07:26:00,159.63,159.99,159.53,159.56,2259.829
2025-11-06 07:27:00,159.56,159.7,159.5,159.55,3939.304
2025-11-06 07:28:00,159.55,159.63,159.5,159.51,639.846
2025-11-06 07:29:00,159.51,159.6,159.44,159.55,1243.942
2025-11-06 07:30:00,159.54,159.54,159.25,159.36,674.325
2025-11-06 07:31:00,159.35,159.46,159.17,159.22,1392.61
2025-11-06 07:32:00,159.22,159.25,159.08,159.13,1146.876
2025-11-06 07:33:00,159.14,159.23,159.06,159.11,648.798
2025-11-06 07:34:00,159.1,159.25,158.92,158.99,1303.029
2025-11-06 07:35:00,159.0,159.2,158.96,159.15,3649.043
2025-11-06 07:36:00,159.14,159.36,159.09,159.35,1183.511
2025-11-06 07:37:00,159.34,159.59,159.32,159.39,1107.182
2025-11-06 07:38:00,159.39,159.4,159.06,159.06,532.062
2025-11-06 07:39:00,159.05,159.05,158.55,158.58,2771.699
2025-11-06 07:40:00,158.59,158.73,158.52,158.54,1724.023
2025-11-06 07:41:00,158.53,158.75,158.5,158.72,640.586
2025-11-06 07:42:00,158.73,158.76,158.61,158.72,502.885
2025-11-06 07:43:00,158.73,158.82,158.69,158.78,714.853
2025-11-06 07:44:00,158.77,158.84,158.72,158.77,529.348
2025-11-06 07:45:00,158.76,158.79,158.69,158.77,702.058
2025-11-06 07:46:00,158.78,158.93,158.7,158.77,452.958
2025-11-06 07:47:00,158.77,158.77,158.61,158.61,995.851
2025-11-06 07:48:00,158.6,158.84,158.56,158.78,1125.37
2025-11-06 07:49:00,158.77,159.0,158.77,158.86,750.063
2025-11-06 07:50:00,158.85,158.9,158.69,158.79,776.236
2025-11-06 07:51:00,158.79,158.99,158.79,158.99,755.226
2025-11-06 07:52:00,158.99,158.99,158.85,158.95,1027.628
2025-11-06 07:53:00,158.94,159.07,158.88,158.98,795.469
2025-11-06 07:54:00,158.97,159.0,158.91,158.91,524.037
2025-11-06 07:55:00,158.91,159.0,158.8,158.99,374.74
2025-11-06 07:56:00,158.98,159.04,158.9,158.99,524.994
2025-11-06 07:57:00,158.99,159.11,158.99,159.06,916.084
2025-11-06 07:58:00,159.05,159.06,158.91,159.03,1242.396
2025-11-06 07:59:00,159.04,159.06,158.84,158.84,346.094
2025-11-06 08:00:00,158.84,158.84,158.6,158.65,692.007
2025-11-06 08:01:00,158.65,159.02,158.61,158.94,4003.322
2025-11-06 08:02:00,158.94,159.14,158.94,159.07,1682.491
2025-11-06 08:03:00,159.08,159.08,158.76,158.82,825.423
2025-11-06 08:04:00,158.81,158.81,158.51,158.65,976.279
2025-11-06 08:05:00,158.66,158.76,158.63,158.68,546.629
2025-11-06 08:06:00,158.67,158.76,158.62,158.73,577.378
2025-11-06 08:07:00,158.73,158.95,158.72,158.89,611.186
2025-11-06 08:08:00,158.88,158.88,158.74,158.77,369.166
2025-11-06 08:09:00,158.78,158.98,158.78,158.91,447.239
2025-11-06 08:10:00,158.9,158.92,158.78,158.88,514.605
2025-11-06 08:11:00,158.89,159.02,158.74,158.75,912.054
2025-11-06 08:12:00,158.76,158.92,158.76,158.86,561.086
2025-11-06 08:13:00,158.85,158.98,158.78,158.95,589.08
2025-11-06 08:14:00,158.96,158.98,158.88,158.97,298.541
2025-11-06 08:15:00,158.98,159.26,158.98,159.25,1790.232
2025-11-06 08:16:00,159.24,159.24,158.91,159.07,3160.077
2025-11-06 08:17:00,159.06,159.26,159.06,159.17,3055.511
2025-11-06 08:18:00,159.16,159.45,159.11,159.4,2996.499
2025-11-06 08:19:00,159.39,159.43,159.28,159.32,793.013
2025-11-06 08:20:00,159.33,159.42,159.27,159.32,1161.714
2025-11-06 08:21:00,159.31,159.39,159.2,159.29,350.276
2025-11-06 08:22:00,159.29,159.33,159.15,159.22,1841.29
2025-11-06 08:23:00,159.22,159.32,159.14,159.19,930.294
2025-11-06 08:24:00,159.19,159.19,159.0,159.09,515.133
2025-11-06 08:25:00,159.1,159.31,158.94,159.23,1048.444
2025-11-06 08:26:00,159.22,159.25,159.01,159.18,393.089
2025-11-06 08:27:00,159.19,159.53,159.19,159.29,26870.01
2025-11-06 08:28:00,159.3,159.3,159.1,159.15,1109.815
2025-11-06 08:29:00,159.14,159.28,159.13,159.28,308.596
2025-11-06 08:30:00,159.29,159.51,159.24,159.4,1850.165
2025-11-06 08:31:00,159.39,159.45,159.04,159.19,2435.497
2025-11-06 08:32:00,159.18,159.37,159.11,159.36,887.002
2025-11-06 08:33:00,159.37,159.38,159.2,159.25,594.351
2025-11-06 08:34:00,159.25,159.32,159.15,159.22,457.476
2025-11-06 08:35:00,159.21,159.29,159.18,159.19,249.46
2025-11-06 08:36:00,159.19,159.32,159.19,159.27,381.822
2025-11-06 08:37:00,159.28,159.38,159.15,159.2,690.524
2025-11-06 08:38:00,159.2,159.39,159.19,159.3,852.133
2025-11-06 08:39:00,159.31,159.36,159.23,159.25,238.898
2025-11-06 08:40:00,159.24,159.28,159.15,159.27,596.115
2025-11-06 08:41:00,159.26,159.33,159.17,159.28,543.608
2025-11-06 08:42:00,159.27,159.4,159.24,159.33,1661.269
2025-11-06 08:43:00,159.33,159.34,159.22,159.22,251.653
2025-11-06 08:44:00,159.21,159.21,159.13,159.13,296.901
2025-11-06 08:45:00,159.12,159.16,158.78,158.78,1249.21
2025-11-06 08:46:00,158.79,159.07,158.66,159.06,995.64
2025-11-06 08:47:00,159.07,159.1,158.87,158.92,658.557
2025-11-06 08:48:00,158.91,158.91,158.77,158.8,497.113
2025-11-06 08:49:00,158.8,158.8,158.64,158.7,831.388
2025-11-06 08:50:00,158.7,158.78,158.67,158.78,1337.929
2025-11-06 08:51:00,158.79,158.98,158.79,158.92,963.398
2025-11-06 08:52:00,158.91,158.91,158.83,158.89,526.583
2025-11-06 08:53:00,158.88,159.05,158.85,159.05,1650.569
2025-11-06 08:54:00,159.06,159.13,158.95,159.02,1189.452
2025-11-06 08:55:00,159.01,159.29,158.98,159.26,2155.84
2025-11-06 08:56:00,159.26,159.37,159.14,159.29,964.027
2025-11-06 08:57:00,159.29,159.29,159.23,159.29,545.576
2025-11-06 08:58:00,159.28,159.37,159.22,159.34,587.309
2025-11-06 08:59:00,159.34,159.34,159.19,159.34,1763.489
2025-11-06 09:00:00,159.34,159.52,159.29,159.43,2876.898
2025-11-06 09:01:00,159.42,159.43,159.17,159.17,1320.226
2025-11-06 09:02:00,159.17,159.32,158.95,158.96,1427.831
2025-11-06 09:03:00,158.96,159.11,158.96,159.03,1211.299
2025-11-06 09:04:00,159.02,159.14,158.86,158.98,1722.102
2025-11-06 09:05:00,158.97,159.14,158.93,159.0,2791.652
2025-11-06 09:06:00,158.99,159.09,158.83,158.9,2492.18
2025-11-06 09:07:00,158.91,159.13,158.91,158.99,1055.852
2025-11-06 09:08:00,158.98,159.03,158.87,158.94,384.143
2025-11-06 09:09:00,158.95,159.2,158.93,159.12,1928.77
2025-11-06 09:10:00,159.13,159.39,159.12,159.36,786.047
2025-11-06 09:11:00,159.35,159.42,159.32,159.41,513.931
2025-11-06 09:12:00,159.4,159.47,159.29,159.45,590.462
2025-11-06 09:13:00,159.45,159.45,159.35,159.43,243.145
2025-11-06 09:14:00,159.43,159.7,159.43,159.7,17241.107
2025-11-06 09:15:00,159.69,159.87,159.67,159.81,2697.14
2025-11-06 09:16:00,159.8,159.83,159.61,159.64,775.463
2025-11-06 09:17:00,159.63,159.73,159.5,159.53,1191.665
2025-11-06 09:18:00,159.53,159.9,159.49,159.77,1263.538
2025-11-06 09:19:00,159.77,159.79,159.66,159.71,709.501
2025-11-06 09:20:00,159.7,159.7,159.54,159.6,448.381
2025-11-06 09:21:00,159.6,159.64,159.52,159.58,1972.863
2025-11-06 09:22:00,159.58,159.74,159.58,159.63,424.09
2025-11-06 09:23:00,159.64,159.64,159.5,159.52,366.126
2025-11-06 09:24:00,159.51,159.56,159.44,159.46,534.423
2025-11-06 09:25:00,159.46,159.7,159.46,159.61,377.698
2025-11-06 09:26:00,159.6,159.68,159.56,159.56,202.606
2025-11-06 09:27:00,159.57,159.71,159.55,159.55,535.446
2025-11-06 09:28:00,159.56,159.56,159.44,159.51,816.742
2025-11-06 09:29:00,159.51,159.51,159.31,159.31,927.612
2025-11-06 09:30:00,159.31,159.42,159.31,159.39,739.909
2025-11-06 09:31:00,159.39,159.58,159.38,159.56,555.725
2025-11-06 09:32:00,159.56,159.66,159.41,159.42,1139.528
2025-11-06 09:33:00,159.41,159.61,159.38,159.61,298.216
2025-11-06 09:34:00,159.62,159.67,159.52,159.63,731.699
2025-11-06 09:35:00,159.62,159.66,159.53,159.56,596.175
2025-11-06 09:36:00,159.56,159.63,159.55,159.59,196.212
2025-11-06 09:37:00,159.59,159.74,159.58,159.7,454.779
2025-11-06 09:38:00,159.71,159.71,159.47,159.56,792.348
2025-11-06 09:39:00,159.57,159.76,159.52,159.74,335.461
2025-11-06 09:40:00,159.74,159.84,159.58,159.6,2692.043
2025-11-06 09:41:00,159.61,159.64,159.45,159.46,757.68
2025-11-06 09:42:00,159.46,159.55,159.45,159.47,1174.952
2025-11-06 09:43:00,159.47,159.59,159.41,159.41,1662.376
2025-11-06 09:44:00,159.41,159.41,159.34,159.37,443.094
2025-11-06 09:45:00,159.38,159.43,159.32,159.39,714.429
2025-11-06 09:46:00,159.39,159.44,159.35,159.39,1040.217
2025-11-06 09:47:00,159.4,159.41,159.05,159.06,1047.876
2025-11-06 09:48:00,159.06,159.16,158.93,159.16,6279.691
2025-11-06 09:49:00,159.15,159.17,158.82,158.91,2329.784
2025-11-06 09:50:00,158.91,158.97,158.8,158.85,645.296
2025-11-06 09:51:00,158.84,158.94,158.81,158.94,664.716
2025-11-06 09:52:00,158.93,159.11,158.87,159.11,663.726
2025-11-06 09:53:00,159.1,159.18,158.98,159.06,1227.659
2025-11-06 09:54:00,159.07,159.1,158.96,159.03,582.622
2025-11-06 09:55:00,159.03,159.16,159.0,159.14,1426.18
2025-11-06 09:56:00,159.15,159.24,159.15,159.23,1067.282
2025-11-06 09:57:00,159.22,159.25,159.1,159.2,1081.363
2025-11-06 09:58:00,159.2,159.27,159.07,159.07,4666.736
2025-11-06 09:59:00,159.07,159.07,158.77,158.78,2607.276
2025-11-06 10:00:00,158.78,158.89,158.65,158.72,4518.601
2025-11-06 10:01:00,158.72,158.9,158.58,158.85,2610.531
2025-11-06 10:02:00,158.85,158.89,158.63,158.68,3994.78
2025-11-06 10:03:00,158.67,158.69,158.57,158.6,1361.512
2025-11-06 10:04:00,158.59,158.59,158.39,158.39,5341.218
2025-11-06 10:05:00,158.39,158.41,158.26,158.27,1286.079
2025-11-06 10:06:00,158.28,158.32,157.87,157.97,7813.622
2025-11-06 10:07:00,157.97,158.06,157.82,158.04,5406.065
2025-11-06 10:08:00,158.04,158.08,157.85,157.87,4523.377
2025-11-06 10:09:00,157.86,158.04,157.82,157.82,2074.731
2025-11-06 10:10:00,157.82,158.12,157.66,158.07,4587.93
2025-11-06 10:11:00,158.06,158.23,158.04,158.22,2396.205
2025-11-06 10:12:00,158.23,158.3,158.19,158.25,1782.372
2025-11-06 10:13:00,158.25,158.46,158.24,158.36,914.988
2025-11-06 10:14:00,158.36,158.4,158.12,158.12,2137.092
2025-11-06 10:15:00,158.13,158.22,157.97,157.98,1593.845
2025-11-06 10:16:00,157.98,158.31,157.97,158.3,2241.464
2025-11-06 10:17:00,158.3,158.7,158.3,158.67,1366.557
2025-11-06 10:18:00,158.67,159.0,158.67,158.98,2744.971
2025-11-06 10:19:00,158.99,159.29,158.98,159.08,4163.57
2025-11-06 10:20:00,159.08,159.19,158.93,159.15,2131.609
2025-11-06 10:21:00,159.15,159.4,159.1,159.23,1170.756
2025-11-06 10:22:00,159.23,159.26,159.08,159.08,631.015
2025-11-06 10:23:00,159.07,159.13,158.8,158.88,892.744
2025-11-06 10:24:00,158.88,158.93,158.87,158.88,1040.341
2025-11-06 10:25:00,158.88,158.99,158.86,158.98,907.495
2025-11-06 10:26:00,158.98,159.1,158.94,159.08,1134.935
2025-11-06 10:27:00,159.09,159.1,158.94,159.06,2282.101
2025-11-06 10:28:00,159.05,159.19,158.92,159.12,3012.659
2025-11-06 10:29:00,159.12,159.12,159.02,159.07,1121.352
2025-11-06 10:30:00,159.06,159.2,158.94,159.19,2339.797
2025-11-06 10:31:00,159.2,159.31,159.06,159.14,1169.268
2025-11-06 10:32:00,159.13,159.21,159.03,159.21,1624.14
2025-11-06 10:33:00,159.21,159.36,159.18,159.28,1217.526
2025-11-06 10:34:00,159.27,159.76,159.26,159.75,2935.958
2025-11-06 10:35:00,159.75,159.75,159.21,159.24,5270.258
2025-11-06 10:36:00,159.23,159.31,159.07,159.07,2852.369
2025-11-06 10:37:00,159.07,159.18,159.03,159.16,913.045
2025-11-06 10:38:00,159.15,159.18,158.98,159.08,2364.565
2025-11-06 10:39:00,159.08,159.08,158.97,159.05,1116.516
2025-11-06 10:40:00,159.05,159.1,158.94,159.01,2810.246
2025-11-06 10:41:00,159.01,159.26,159.01,159.21,573.526
2025-11-06 10:42:00,159.2,159.35,159.08,159.3,894.875
2025-11-06 10:43:00,159.29,159.3,159.11,159.17,1993.559
2025-11-06 10:44:00,159.17,159.19,159.09,159.14,987.264
2025-11-06 10:45:00,159.13,159.22,159.09,159.21,1454.584
2025-11-06 10:46:00,159.22,159.41,159.03,159.17,2943.583
2025-11-06 10:47:00,159.17,159.2,158.76,158.85,4401.266
2025-11-06 10:48:00,158.84,158.89,158.68,158.74,1856.791
2025-11-06 10:49:00,158.73,158.83,158.68,158.81,1685.342
2025-11-06 10:50:00,158.81,158.81,158.69,158.74,1979.116
2025-11-06 10:51:00,158.73,158.99,158.71,158.99,863.24
2025-11-06 10:52:00,158.99,159.06,158.92,159.05,874.06
2025-11-06 10:53:00,159.05,159.15,158.99,159.14,462.859
2025-11-06 10:54:00,159.14,159.18,159.07,159.13,770.316
2025-11-06 10:55:00,159.13,159.21,159.09,159.2,1960.705
2025-11-06 10:56:00,159.21,159.35,159.19,159.2,1117.978
2025-11-06 10:57:00,159.2,159.26,159.11,159.19,1395.186
2025-11-06 10:58:00,159.19,159.19,159.05,159.1,695.944
2025-11-06 10:59:00,159.1,159.11,159.01,159.05,400.507
2025-11-06 11:00:00,159.06,159.06,158.89,158.91,2340.063
2025-11-06 11:01:00,158.92,158.92,158.79,158.91,1356.948
2025-11-06 11:02:00,158.92,158.96,158.73,158.74,3225.706
2025-11-06 11:03:00,158.74,158.81,158.47,158.48,1521.677
2025-11-06 11:04:00,158.49,158.51,158.39,158.4,1147.061
2025-11-06 11:05:00,158.4,158.5,158.36,158.46,1931.458
2025-11-06 11:06:00,158.46,158.58,158.31,158.43,1785.714
2025-11-06 11:07:00,158.43,158.43,158.2,158.23,1474.732
2025-11-06 11:08:00,158.23,158.43,158.18,158.42,2658.833
2025-11-06 11:09:00,158.42,158.5,158.37,158.47,1598.137
2025-11-06 11:10:00,158.47,158.58,158.46,158.51,1217.391
2025-11-06 11:11:00,158.51,158.57,158.44,158.45,652.627
2025-11-06 11:12:00,158.45,158.57,158.35,158.43,1926.599
2025-11-06 11:13:00,158.43,158.53,158.34,158.53,1003.221
2025-11-06 11:14:00,158.52,158.53,158.39,158.44,614.227
2025-11-06 11:15:00,158.44,158.44,158.24,158.34,1932.351
2025-11-06 11:16:00,158.35,158.4,158.3,158.36,1493.303
2025-11-06 11:17:00,158.35,158.76,158.35,158.69,799.263
2025-11-06 11:18:00,158.69,158.75,158.58,158.74,1430.983
2025-11-06 11:19:00,158.74,158.92,158.74,158.91,890.454
2025-11-06 11:20:00,158.91,159.03,158.9,159.03,867.938
2025-11-06 11:21:00,159.02,159.22,158.99,159.09,3830.623
2025-11-06 11:22:00,159.09,159.17,158.91,158.97,2304.516
2025-11-06 11:23:00,158.96,159.03,158.9,158.97,7883.481
2025-11-06 11:24:00,158.96,159.06,158.96,159.03,1107.55
2025-11-06 11:25:00,159.03,159.06,158.79,158.8,1795.394
2025-11-06 11:26:00,158.8,158.95,158.77,158.95,9716.439
2025-11-06 11:27:00,158.95,159.17,158.9,159.17,40882.536
2025-11-06 11:28:00,159.17,159.33,159.17,159.32,2076.881
2025-11-06 11:29:00,159.33,159.33,159.12,159.14,1531.223
2025-11-06 11:30:00,159.14,159.37,159.14,159.32,3228.865
2025-11-06 11:31:00,159.33,159.4,159.09,159.1,4207.583
2025-11-06 11:32:00,159.09,159.26,158.99,159.22,2622.921
2025-11-06 11:33:00,159.23,159.29,159.0,159.02,3069.372
2025-11-06 11:34:00,159.02,159.03,158.96,158.97,841.839
2025-11-06 11:35:00,158.96,158.97,158.88,158.96,2575.113
2025-11-06 11:36:00,158.96,159.12,158.81,158.81,1931.07
2025-11-06 11:37:00,158.81,159.02,158.73,159.02,1472.527
2025-11-06 11:38:00,159.02,159.03,158.89,158.9,902.136
2025-11-06 11:39:00,158.9,158.98,158.9,158.95,814.684
2025-11-06 11:40:00,158.95,158.95,158.85,158.89,1330.712
2025-11-06 11:41:00,158.9,158.9,158.8,158.84,1605.25
2025-11-06 11:42:00,158.84,159.0,158.83,158.95,2242.151
2025-11-06 11:43:00,158.96,159.14,158.95,159.09,1189.882
2025-11-06 11:44:00,159.08,159.08,158.78,158.79,3556.58
2025-11-06 11:45:00,158.79,159.06,158.79,159.06,1687.219
2025-11-06 11:46:00,159.06,159.15,158.94,158.95,1509.741
2025-11-06 11:47:00,158.96,159.07,158.94,159.07,1267.773
2025-11-06 11:48:00,159.07,159.29,159.06,159.27,972.906
2025-11-06 11:49:00,159.26,159.26,158.95,158.96,588.671
2025-11-06 11:50:00,158.96,158.97,158.74,158.74,729.277
2025-11-06 11:51:00,158.75,158.9,158.66,158.84,1548.728
2025-11-06 11:52:00,158.84,158.93,158.8,158.89,924.212
2025-11-06 11:53:00,158.89,158.95,158.86,158.95,1277.848
2025-11-06 11:54:00,158.95,158.99,158.71,158.74,2009.98
2025-11-06 11:55:00,158.74,158.74,158.65,158.66,1363.65
2025-11-06 11:56:00,158.66,158.76,158.65,158.7,2842.514
2025-11-06 11:57:00,158.69,158.75,158.66,158.72,1965.17
2025-11-06 11:58:00,158.71,158.72,158.62,158.72,1161.001
2025-11-06 11:59:00,158.72,158.86,158.7,158.85,2594.168
2025-11-06 12:00:00,158.85,158.95,158.79,158.8,2031.917
2025-11-06 12:01:00,158.79,158.96,158.71,158.95,1711.131
2025-11-06 12:02:00,158.96,158.97,158.78,158.82,1366.346
2025-11-06 12:03:00,158.81,158.82,158.47,158.56,1357.9
2025-11-06 12:04:00,158.55,158.56,158.41,158.49,2145.794
2025-11-06 12:05:00,158.49,158.69,158.37,158.69,2436.104
2025-11-06 12:06:00,158.68,159.04,158.68,159.02,12746.069
2025-11-06 12:07:00,159.02,159.13,158.88,159.13,2834.575
2025-11-06 12:08:00,159.13,159.43,159.13,159.27,4415.756
2025-11-06 12:09:00,159.27,159.32,159.06,159.07,1648.288
2025-11-06 12:10:00,159.06,159.14,159.03,159.14,769.443
2025-11-06 12:11:00,159.14,159.15,159.0,159.1,1487.666
2025-11-06 12:12:00,159.1,159.15,159.0,159.14,2218.167
2025-11-06 12:13:00,159.13,159.21,159.13,159.14,413.201
2025-11-06 12:14:00,159.13,159.14,158.86,158.86,712.381
2025-11-06 12:15:00,158.86,158.87,158.59,158.64,1564.649
2025-11-06 12:16:00,158.64,158.84,158.61,158.81,1457.272
2025-11-06 12:17:00,158.8,158.81,158.61,158.67,2037.119
2025-11-06 12:18:00,158.66,158.7,158.4,158.47,5419.454
2025-11-06 12:19:00,158.46,158.57,158.4,158.55,2886.183
2025-11-06 12:20:00,158.54,158.63,158.4,158.41,2729.897
2025-11-06 12:21:00,158.4,158.46,158.23,158.28,5299.841
2025-11-06 12:22:00,158.29,158.36,158.04,158.04,1590.649
2025-11-06 12:23:00,158.03,158.31,157.99,158.12,3126.834
2025-11-06 12:24:00,158.11,158.15,157.94,158.03,1456.155
2025-11-06 12:25:00,158.03,158.19,157.94,158.18,3653.895
2025-11-06 12:26:00,158.18,158.18,157.75,157.75,2286.816
2025-11-06 12:27:00,157.75,157.95,157.74,157.86,3253.708
2025-11-06 12:28:00,157.85,157.94,157.84,157.86,1492.294
2025-11-06 12:29:00,157.85,158.03,157.8,157.97,2673.732
2025-11-06 12:30:00,157.97,158.17,157.94,158.16,1092.954
2025-11-06 12:31:00,158.16,158.16,157.98,158.04,1468.893
2025-11-06 12:32:00,158.04,158.26,157.94,158.26,1794.904
2025-11-06 12:33:00,158.25,158.32,158.09,158.16,1901.914
2025-11-06 12:34:00,158.17,158.3,158.15,158.22,1171.184
2025-11-06 12:35:00,158.21,158.46,158.06,158.06,1768.644
2025-11-06 12:36:00,158.05,158.2,158.0,158.16,2235.449
2025-11-06 12:37:00,158.17,158.26,157.97,157.98,536.914
2025-11-06 12:38:00,157.97,158.0,157.88,157.93,2655.671
2025-11-06 12:39:00,157.94,158.03,157.91,157.93,1218.425
2025-11-06 12:40:00,157.93,157.93,157.52,157.55,3212.089
2025-11-06 12:41:00,157.56,157.62,157.39,157.5,5175.202
2025-11-06 12:42:00,157.49,157.57,157.17,157.4,6023.959
2025-11-06 12:43:00,157.4,157.55,157.28,157.32,3370.688
2025-11-06 12:44:00,157.32,157.43,157.11,157.15,5624.308
2025-11-06 12:45:00,157.15,157.51,157.15,157.46,5617.114
2025-11-06 12:46:00,157.46,157.49,157.18,157.21,2863.243
2025-11-06 12:47:00,157.21,157.29,157.13,157.29,2965.368
2025-11-06 12:48:00,157.29,157.47,157.26,157.4,1705.695
2025-11-06 12:49:00,157.39,157.53,157.35,157.39,4588.628
2025-11-06 12:50:00,157.4,157.73,157.4,157.72,2002.964
2025-11-06 12:51:00,157.72,157.73,157.62,157.66,1399.995
2025-11-06 12:52:00,157.65,157.65,157.43,157.54,1116.112
2025-11-06 12:53:00,157.55,157.55,157.46,157.48,1356.881
2025-11-06 12:54:00,157.48,157.51,157.4,157.48,708.87
2025-11-06 12:55:00,157.47,157.69,157.45,157.63,665.201
2025-11-06 12:56:00,157.64,157.74,157.59,157.63,633.672
2025-11-06 12:57:00,157.62,157.75,157.6,157.71,1420.863
2025-11-06 12:58:00,157.71,157.72,157.58,157.67,514.489
2025-11-06 12:59:00,157.67,157.7,157.48,157.49,1544.484
2025-11-06 13:00:00,157.48,157.77,157.48,157.77,1858.065
2025-11-06 13:01:00,157.78,157.82,157.59,157.64,958.475
2025-11-06 13:02:00,157.65,157.82,157.64,157.75,543.646
2025-11-06 13:03:00,157.76,157.81,157.7,157.72,509.483
2025-11-06 13:04:00,157.71,157.82,157.66,157.74,1363.723
2025-11-06 13:05:00,157.75,157.93,157.73,157.88,1247.965
2025-11-06 13:06:00,157.88,157.88,157.61,157.71,1241.296
2025-11-06 13:07:00,157.71,157.9,157.71,157.75,1429.861
2025-11-06 13:08:00,157.76,157.96,157.76,157.93,1712.152
2025-11-06 13:09:00,157.94,158.05,157.93,158.01,641.188
2025-11-06 13:10:00,158.01,158.28,157.98,158.27,2461.647
2025-11-06 13:11:00,158.27,158.3,158.0,158.09,1057.345
2025-11-06 13:12:00,158.09,158.19,158.01,158.18,1320.388
2025-11-06 13:13:00,158.19,158.4,158.19,158.27,1960.329
2025-11-06 13:14:00,158.26,158.27,158.19,158.25,347.886
2025-11-06 13:15:00,158.25,158.61,158.25,158.39,1344.172
2025-11-06 13:16:00,158.38,160.08,158.29,159.88,29584.91
2025-11-06 13:17:00,159.88,161.16,159.82,160.74,37932.05
2025-11-06 13:18:00,160.74,160.93,160.44,160.48,8633.103
2025-11-06 13:19:00,160.49,160.51,160.16,160.44,8518.235
2025-11-06 13:20:00,160.45,160.5,160.14,160.17,4415.476
2025-11-06 13:21:00,160.17,160.3,160.05,160.11,3466.024
2025-11-06 13:22:00,160.1,160.46,160.08,160.46,3362.97
2025-11-06 13:23:00,160.46,160.6,160.41,160.48,3033.663
2025-11-06 13:24:00,160.48,161.26,160.47,161.11,5108.153
2025-11-06 13:25:00,161.12,161.16,160.71,160.73,3753.176
2025-11-06 13:26:00,160.73,161.13,160.73,160.84,4544.789
2025-11-06 13:27:00,160.84,160.89,160.68,160.74,1904.301
2025-11-06 13:28:00,160.74,160.98,160.74,160.89,4183.273
2025-11-06 13:29:00,160.9,160.93,160.75,160.85,1805.394
2025-11-06 13:30:00,160.85,161.15,160.71,160.86,5535.208
2025-11-06 13:31:00,160.86,160.88,160.27,160.56,11444.085
2025-11-06 13:32:00,160.57,160.68,160.36,160.44,3689.796
2025-11-06 13:33:00,160.44,160.83,160.39,160.75,8829.046
2025-11-06 13:34:00,160.76,160.8,160.63,160.72,3420.088
2025-11-06 13:35:00,160.71,160.91,160.64,160.9,1998.309
2025-11-06 13:36:00,160.9,161.03,160.75,160.75,2808.297
2025-11-06 13:37:00,160.74,160.74,160.55,160.69,2632.145
2025-11-06 13:38:00,160.69,160.79,160.6,160.71,2269.895
2025-11-06 13:39:00,160.71,160.85,160.65,160.83,471.777
2025-11-06 13:40:00,160.84,160.89,160.7,160.75,1384.233
2025-11-06 13:41:00,160.75,160.89,160.52,160.59,983.023
2025-11-06 13:42:00,160.59,160.79,160.55,160.74,1442.138
2025-11-06 13:43:00,160.74,160.87,160.69,160.77,1907.873
2025-11-06 13:44:00,160.76,160.8,160.68,160.75,926.167
2025-11-06 13:45:00,160.75,161.33,160.75,161.07,4227.956
2025-11-06 13:46:00,161.08,161.17,160.91,160.95,3123.88
2025-11-06 13:47:00,160.95,161.27,160.92,161.11,2662.319
2025-11-06 13:48:00,161.1,161.1,160.8,160.88,1152.841
2025-11-06 13:49:00,160.88,160.95,160.79,160.84,746.731
2025-11-06 13:50:00,160.84,161.15,160.84,161.07,1935.188
2025-11-06 13:51:00,161.07,161.2,161.04,161.12,977.802
2025-11-06 13:52:00,161.11,161.11,161.0,161.1,528.161
2025-11-06 13:53:00,161.1,161.1,160.75,160.75,1581.248
2025-11-06 13:54:00,160.74,160.77,160.51,160.52,3903.132
2025-11-06 13:55:00,160.52,160.68,160.48,160.61,2685.207
2025-11-06 13:56:00,160.61,160.7,160.6,160.67,3016.478
2025-11-06 13:57:00,160.67,160.8,160.61,160.79,883.91
2025-11-06 13:58:00,160.78,160.78,160.6,160.62,1641.865
2025-11-06 13:59:00,160.62,160.65,160.49,160.65,3143.979
2025-11-06 14:00:00,160.64,160.81,160.64,160.77,1610.997
2025-11-06 14:01:00,160.77,160.87,160.73,160.83,1338.404
2025-11-06 14:02:00,160.83,161.34,160.83,161.32,3335.713
2025-11-06 14:03:00,161.32,161.51,161.18,161.28,9835.272
2025-11-06 14:04:00,161.27,161.38,161.12,161.13,1972.822
2025-11-06 14:05:00,161.12,161.13,160.4,160.48,3181.383
2025-11-06 14:06:00,160.47,160.47,159.91,160.04,6605.308
2025-11-06 14:07:00,160.03,160.18,159.83,159.87,3172.421
2025-11-06 14:08:00,159.87,159.87,159.39,159.39,2410.453
2025-11-06 14:09:00,159.39,159.69,159.37,159.37,3878.87
2025-11-06 14:10:00,159.37,159.54,159.06,159.52,3179.364
2025-11-06 14:11:00,159.52,159.59,159.39,159.57,2393.582
2025-11-06 14:12:00,159.57,159.73,159.57,159.61,968.348
2025-11-06 14:13:00,159.62,159.75,159.56,159.75,1771.285
2025-11-06 14:14:00,159.75,159.8,159.54,159.55,2160.721
2025-11-06 14:15:00,159.54,159.54,159.36,159.45,1184.644
2025-11-06 14:16:00,159.44,159.5,159.22,159.5,2353.931
2025-11-06 14:17:00,159.49,159.66,159.46,159.57,1714.441
2025-11-06 14:18:00,159.56,159.8,159.54,159.8,823.144
2025-11-06 14:19:00,159.8,159.85,159.56,159.59,673.621
2025-11-06 14:20:00,159.6,159.69,159.26,159.3,2453.679
2025-11-06 14:21:00,159.31,159.34,159.15,159.26,3067.477
2025-11-06 14:22:00,159.25,159.25,158.81,158.92,2346.938
2025-11-06 14:23:00,158.92,159.0,158.77,159.0,1867.29
2025-11-06 14:24:00,158.99,159.02,158.66,158.74,2636.923
2025-11-06 14:25:00,158.74,158.9,158.69,158.72,901.546
2025-11-06 14:26:00,158.72,158.92,158.72,158.89,946.644
2025-11-06 14:27:00,158.89,159.05,158.84,158.86,1563.931
2025-11-06 14:28:00,158.85,158.85,158.6,158.6,742.046
2025-11-06 14:29:00,158.6,158.79,158.49,158.79,1363.684
2025-11-06 14:30:00,158.79,158.85,158.47,158.73,2214.677
2025-11-06 14:31:00,158.73,158.78,157.99,158.09,6247.739
2025-11-06 14:32:00,158.09,158.55,158.06,158.41,2040.647
2025-11-06 14:33:00,158.4,158.41,157.69,157.69,3227.856
2025-11-06 14:34:00,157.69,158.14,157.66,157.79,5052.449
2025-11-06 14:35:00,157.79,157.8,157.35,157.61,22478.433
2025-11-06 14:36:00,157.61,158.21,157.57,157.99,6662.253
2025-11-06 14:37:00,157.99,158.39,157.94,158.21,4676.77
2025-11-06 14:38:00,158.22,158.42,158.13,158.2,3146.011
2025-11-06 14:39:00,158.2,158.2,157.8,157.82,7144.641
2025-11-06 14:40:00,157.82,158.21,157.65,157.98,3986.235
2025-11-06 14:41:00,157.98,157.98,157.54,157.87,6563.476
2025-11-06 14:42:00,157.87,158.47,157.85,158.27,3982.94
2025-11-06 14:43:00,158.28,158.43,158.0,158.06,3336.306
2025-11-06 14:44:00,158.06,158.26,157.92,158.11,4933.405
2025-11-06 14:45:00,158.11,158.76,158.0,158.75,6031.146
2025-11-06 14:46:00,158.75,158.8,158.43,158.77,5103.085
2025-11-06 14:47:00,158.77,159.1,158.74,159.04,5789.851
2025-11-06 14:48:00,159.03,159.13,158.81,159.03,2250.764
2025-11-06 14:49:00,159.03,159.16,158.65,158.73,4197.914
2025-11-06 14:50:00,158.72,158.89,158.39,158.58,4527.94
2025-11-06 14:51:00,158.59,158.77,158.06,158.2,4117.48
2025-11-06 14:52:00,158.2,158.36,157.98,158.17,3839.413
2025-11-06 14:53:00,158.16,158.45,158.09,158.25,2310.966
2025-11-06 14:54:00,158.24,158.24,157.85,157.89,5445.691
2025-11-06 14:55:00,157.89,158.25,157.72,158.17,3925.952
2025-11-06 14:56:00,158.17,158.17,157.88,157.99,6076.556
2025-11-06 14:57:00,157.98,157.98,157.56,157.64,3558.972
2025-11-06 14:58:00,157.64,157.65,157.47,157.61,3696.112
2025-11-06 14:59:00,157.61,157.8,157.47,157.8,3732.022
2025-11-06 15:00:00,157.79,157.82,157.27,157.49,5612.756
2025-11-06 15:01:00,157.49,157.99,157.32,157.46,6299.741
2025-11-06 15:02:00,157.46,157.75,157.36,157.47,8401.308
2025-11-06 15:03:00,157.47,157.9,157.28,157.76,8224.632
2025-11-06 15:04:00,157.76,157.79,157.38,157.41,6731.077
2025-11-06 15:05:00,157.4,158.2,157.36,158.0,4116.595
2025-11-06 15:06:00,158.0,158.46,157.97,158.25,5340.917
2025-11-06 15:07:00,158.24,158.24,157.91,157.91,1232.986
2025-11-06 15:08:00,157.9,158.11,157.83,158.06,3013.235
2025-11-06 15:09:00,158.06,158.19,157.93,157.99,1406.19
2025-11-06 15:10:00,157.98,158.54,157.97,158.44,2223.734
2025-11-06 15:11:00,158.45,158.62,158.19,158.21,2869.179
2025-11-06 15:12:00,158.21,158.25,157.96,157.98,2926.631
2025-11-06 15:13:00,157.97,158.31,157.94,158.02,2030.432
2025-11-06 15:14:00,158.02,158.18,157.82,157.83,1213.199
2025-11-06 15:15:00,157.82,157.88,157.51,157.6,4202.339
2025-11-06 15:16:00,157.61,157.68,157.41,157.41,3951.235
2025-11-06 15:17:00,157.4,157.86,157.38,157.48,4090.04
2025-11-06 15:18:00,157.49,157.97,157.49,157.87,6201.209
2025-11-06 15:19:00,157.86,157.97,157.35,157.56,7548.661
2025-11-06 15:20:00,157.57,158.89,157.57,158.63,6499.67
2025-11-06 15:21:00,158.63,158.9,158.3,158.44,3377.014
2025-11-06 15:22:00,158.45,158.99,158.42,158.9,2273.983
2025-11-06 15:23:00,158.9,158.94,158.49,158.68,4893.032
2025-11-06 15:24:00,158.68,158.93,158.28,158.42,5389.851
2025-11-06 15:25:00,158.41,158.67,158.37,158.59,1797.814
2025-11-06 15:26:00,158.58,158.68,158.2,158.29,2753.526
2025-11-06 15:27:00,158.29,158.36,157.81,157.88,9331.188
2025-11-06 15:28:00,157.87,158.14,157.86,158.04,1197.258
2025-11-06 15:29:00,158.05,158.13,157.63,157.63,1248.056
2025-11-06 15:30:00,157.64,157.79,157.46,157.63,3326.915
2025-11-06 15:31:00,157.64,157.81,157.5,157.61,2195.398
2025-11-06 15:32:00,157.6,157.8,157.43,157.51,3303.427
2025-11-06 15:33:00,157.5,157.7,156.67,156.79,11659.082
2025-11-06 15:34:00,156.79,157.03,156.34,156.93,12820.727
2025-11-06 15:35:00,156.92,157.14,156.38,156.65,5141.128
2025-11-06 15:36:00,156.65,156.69,156.26,156.39,7519.092
2025-11-06 15:37:00,156.4,156.54,156.18,156.28,8632.164
2025-11-06 15:38:00,156.28,156.64,156.22,156.39,7105.889
2025-11-06 15:39:00,156.39,156.39,156.01,156.14,14920.79
2025-11-06 15:40:00,156.15,156.42,156.04,156.24,7516.696
2025-11-06 15:41:00,156.25,156.27,155.75,156.07,8285.707
2025-11-06 15:42:00,156.07,156.29,155.87,156.07,5185.575
2025-11-06 15:43:00,156.06,156.3,155.96,155.96,8242.844
2025-11-06 15:44:00,155.96,156.03,155.52,155.6,8881.76
2025-11-06 15:45:00,155.6,155.93,155.59,155.86,5831.185
2025-11-06 15:46:00,155.87,155.9,155.63,155.64,3775.934
2025-11-06 15:47:00,155.64,155.79,155.49,155.49,5096.956
2025-11-06 15:48:00,155.49,156.1,155.47,155.95,6513.856
2025-11-06 15:49:00,155.95,155.96,155.58,155.9,4672.295
2025-11-06 15:50:00,155.89,156.14,155.63,155.83,18428.804
2025-11-06 15:51:00,155.82,156.02,155.71,155.81,6686.924
2025-11-06 15:52:00,155.81,156.01,155.4,155.88,12502.285
2025-11-06 15:53:00,155.88,156.01,155.66,155.9,5169.325
2025-11-06 15:54:00,155.89,156.29,155.88,156.25,4889.186
2025-11-06 15:55:00,156.25,156.33,155.88,155.94,7832.814
2025-11-06 15:56:00,155.94,156.08,155.59,155.9,5880.105
2025-11-06 15:57:00,155.91,156.07,155.78,156.03,3962.395
2025-11-06 15:58:00,156.03,156.17,155.78,155.87,3751.639
2025-11-06 15:59:00,155.87,156.15,155.85,155.92,4359.315
2025-11-06 16:00:00,155.92,156.05,155.77,156.03,6523.232
2025-11-06 16:01:00,156.04,156.35,155.99,156.06,3963.667
2025-11-06 16:02:00,156.06,156.36,155.96,156.15,4165.904
2025-11-06 16:03:00,156.15,156.43,155.98,156.01,3788.432
2025-11-06 16:04:00,156.01,156.38,155.99,156.38,1855.736
2025-11-06 16:05:00,156.38,156.74,156.29,156.7,4361.423
2025-11-06 16:06:00,156.7,156.99,156.51,156.54,3757.977
2025-11-06 16:07:00,156.54,156.66,156.07,156.13,3796.275
2025-11-06 16:08:00,156.13,156.4,156.09,156.39,2898.901
2025-11-06 16:09:00,156.39,156.47,156.1,156.24,2700.023
2025-11-06 16:10:00,156.24,156.28,155.89,155.95,3748.952
2025-11-06 16:11:00,155.95,156.27,155.94,156.24,3195.861
2025-11-06 16:12:00,156.25,156.26,155.77,155.89,5425.852
2025-11-06 16:13:00,155.9,156.05,155.74,156.05,3615.978
2025-11-06 16:14:00,156.06,156.15,155.94,156.05,3318.926
2025-11-06 16:15:00,156.05,156.32,156.04,156.16,3104.368
2025-11-06 16:16:00,156.16,156.42,155.94,156.01,4637.595
2025-11-06 16:17:00,156.01,156.19,155.91,156.11,2567.843
2025-11-06 16:18:00,156.12,156.22,155.86,155.93,5240.783
2025-11-06 16:19:00,155.92,155.92,155.7,155.75,2544.813
2025-11-06 16:20:00,155.76,156.14,155.76,156.12,1893.794
2025-11-06 16:21:00,156.13,156.41,156.12,156.39,3351.109
2025-11-06 16:22:00,156.38,156.44,156.01,156.01,2370.197
2025-11-06 16:23:00,156.01,156.14,155.98,156.01,1901.761
2025-11-06 16:24:00,156.0,156.36,156.0,156.36,3738.573
2025-11-06 16:25:00,156.37,156.42,156.11,156.25,2415.602
2025-11-06 16:26:00,156.25,156.4,156.15,156.3,5786.536
2025-11-06 16:27:00,156.3,156.39,156.19,156.27,3160.163
2025-11-06 16:28:00,156.27,156.34,156.2,156.3,3833.559
2025-11-06 16:29:00,156.3,156.62,156.26,156.56,4593.708
2025-11-06 16:30:00,156.55,156.66,156.08,156.15,5090.826
2025-11-06 16:31:00,156.15,156.28,156.03,156.22,2079.68
2025-11-06 16:32:00,156.22,156.28,156.0,156.08,1822.801
2025-11-06 16:33:00,156.07,156.17,156.02,156.17,1311.433
2025-11-06 16:34:00,156.17,156.27,155.96,156.26,2677.501
2025-11-06 16:35:00,156.26,156.28,155.7,155.71,3678.54
2025-11-06 16:36:00,155.7,155.78,155.59,155.72,1612.464
2025-11-06 16:37:00,155.72,155.94,155.71,155.76,4073.135
2025-11-06 16:38:00,155.75,155.86,155.51,155.59,2599.969
2025-11-06 16:39:00,155.6,155.64,155.15,155.21,6425.52
2025-11-06 16:40:00,155.21,155.45,155.0,155.07,14608.754
2025-11-06 16:41:00,155.07,155.07,154.69,154.79,14170.369
2025-11-06 16:42:00,154.8,154.93,154.07,154.15,38667.127
2025-11-06 16:43:00,154.14,154.4,153.8,154.1,22108.729
2025-11-06 16:44:00,154.1,154.72,154.1,154.66,9820.311
2025-11-06 16:45:00,154.66,154.86,154.48,154.86,4495.599
2025-11-06 16:46:00,154.86,155.5,154.86,155.49,9509.657
2025-11-06 16:47:00,155.5,155.52,155.07,155.32,6731.515
2025-11-06 16:48:00,155.32,155.35,154.8,154.81,5418.14
2025-11-06 16:49:00,154.81,154.93,154.72,154.88,3461.052
2025-11-06 16:50:00,154.88,155.06,154.6,154.74,17841.08
2025-11-06 16:51:00,154.74,155.37,154.65,155.26,10112.98
2025-11-06 16:52:00,155.27,155.96,155.25,155.96,9118.737
2025-11-06 16:53:00,155.96,156.16,155.77,156.0,4374.306
2025-11-06 16:54:00,156.01,156.15,155.86,155.99,4597.343
2025-11-06 16:55:00,155.98,155.98,155.54,155.58,2926.762
2025-11-06 16:56:00,155.58,155.64,155.29,155.36,3802.964
2025-11-06 16:57:00,155.36,155.65,155.32,155.43,3061.713
2025-11-06 16:58:00,155.43,155.57,155.18,155.52,3472.396
2025-11-06 16:59:00,155.51,155.58,155.31,155.4,1732.814
2025-11-06 17:00:00,155.4,155.9,155.39,155.87,18825.336
2025-11-06 17:01:00,155.87,155.95,155.65,155.8,3073.378
2025-11-06 17:02:00,155.79,155.96,155.71,155.93,3599.122
2025-11-06 17:03:00,155.93,155.95,155.49,155.69,2099.736
2025-11-06 17:04:00,155.69,155.99,155.63,155.85,3491.326
2025-11-06 17:05:00,155.85,155.98,155.67,155.97,1724.729
2025-11-06 17:06:00,155.96,156.06,155.8,156.06,1617.047
2025-11-06 17:07:00,156.05,156.05,155.41,155.41,2407.192
2025-11-06 17:08:00,155.4,155.5,155.29,155.46,3436.974
2025-11-06 17:09:00,155.46,156.08,155.35,156.07,3536.699
2025-11-06 17:10:00,156.07,156.66,156.07,156.52,4006.762
2025-11-06 17:11:00,156.53,156.6,156.28,156.35,4961.397
2025-11-06 17:12:00,156.34,156.4,155.84,155.89,2798.996
2025-11-06 17:13:00,155.89,155.93,155.69,155.69,1567.855
2025-11-06 17:14:00,155.7,155.71,155.4,155.49,2332.871
2025-11-06 17:15:00,155.49,155.71,155.47,155.6,3361.642
2025-11-06 17:16:00,155.6,155.71,155.49,155.52,4111.907
2025-11-06 17:17:00,155.52,155.76,155.34,155.49,2660.612
2025-11-06 17:18:00,155.49,155.86,155.48,155.61,6299.773
2025-11-06 17:19:00,155.62,155.63,155.44,155.53,1230.389
2025-11-06 17:20:00,155.52,155.6,155.19,155.21,2688.887
2025-11-06 17:21:00,155.21,155.21,154.84,155.05,7494.392
2025-11-06 17:22:00,155.05,155.45,155.04,155.41,3599.21
2025-11-06 17:23:00,155.41,155.74,155.36,155.38,4861.869
2025-11-06 17:24:00,155.38,155.83,155.38,155.75,3768.648
2025-11-06 17:25:00,155.74,156.05,155.68,156.0,3942.575
2025-11-06 17:26:00,155.99,156.13,155.87,156.01,1958.256
2025-11-06 17:27:00,156.02,156.3,155.98,156.27,2641.254
2025-11-06 17:28:00,156.26,156.42,156.2,156.31,1206.54
2025-11-06 17:29:00,156.32,156.66,156.32,156.51,2524.83
2025-11-06 17:30:00,156.5,156.51,156.14,156.24,1315.467
2025-11-06 17:31:00,156.25,156.29,156.1,156.21,2540.148
2025-11-06 17:32:00,156.22,156.67,156.2,156.49,3638.303
2025-11-06 17:33:00,156.5,156.81,156.4,156.52,5104.858
2025-11-06 17:34:00,156.52,156.64,156.2,156.21,2708.684
2025-11-06 17:35:00,156.21,156.5,156.18,156.49,1659.125
2025-11-06 17:36:00,156.5,156.78,156.5,156.72,2309.033
2025-11-06 17:37:00,156.71,156.82,156.51,156.58,2889.597
2025-11-06 17:38:00,156.58,156.58,156.36,156.38,1364.052
2025-11-06 17:39:00,156.38,156.46,156.13,156.13,923.788
2025-11-06 17:40:00,156.13,156.24,156.08,156.19,2003.65
2025-11-06 17:41:00,156.2,156.25,156.11,156.2,1104.707
2025-11-06 17:42:00,156.21,156.48,156.2,156.47,457.088
2025-11-06 17:43:00,156.47,156.6,156.46,156.59,561.575
2025-11-06 17:44:00,156.6,156.6,156.38,156.46,942.948
2025-11-06 17:45:00,156.46,156.73,156.45,156.71,1028.556
2025-11-06 17:46:00,156.7,156.8,156.65,156.79,2416.159
2025-11-06 17:47:00,156.8,157.26,156.8,157.22,6261.786
2025-11-06 17:48:00,157.21,157.47,157.17,157.45,4739.275
2025-11-06 17:49:00,157.44,157.48,157.15,157.24,4038.127
2025-11-06 17:50:00,157.25,157.61,157.25,157.57,3393.958
2025-11-06 17:51:00,157.57,157.64,157.45,157.45,2824.304
2025-11-06 17:52:00,157.46,157.47,157.29,157.37,2812.827
2025-11-06 17:53:00,157.37,157.45,157.05,157.13,2851.859
2025-11-06 17:54:00,157.12,157.52,157.12,157.52,1460.053
2025-11-06 17:55:00,157.52,157.63,157.3,157.46,6367.922
2025-11-06 17:56:00,157.45,157.52,157.26,157.4,2876.39
2025-11-06 17:57:00,157.4,157.41,157.27,157.31,795.53
2025-11-06 17:58:00,157.31,157.5,157.27,157.31,1019.952
2025-11-06 17:59:00,157.31,157.35,157.25,157.26,633.003
2025-11-06 18:00:00,157.26,157.3,157.13,157.17,524.627
2025-11-06 18:01:00,157.18,157.49,157.16,157.45,754.181
2025-11-06 18:02:00,157.45,157.59,157.38,157.48,1772.913
2025-11-06 18:03:00,157.48,157.48,157.13,157.16,3172.17
2025-11-06 18:04:00,157.17,157.22,156.92,156.92,3071.578
2025-11-06 18:05:00,156.92,157.05,156.8,156.92,2025.206
2025-11-06 18:06:00,156.92,156.92,156.67,156.74,6641.283
2025-11-06 18:07:00,156.75,156.96,156.73,156.86,2145.237
2025-11-06 18:08:00,156.86,157.07,156.78,156.86,2867.525
2025-11-06 18:09:00,156.86,156.86,156.6,156.65,3383.896
2025-11-06 18:10:00,156.65,156.67,156.55,156.56,1703.051
2025-11-06 18:11:00,156.56,156.76,156.54,156.6,2061.66
2025-11-06 18:12:00,156.59,156.69,156.36,156.56,4037.626
2025-11-06 18:13:00,156.56,156.78,156.56,156.7,1063.951
2025-11-06 18:14:00,156.69,156.77,156.62,156.72,899.922
2025-11-06 18:15:00,156.71,156.8,156.48,156.48,1996.323
2025-11-06 18:16:00,156.48,156.48,156.03,156.03,3774.446
2025-11-06 18:17:00,156.03,156.03,155.54,155.64,6346.392
2025-11-06 18:18:00,155.65,155.76,155.46,155.74,1923.496
2025-11-06 18:19:00,155.74,155.88,155.57,155.81,1977.499
2025-11-06 18:20:00,155.81,156.03,155.81,155.88,7617.242
2025-11-06 18:21:00,155.88,155.95,155.61,155.8,1411.818
2025-11-06 18:22:00,155.8,155.98,155.71,155.72,1461.556
2025-11-06 18:23:00,155.72,155.88,155.66,155.84,2252.075
2025-11-06 18:24:00,155.84,156.0,155.81,155.95,2805.803
2025-11-06 18:25:00,155.95,156.09,155.92,155.99,1763.198
2025-11-06 18:26:00,155.99,156.33,155.94,156.3,1226.833
2025-11-06 18:27:00,156.29,156.32,155.84,155.89,1664.302
2025-11-06 18:28:00,155.88,156.14,155.87,156.14,609.277
2025-11-06 18:29:00,156.14,156.17,155.94,156.03,699.192
2025-11-06 18:30:00,156.02,156.19,155.97,156.15,940.101
2025-11-06 18:31:00,156.14,156.34,156.14,156.24,1036.529
2025-11-06 18:32:00,156.25,156.53,156.25,156.4,1348.013
2025-11-06 18:33:00,156.41,156.59,156.36,156.39,1019.992
2025-11-06 18:34:00,156.38,156.64,156.33,156.62,1189.036
2025-11-06 18:35:00,156.62,156.95,156.61,156.95,2007.127
2025-11-06 18:36:00,156.95,157.1,156.95,157.08,2154.256
2025-11-06 18:37:00,157.07,157.13,156.96,157.07,4818.203
2025-11-06 18:38:00,157.08,157.35,157.08,157.22,1633.545
2025-11-06 18:39:00,157.23,157.51,157.22,157.5,4098.86
2025-11-06 18:40:00,157.5,157.81,157.5,157.8,12417.278
2025-11-06 18:41:00,157.8,157.81,157.52,157.76,2020.5
2025-11-06 18:42:00,157.77,158.15,157.72,158.1,2892.351
2025-11-06 18:43:00,158.1,158.19,157.81,157.89,2490.79
2025-11-06 18:44:00,157.89,158.14,157.82,157.84,1619.907
2025-11-06 18:45:00,157.85,158.03,157.85,157.98,1460.238
2025-11-06 18:46:00,157.99,157.99,157.54,157.58,2629.358
2025-11-06 18:47:00,157.58,157.83,157.51,157.83,1559.674
2025-11-06 18:48:00,157.84,158.53,157.84,158.36,3718.929
2025-11-06 18:49:00,158.37,158.59,158.35,158.54,3443.551
2025-11-06 18:50:00,158.55,158.67,158.24,158.26,2281.784
2025-11-06 18:51:00,158.26,158.27,158.01,158.03,3771.477
2025-11-06 18:52:00,158.04,158.18,158.01,158.13,1491.254
2025-11-06 18:53:00,158.14,158.16,157.84,157.94,2565.693
2025-11-06 18:54:00,157.93,158.0,157.71,157.9,1258.857
2025-11-06 18:55:00,157.9,157.97,157.53,157.53,2004.476
2025-11-06 18:56:00,157.54,157.65,157.32,157.42,2787.722
2025-11-06 18:57:00,157.42,157.5,157.35,157.49,1577.046
2025-11-06 18:58:00,157.5,157.61,157.48,157.51,890.882
2025-11-06 18:59:00,157.52,157.6,157.49,157.49,1807.21
2025-11-06 19:00:00,157.49,157.49,157.26,157.3,2299.887
2025-11-06 19:01:00,157.3,157.52,157.13,157.47,1783.134
2025-11-06 19:02:00,157.46,157.49,157.25,157.27,1594.119
2025-11-06 19:03:00,157.27,157.49,157.2,157.39,2197.801
2025-11-06 19:04:00,157.39,157.39,157.05,157.22,2479.934
2025-11-06 19:05:00,157.22,157.71,157.22,157.6,1942.17
2025-11-06 19:06:00,157.61,157.83,157.51,157.59,2128.69
2025-11-06 19:07:00,157.59,157.6,157.39,157.44,1975.432
2025-11-06 19:08:00,157.44,157.45,157.16,157.31,1245.727
2025-11-06 19:09:00,157.3,157.42,157.14,157.29,725.831
2025-11-06 19:10:00,157.29,157.36,157.04,157.16,2388.269
2025-11-06 19:11:00,157.16,157.48,157.1,157.43,2060.28
2025-11-06 19:12:00,157.42,157.52,157.34,157.34,1561.471
2025-11-06 19:13:00,157.35,157.58,157.32,157.46,736.247
2025-11-06 19:14:00,157.47,157.63,157.41,157.57,1602.791
2025-11-06 19:15:00,157.57,157.74,157.54,157.71,876.552
2025-11-06 19:16:00,157.72,157.78,157.36,157.55,1376.392
2025-11-06 19:17:00,157.55,157.67,157.2,157.27,2228.307
2025-11-06 19:18:00,157.27,157.32,157.05,157.11,1827.748
2025-11-06 19:19:00,157.11,157.44,157.09,157.41,1531.379
2025-11-06 19:20:00,157.41,157.42,157.09,157.09,1041.86
2025-11-06 19:21:00,157.09,157.24,157.06,157.18,1050.386
2025-11-06 19:22:00,157.17,157.33,156.96,157.08,1993.062
2025-11-06 19:23:00,157.08,157.16,157.0,157.11,650.778
2025-11-06 19:24:00,157.12,157.25,157.05,157.05,873.606
2025-11-06 19:25:00,157.06,157.19,157.05,157.08,1135.326
2025-11-06 19:26:00,157.09,157.16,156.91,157.16,2116.824
2025-11-06 19:27:00,157.15,157.46,157.07,157.08,2421.173
2025-11-06 19:28:00,157.09,157.37,157.09,157.34,800.134
2025-11-06 19:29:00,157.35,157.47,157.23,157.29,1178.784
2025-11-06 19:30:00,157.29,157.33,157.0,157.01,1206.414
2025-11-06 19:31:00,157.01,157.15,157.01,157.15,894.401
2025-11-06 19:32:00,157.15,157.49,157.15,157.44,3401.199
2025-11-06 19:33:00,157.45,157.45,157.14,157.15,1388.973
2025-11-06 19:34:00,157.15,157.19,156.92,157.0,1283.862
2025-11-06 19:35:00,157.0,157.07,156.94,156.96,1768.946
2025-11-06 19:36:00,156.97,157.36,156.91,157.24,1496.12
2025-11-06 19:37:00,157.25,157.43,157.19,157.39,967.864
2025-11-06 19:38:00,157.39,157.55,157.37,157.45,934.909
2025-11-06 19:39:00,157.44,157.5,157.01,157.01,2008.141
2025-11-06 19:40:00,157.01,157.01,156.46,156.68,2026.236
2025-11-06 19:41:00,156.68,156.72,156.28,156.38,4825.278
2025-11-06 19:42:00,156.39,156.42,156.24,156.24,1702.535
2025-11-06 19:43:00,156.25,156.58,156.15,156.55,2448.657
2025-11-06 19:44:00,156.55,156.78,156.49,156.76,1844.796
2025-11-06 19:45:00,156.76,156.84,156.69,156.78,1548.482
2025-11-06 19:46:00,156.78,156.86,156.69,156.76,1431.028
2025-11-06 19:47:00,156.77,156.89,156.69,156.81,1951.562
2025-11-06 19:48:00,156.81,156.91,156.44,156.44,2182.467
2025-11-06 19:49:00,156.45,156.5,156.28,156.42,2889.837
2025-11-06 19:50:00,156.42,156.59,156.29,156.58,2633.299
2025-11-06 19:51:00,156.58,156.71,156.54,156.57,2045.775
2025-11-06 19:52:00,156.57,156.58,156.39,156.41,2392.132
2025-11-06 19:53:00,156.41,156.45,156.22,156.41,1202.092
2025-11-06 19:54:00,156.41,156.56,156.41,156.53,990.495
2025-11-06 19:55:00,156.54,156.58,156.46,156.57,2389.515
2025-11-06 19:56:00,156.58,156.7,156.56,156.65,1397.831
2025-11-06 19:57:00,156.65,156.74,156.58,156.73,2091.974
2025-11-06 19:58:00,156.72,157.14,156.72,157.02,3645.693
2025-11-06 19:59:00,157.02,157.02,156.78,156.89,953.155
2025-11-06 20:00:00,156.89,157.21,156.89,157.18,3425.482
2025-11-06 20:01:00,157.17,157.28,157.04,157.18,1733.57
2025-11-06 20:02:00,157.18,157.51,157.14,157.26,1997.219
2025-11-06 20:03:00,157.26,157.37,157.19,157.27,1888.528
2025-11-06 20:04:00,157.28,157.44,157.25,157.41,1160.932
2025-11-06 20:05:00,157.41,157.64,157.28,157.47,2480.873
2025-11-06 20:06:00,157.47,157.48,157.25,157.47,2606.121
2025-11-06 20:07:00,157.47,157.49,157.25,157.36,2721.872
2025-11-06 20:08:00,157.37,157.62,157.33,157.38,1504.087
2025-11-06 20:09:00,157.39,157.44,157.13,157.26,2212.327
2025-11-06 20:10:00,157.26,157.35,157.17,157.35,1487.06
2025-11-06 20:11:00,157.36,157.49,157.32,157.47,706.751
2025-11-06 20:12:00,157.48,157.82,157.26,157.31,2105.154
2025-11-06 20:13:00,157.32,157.34,157.09,157.13,1231.493
2025-11-06 20:14:00,157.13,157.16,156.92,157.03,1001.639
2025-11-06 20:15:00,157.04,157.28,157.04,157.15,1415.07
2025-11-06 20:16:00,157.16,157.2,157.05,157.12,1523.474
2025-11-06 20:17:00,157.12,157.2,157.0,157.05,1779.418
2025-11-06 20:18:00,157.05,157.11,156.97,157.11,955.855
2025-11-06 20:19:00,157.12,157.27,157.12,157.19,900.64
2025-11-06 20:20:00,157.19,157.28,156.98,157.23,2331.133
2025-11-06 20:21:00,157.23,157.31,157.09,157.18,866.209
2025-11-06 20:22:00,157.18,157.38,157.14,157.28,764.897
2025-11-06 20:23:00,157.28,157.42,157.18,157.42,774.65
2025-11-06 20:24:00,157.41,157.46,157.32,157.44,540.145
2025-11-06 20:25:00,157.45,157.56,157.28,157.37,926.939
2025-11-06 20:26:00,157.38,157.5,157.22,157.22,1265.039
2025-11-06 20:27:00,157.23,157.23,156.95,157.02,1643.341
2025-11-06 20:28:00,157.01,157.07,156.83,156.86,825.108
2025-11-06 20:29:00,156.86,156.86,156.36,156.42,1298.708
2025-11-06 20:30:00,156.43,156.47,156.31,156.31,2318.028
2025-11-06 20:31:00,156.31,156.32,155.77,155.8,3502.115
2025-11-06 20:32:00,155.8,155.91,155.52,155.84,2856.933
2025-11-06 20:33:00,155.84,155.94,155.75,155.91,1149.186
2025-11-06 20:34:00,155.92,156.04,155.85,156.04,1063.116
2025-11-06 20:35:00,156.03,156.04,155.7,155.78,1124.107
2025-11-06 20:36:00,155.78,155.86,155.69,155.84,1919.762
2025-11-06 20:37:00,155.84,156.05,155.73,155.73,1294.179
2025-11-06 20:38:00,155.73,155.98,155.7,155.95,2039.938
2025-11-06 20:39:00,155.95,156.02,155.35,155.43,2991.373
2025-11-06 20:40:00,155.43,155.56,155.28,155.46,3646.833
2025-11-06 20:41:00,155.46,155.61,155.4,155.49,1652.087
2025-11-06 20:42:00,155.49,155.53,155.16,155.18,2926.241
2025-11-06 20:43:00,155.19,155.32,154.98,154.99,3887.463
2025-11-06 20:44:00,154.98,155.09,154.85,155.0,1583.918
2025-11-06 20:45:00,155.01,155.25,154.91,155.01,2955.297
2025-11-06 20:46:00,155.02,155.06,154.64,154.69,2875.269
2025-11-06 20:47:00,154.68,155.05,154.68,154.86,2007.233
2025-11-06 20:48:00,154.86,155.0,154.75,154.87,1721.859
2025-11-06 20:49:00,154.87,155.16,154.83,155.06,2035.468
2025-11-06 20:50:00,155.06,155.25,154.97,155.19,3456.301
2025-11-06 20:51:00,155.2,155.23,154.76,154.78,2624.255
2025-11-06 20:52:00,154.78,155.17,154.78,155.12,1408.644
2025-11-06 20:53:00,155.12,155.21,155.05,155.18,2029.674
2025-11-06 20:54:00,155.18,155.37,155.03,155.11,3637.052
2025-11-06 20:55:00,155.11,155.5,155.05,155.4,5060.008
2025-11-06 20:56:00,155.4,155.59,155.31,155.53,1543.196
2025-11-06 20:57:00,155.54,155.63,155.06,155.06,4022.265
2025-11-06 20:58:00,155.05,155.09,154.81,154.82,2193.844
2025-11-06 20:59:00,154.83,155.44,154.73,155.31,3816.368
2025-11-06 21:00:00,155.31,155.59,155.26,155.58,2860.036
2025-11-06 21:01:00,155.58,155.84,155.54,155.64,2378.716
2025-11-06 21:02:00,155.64,155.81,155.44,155.77,1398.234
2025-11-06 21:03:00,155.77,155.8,155.38,155.39,1068.342
2025-11-06 21:04:00,155.38,155.38,155.15,155.2,1697.802
2025-11-06 21:05:00,155.19,155.24,154.8,155.01,3489.456
2025-11-06 21:06:00,155.02,155.3,154.97,155.22,1180.898
2025-11-06 21:07:00,155.22,155.4,155.21,155.4,999.598
2025-11-06 21:08:00,155.39,155.46,155.25,155.25,1025.179
2025-11-06 21:09:00,155.24,155.35,155.21,155.31,2044.744
2025-11-06 21:10:00,155.32,155.44,155.12,155.23,1204.575
2025-11-06 21:11:00,155.23,155.39,155.17,155.21,673.992
2025-11-06 21:12:00,155.22,155.24,155.0,155.01,434.549
2025-11-06 21:13:00,155.0,155.44,154.99,155.1,1441.256
2025-11-06 21:14:00,155.09,155.17,155.01,155.06,1682.349
2025-11-06 21:15:00,155.06,155.07,154.72,154.74,1613.053
2025-11-06 21:16:00,154.75,154.94,154.67,154.88,2633.977
2025-11-06 21:17:00,154.88,155.31,154.76,155.25,1772.615
2025-11-06 21:18:00,155.24,155.36,155.15,155.2,1006.283
2025-11-06 21:19:00,155.2,155.34,155.2,155.28,860.401
2025-11-06 21:20:00,155.28,155.33,155.23,155.33,1365.545
2025-11-06 21:21:00,155.34,155.34,155.18,155.31,657.713
2025-11-06 21:22:00,155.31,155.45,155.17,155.42,887.335
2025-11-06 21:23:00,155.42,155.45,155.06,155.21,1088.448
2025-11-06 21:24:00,155.21,155.33,155.15,155.32,3226.95
2025-11-06 21:25:00,155.32,155.32,155.05,155.08,1215.116
2025-11-06 21:26:00,155.07,155.11,154.9,155.11,1877.904
2025-11-06 21:27:00,155.12,155.61,155.12,155.53,1051.86
2025-11-06 21:28:00,155.53,155.62,155.43,155.47,1524.891
2025-11-06 21:29:00,155.46,155.61,155.46,155.56,655.824
2025-11-06 21:30:00,155.57,155.68,155.55,155.57,690.937
2025-11-06 21:31:00,155.56,155.64,155.52,155.63,625.913
2025-11-06 21:32:00,155.63,155.76,155.62,155.68,519.872
2025-11-06 21:33:00,155.68,155.78,155.62,155.77,595.823
2025-11-06 21:34:00,155.78,155.95,155.74,155.88,3203.851
2025-11-06 21:35:00,155.88,155.94,155.77,155.8,1983.112
2025-11-06 21:36:00,155.79,156.2,155.71,156.16,2469.253
2025-11-06 21:37:00,156.16,156.16,155.96,156.12,819.375
2025-11-06 21:38:00,156.12,156.12,156.0,156.08,502.912
2025-11-06 21:39:00,156.08,156.09,156.01,156.03,690.117
2025-11-06 21:40:00,156.03,156.19,155.93,156.19,802.872
2025-11-06 21:41:00,156.19,156.2,156.02,156.2,1135.35
2025-11-06 21:42:00,156.2,156.6,156.2,156.6,1786.063
2025-11-06 21:43:00,156.61,156.68,156.44,156.63,2211.656
2025-11-06 21:44:00,156.63,156.64,156.36,156.38,416.943
2025-11-06 21:45:00,156.37,156.45,156.24,156.25,1305.175
2025-11-06 21:46:00,156.26,156.35,156.21,156.35,435.556
2025-11-06 21:47:00,156.35,156.51,156.34,156.43,582.961
2025-11-06 21:48:00,156.42,156.43,156.19,156.24,577.721
2025-11-06 21:49:00,156.23,156.23,156.04,156.1,337.493
2025-11-06 21:50:00,156.1,156.11,155.85,156.11,2091.143
2025-11-06 21:51:00,156.12,156.71,156.12,156.71,4234.431
2025-11-06 21:52:00,156.71,156.94,156.6,156.83,2204.982
2025-11-06 21:53:00,156.82,156.82,156.71,156.79,957.351
2025-11-06 21:54:00,156.79,156.86,156.68,156.75,1526.962
2025-11-06 21:55:00,156.76,156.85,156.67,156.8,1024.681
2025-11-06 21:56:00,156.79,156.84,156.56,156.58,1284.53
2025-11-06 21:57:00,156.58,156.59,156.43,156.46,378.946
2025-11-06 21:58:00,156.46,156.61,156.43,156.55,3930.65
2025-11-06 21:59:00,156.55,156.66,156.48,156.49,461.349
2025-11-06 22:00:00,156.49,156.61,156.43,156.53,1335.736
2025-11-06 22:01:00,156.54,156.61,156.47,156.61,2710.35
2025-11-06 22:02:00,156.61,156.81,156.59,156.78,1024.949
2025-11-06 22:03:00,156.78,156.78,156.67,156.67,605.594
2025-11-06 22:04:00,156.68,156.77,156.65,156.66,866.516
2025-11-06 22:05:00,156.66,156.72,156.56,156.67,749.756
2025-11-06 22:06:00,156.68,156.79,156.61,156.79,626.31
2025-11-06 22:07:00,156.78,156.79,156.51,156.62,649.313
2025-11-06 22:08:00,156.61,156.61,156.37,156.43,686.519
2025-11-06 22:09:00,156.43,156.45,156.24,156.26,343.951
2025-11-06 22:10:00,156.26,156.26,156.07,156.2,1211.054
2025-11-06 22:11:00,156.2,156.27,156.08,156.1,842.227
2025-11-06 22:12:00,156.1,156.1,155.86,155.86,1477.205
2025-11-06 22:13:00,155.86,156.08,155.85,156.03,1163.828
2025-11-06 22:14:00,156.03,156.03,155.77,155.82,971.848
2025-11-06 22:15:00,155.82,156.0,155.77,155.96,459.298
2025-11-06 22:16:00,155.97,156.06,155.9,155.97,733.274
2025-11-06 22:17:00,155.97,156.03,155.9,156.02,629.363
2025-11-06 22:18:00,156.03,156.14,155.98,156.04,562.352
2025-11-06 22:19:00,156.04,156.27,156.0,156.27,767.033
2025-11-06 22:20:00,156.28,156.28,156.09,156.17,601.46
2025-11-06 22:21:00,156.17,156.37,156.08,156.12,909.92
2025-11-06 22:22:00,156.12,156.24,156.07,156.2,468.344
2025-11-06 22:23:00,156.2,156.2,156.07,156.08,398.018
2025-11-06 22:24:00,156.07,156.2,156.07,156.15,421.754
2025-11-06 22:25:00,156.15,156.17,156.01,156.12,495.924
2025-11-06 22:26:00,156.12,156.17,155.9,155.9,1027.197
2025-11-06 22:27:00,155.9,155.9,155.33,155.33,1873.587
2025-11-06 22:28:00,155.32,155.56,155.13,155.16,3735.25
2025-11-06 22:29:00,155.16,155.25,155.09,155.11,1463.997
2025-11-06 22:30:00,155.12,155.12,154.92,155.08,2326.108
2025-11-06 22:31:00,155.07,155.32,155.05,155.28,2580.269
2025-11-06 22:32:00,155.29,155.29,155.01,155.06,1165.856
2025-11-06 22:33:00,155.07,155.34,155.07,155.15,1218.684
2025-11-06 22:34:00,155.14,155.14,154.95,155.07,815.422
2025-11-06 22:35:00,155.06,155.07,154.83,154.83,4640.854
2025-11-06 22:36:00,154.83,154.83,154.45,154.59,7852.194
2025-11-06 22:37:00,154.58,154.7,154.31,154.32,3573.407
2025-11-06 22:38:00,154.32,154.67,154.26,154.67,4121.08
2025-11-06 22:39:00,154.68,154.72,154.51,154.68,1342.218
2025-11-06 22:40:00,154.68,154.8,154.51,154.8,1129.372
2025-11-06 22:41:00,154.81,154.83,154.66,154.78,2154.209
2025-11-06 22:42:00,154.77,154.77,154.45,154.68,2628.436
2025-11-06 22:43:00,154.67,154.88,154.67,154.83,1294.21
2025-11-06 22:44:00,154.82,154.98,154.81,154.98,720.194
2025-11-06 22:45:00,154.99,154.99,154.85,154.95,2283.133
2025-11-06 22:46:00,154.95,154.99,154.55,154.55,1442.79
2025-11-06 22:47:00,154.55,154.55,154.43,154.51,715.38
2025-11-06 22:48:00,154.5,154.82,154.5,154.74,1954.306
2025-11-06 22:49:00,154.73,155.08,154.73,155.07,922.067
2025-11-06 22:50:00,155.07,155.15,154.97,155.12,679.716
2025-11-06 22:51:00,155.11,155.25,155.11,155.25,327.823
2025-11-06 22:52:00,155.25,155.47,155.25,155.43,1135.376
2025-11-06 22:53:00,155.43,155.43,155.23,155.41,1699.639
2025-11-06 22:54:00,155.42,155.56,155.37,155.55,1794.943
2025-11-06 22:55:00,155.55,155.57,155.45,155.55,938.539
2025-11-06 22:56:00,155.55,155.55,155.41,155.49,548.754
2025-11-06 22:57:00,155.49,155.58,155.49,155.58,829.631
2025-11-06 22:58:00,155.59,155.77,155.59,155.63,1953.21
2025-11-06 22:59:00,155.63,155.79,155.57,155.58,906.569
2025-11-06 23:00:00,155.57,155.57,155.3,155.31,925.755
2025-11-06 23:01:00,155.31,155.48,155.3,155.4,787.096
2025-11-06 23:02:00,155.41,155.56,155.19,155.21,2079.42
2025-11-06 23:03:00,155.22,155.33,155.18,155.19,851.742
2025-11-06 23:04:00,155.18,155.18,154.97,155.06,1177.904
2025-11-06 23:05:00,155.05,155.05,154.71,154.85,1510.439
2025-11-06 23:06:00,154.85,155.06,154.78,154.98,563.67
2025-11-06 23:07:00,154.97,155.04,154.91,155.03,1190.487
2025-11-06 23:08:00,155.04,155.05,154.43,154.46,3032.62
2025-11-06 23:09:00,154.47,154.55,154.33,154.53,2337.967
2025-11-06 23:10:00,154.52,154.65,154.47,154.62,822.727
2025-11-06 23:11:00,154.63,154.93,154.63,154.89,1684.417
2025-11-06 23:12:00,154.88,154.92,154.83,154.83,532.135
2025-11-06 23:13:00,154.83,154.98,154.61,154.98,5176.518
2025-11-06 23:14:00,154.98,155.02,154.69,154.69,1620.834
2025-11-06 23:15:00,154.7,154.74,154.48,154.62,3579.635
2025-11-06 23:16:00,154.62,154.75,154.59,154.6,718.523
2025-11-06 23:17:00,154.61,154.61,154.1,154.11,2131.166
2025-11-06 23:18:00,154.11,154.23,153.87,154.08,7384.883
2025-11-06 23:19:00,154.08,154.08,153.89,153.9,2039.219
2025-11-06 23:20:00,153.91,154.01,153.66,153.69,5718.869
2025-11-06 23:21:00,153.7,153.8,153.45,153.8,4453.565
2025-11-06 23:22:00,153.8,154.06,153.8,153.91,1053.206
2025-11-06 23:23:00,153.92,154.08,153.92,154.06,1032.901
2025-11-06 23:24:00,154.07,154.31,154.06,154.29,818.542
2025-11-06 23:25:00,154.3,154.6,154.25,154.46,2719.58
2025-11-06 23:26:00,154.46,154.56,154.38,154.48,523.249
2025-11-06 23:27:00,154.48,154.59,154.41,154.44,802.281
2025-11-06 23:28:00,154.44,154.45,154.27,154.43,295.816
2025-11-06 23:29:00,154.43,154.61,154.43,154.54,460.362
2025-11-06 23:30:00,154.55,154.67,154.49,154.49,949.205
2025-11-06 23:31:00,154.49,154.49,154.0,154.07,974.734
2025-11-06 23:32:00,154.07,154.2,153.85,154.2,4135.792
2025-11-06 23:33:00,154.19,154.41,154.11,154.4,970.764
2025-11-06 23:34:00,154.4,154.45,154.18,154.27,941.208
2025-11-06 23:35:00,154.27,154.46,154.27,154.37,3228.093
2025-11-06 23:36:00,154.37,154.37,154.14,154.33,1035.162
2025-11-06 23:37:00,154.33,154.53,154.31,154.4,779.359
2025-11-06 23:38:00,154.4,154.41,154.06,154.12,1161.62
2025-11-06 23:39:00,154.12,154.22,153.96,154.21,665.965
2025-11-06 23:40:00,154.22,154.37,154.17,154.3,670.789
2025-11-06 23:41:00,154.31,154.47,154.17,154.37,424.037
2025-11-06 23:42:00,154.37,154.55,154.35,154.35,1746.977
2025-11-06 23:43:00,154.36,154.48,154.34,154.48,676.404
2025-11-06 23:44:00,154.47,154.69,154.47,154.66,1542.006
2025-11-06 23:45:00,154.66,155.0,154.66,155.0,1625.796
2025-11-06 23:46:00,154.99,154.99,154.69,154.88,1061.028
2025-11-06 23:47:00,154.87,154.91,154.78,154.91,570.32
2025-11-06 23:48:00,154.91,155.0,154.86,154.95,833.308
2025-11-06 23:49:00,154.96,155.05,154.9,155.02,1370.278
2025-11-06 23:50:00,155.02,155.1,154.96,155.07,1649.4
2025-11-06 23:51:00,155.07,155.07,154.94,155.06,1435.82
2025-11-06 23:52:00,155.06,155.12,154.78,154.91,856.247
2025-11-06 23:53:00,154.91,155.05,154.75,154.96,662.991
2025-11-06 23:54:00,154.96,155.11,154.9,155.09,1719.127
2025-11-06 23:55:00,155.08,155.1,154.93,154.98,1297.382
2025-11-06 23:56:00,154.98,155.2,154.98,155.11,862.477
2025-11-06 23:57:00,155.1,155.29,155.1,155.23,1058.691
2025-11-06 23:58:00,155.23,155.32,155.17,155.28,3689.156
2025-11-06 23:59:00,155.29,155.33,155.21,155.28,2129.66
2025-11-07 00:00:00,155.27,155.32,155.06,155.13,1581.015
2025-11-07 00:01:00,155.13,155.38,155.04,155.37,1611.659
2025-11-07 00:02:00,155.37,155.8,155.37,155.79,3289.232
2025-11-07 00:03:00,155.8,156.01,155.75,155.85,1161.135
2025-11-07 00:04:00,155.85,155.88,155.54,155.82,1271.416
2025-11-07 00:05:00,155.81,156.05,155.81,155.96,1127.015
2025-11-07 00:06:00,155.96,156.19,155.88,156.06,2375.081
2025-11-07 00:07:00,156.05,156.38,156.0,156.31,3001.551
2025-11-07 00:08:00,156.3,156.35,155.98,156.1,1267.562
2025-11-07 00:09:00,156.09,156.38,155.98,156.19,4357.016
2025-11-07 00:10:00,156.19,156.28,156.02,156.21,1378.503
2025-11-07 00:11:00,156.2,156.43,156.2,156.31,1879.643
2025-11-07 00:12:00,156.32,156.38,156.0,156.01,4464.052
2025-11-07 00:13:00,156.0,156.11,155.83,156.11,1329.266
2025-11-07 00:14:00,156.11,156.4,156.11,156.19,1273.818
2025-11-07 00:15:00,156.2,156.52,156.2,156.52,3596.966
2025-11-07 00:16:00,156.52,156.59,156.25,156.28,1575.985
2025-11-07 00:17:00,156.28,156.28,155.83,155.89,2021.486
2025-11-07 00:18:00,155.89,155.9,155.64,155.7,3124.764
2025-11-07 00:19:00,155.7,155.71,155.46,155.46,3593.865
2025-11-07 00:20:00,155.46,155.78,155.33,155.77,2140.842
2025-11-07 00:21:00,155.76,155.78,155.48,155.78,1864.631
2025-11-07 00:22:00,155.78,155.8,155.6,155.68,1481.318
2025-11-07 00:23:00,155.67,155.84,155.67,155.7,1397.446
2025-11-07 00:24:00,155.7,155.88,155.64,155.65,1649.276
2025-11-07 00:25:00,155.65,155.68,155.4,155.56,2607.74
2025-11-07 00:26:00,155.56,155.58,155.3,155.33,1845.169
2025-11-07 00:27:00,155.33,155.4,155.19,155.27,2040.276
2025-11-07 00:28:00,155.26,155.27,154.9,154.9,5248.309
2025-11-07 00:29:00,154.91,155.23,154.89,155.22,2401.705
2025-11-07 00:30:00,155.21,155.28,155.12,155.19,2169.661
2025-11-07 00:31:00,155.18,155.41,155.09,155.17,3251.554
2025-11-07 00:32:00,155.16,155.7,155.11,155.7,1394.621
2025-11-07 00:33:00,155.71,156.3,155.7,156.21,2570.263
2025-11-07 00:34:00,156.22,156.74,156.22,156.66,2320.572
2025-11-07 00:35:00,156.66,156.94,156.46,156.55,3498.24
2025-11-07 00:36:00,156.56,156.86,156.56,156.61,7604.596
2025-11-07 00:37:00,156.6,156.88,156.46,156.77,4414.9
2025-11-07 00:38:00,156.78,156.82,156.25,156.27,2163.155
2025-11-07 00:39:00,156.28,156.6,156.28,156.59,1418.848
2025-11-07 00:40:00,156.6,156.72,156.38,156.49,1573.22
2025-11-07 00:41:00,156.49,156.71,156.44,156.52,1707.76
2025-11-07 00:42:00,156.53,156.71,156.47,156.47,2348.478
2025-11-07 00:43:00,156.46,156.57,156.34,156.43,1669.51
2025-11-07 00:44:00,156.44,156.55,156.35,156.48,2448.762
2025-11-07 00:45:00,156.49,156.57,156.3,156.34,2768.3
2025-11-07 00:46:00,156.34,156.53,156.23,156.31,2439.783
2025-11-07 00:47:00,156.31,156.52,156.28,156.33,1596.138
2025-11-07 00:48:00,156.33,157.0,156.33,156.94,1932.256
2025-11-07 00:49:00,156.94,157.14,156.91,156.93,2562.971
2025-11-07 00:50:00,156.93,156.99,156.62,156.91,3358.28
2025-11-07 00:51:00,156.91,156.95,156.77,156.78,2307.074
2025-11-07 00:52:00,156.79,156.88,156.63,156.74,1059.108
2025-11-07 00:53:00,156.73,156.83,156.65,156.77,1021.634
2025-11-07 00:54:00,156.77,156.98,156.67,156.9,822.218
2025-11-07 00:55:00,156.9,156.9,156.52,156.56,1288.608
2025-11-07 00:56:00,156.55,156.6,156.14,156.2,2319.22
2025-11-07 00:57:00,156.19,156.54,156.18,156.53,1212.985
2025-11-07 00:58:00,156.52,156.98,156.52,156.92,632.72
2025-11-07 00:59:00,156.93,157.01,156.68,156.77,2088.842
2025-11-07 01:00:00,156.78,156.86,156.7,156.73,1384.724
2025-11-07 01:01:00,156.72,157.0,156.59,156.91,686.352
2025-11-07 01:02:00,156.9,156.91,156.73,156.76,1362.591
2025-11-07 01:03:00,156.76,156.9,156.76,156.82,743.013
2025-11-07 01:04:00,156.82,156.87,156.55,156.87,2340.42
2025-11-07 01:05:00,156.87,156.87,156.47,156.54,1608.837
2025-11-07 01:06:00,156.54,156.54,156.3,156.32,1406.913
2025-11-07 01:07:00,156.31,156.31,156.05,156.09,1456.185
2025-11-07 01:08:00,156.08,156.1,155.9,156.0,1599.904
2025-11-07 01:09:00,156.01,156.09,155.6,155.64,3667.506
2025-11-07 01:10:00,155.64,155.8,155.54,155.72,1955.205
2025-11-07 01:11:00,155.72,155.86,155.42,155.47,1430.353
2025-11-07 01:12:00,155.48,155.61,155.41,155.59,778.572
2025-11-07 01:13:00,155.59,156.05,155.54,155.95,1266.067
2025-11-07 01:14:00,155.96,156.29,155.96,156.02,855.159
2025-11-07 01:15:00,156.01,156.05,155.82,155.96,1982.159
2025-11-07 01:16:00,155.97,156.25,155.97,156.14,1092.671
2025-11-07 01:17:00,156.14,156.52,156.09,156.49,2265.545
2025-11-07 01:18:00,156.49,156.74,156.39,156.61,3103.585
2025-11-07 01:19:00,156.62,156.82,156.51,156.61,2739.946
2025-11-07 01:20:00,156.61,156.72,156.47,156.6,2213.747
2025-11-07 01:21:00,156.6,156.63,156.28,156.28,1789.251
2025-11-07 01:22:00,156.29,156.58,156.17,156.58,1027.782
2025-11-07 01:23:00,156.58,157.11,156.55,157.1,1811.259
2025-11-07 01:24:00,157.1,157.24,157.01,157.23,2344.877
2025-11-07 01:25:00,157.23,157.25,156.89,156.95,1384.502
2025-11-07 01:26:00,156.95,156.96,156.71,156.79,1547.613
2025-11-07 01:27:00,156.79,156.93,156.69,156.93,1568.777
2025-11-07 01:28:00,156.94,156.99,156.8,156.8,1826.474
2025-11-07 01:29:00,156.8,156.91,156.64,156.69,570.189
2025-11-07 01:30:00,156.68,156.82,156.5,156.61,1749.411
2025-11-07 01:31:00,156.6,156.74,156.45,156.74,1089.455
2025-11-07 01:32:00,156.74,156.79,156.18,156.2,2065.817
2025-11-07 01:33:00,156.21,156.24,155.71,155.75,3531.066
2025-11-07 01:34:00,155.76,155.79,154.81,154.98,11263.668
2025-11-07 01:35:00,154.98,155.0,154.22,154.67,12054.674
2025-11-07 01:36:00,154.66,154.87,154.34,154.54,4105.345
2025-11-07 01:37:00,154.55,154.79,154.33,154.44,3486.647
2025-11-07 01:38:00,154.43,155.01,154.38,154.84,3585.769
2025-11-07 01:39:00,154.84,155.2,154.78,155.16,2780.366
2025-11-07 01:40:00,155.16,155.26,154.9,155.23,5632.939
2025-11-07 01:41:00,155.24,155.25,155.04,155.12,1192.646
2025-11-07 01:42:00,155.12,155.57,155.12,155.4,1702.322
2025-11-07 01:43:00,155.4,155.52,155.11,155.48,1477.526
2025-11-07 01:44:00,155.47,155.52,155.22,155.23,723.867
2025-11-07 01:45:00,155.22,155.29,154.96,155.29,1620.061
2025-11-07 01:46:00,155.29,155.57,155.2,155.33,3932.28
2025-11-07 01:47:00,155.32,155.32,154.74,154.74,1458.554
2025-11-07 01:48:00,154.75,155.06,154.72,154.98,1336.417
2025-11-07 01:49:00,154.98,155.04,154.76,154.9,1186.396
2025-11-07 01:50:00,154.9,155.2,154.88,155.09,1214.653
2025-11-07 01:51:00,155.09,155.6,155.08,155.58,1045.976
2025-11-07 01:52:00,155.58,155.6,155.22,155.29,1832.679
2025-11-07 01:53:00,155.29,155.31,155.02,155.07,1458.726
2025-11-07 01:54:00,155.08,155.65,155.08,155.65,981.1
2025-11-07 01:55:00,155.66,155.98,155.62,155.67,2105.489
2025-11-07 01:56:00,155.68,155.78,155.56,155.77,817.536
2025-11-07 01:57:00,155.77,156.45,155.7,156.37,2799.19
2025-11-07 01:58:00,156.37,156.73,156.33,156.72,3690.751
2025-11-07 01:59:00,156.72,157.09,156.69,157.05,5795.43
2025-11-07 02:00:00,157.04,157.56,157.0,157.01,6212.275
2025-11-07 02:01:00,157.01,157.21,156.88,157.01,2645.695
2025-11-07 02:02:00,157.01,157.08,156.84,157.06,2280.107
2025-11-07 02:03:00,157.07,157.26,156.84,156.91,2750.835
2025-11-07 02:04:00,156.9,157.18,156.9,157.17,3078.88
2025-11-07 02:05:00,157.16,157.27,156.83,157.02,1998.85
2025-11-07 02:06:00,157.02,157.6,157.0,157.21,2600.34
2025-11-07 02:07:00,157.22,157.41,157.05,157.34,2125.111
2025-11-07 02:08:00,157.34,157.45,157.26,157.4,1621.529
2025-11-07 02:09:00,157.41,157.45,157.14,157.39,801.738
2025-11-07 02:10:00,157.4,157.63,157.3,157.34,1096.305
2025-11-07 02:11:00,157.34,157.34,156.9,156.93,2346.451
2025-11-07 02:12:00,156.94,157.05,156.85,156.99,3163.144
2025-11-07 02:13:00,156.99,157.1,156.87,157.03,675.842
2025-11-07 02:14:00,157.02,157.21,156.89,156.95,2334.996
2025-11-07 02:15:00,156.95,157.15,156.92,157.0,1618.506
2025-11-07 02:16:00,157.0,157.08,156.75,156.79,1457.15
2025-11-07 02:17:00,156.79,157.14,156.7,157.07,1739.268
2025-11-07 02:18:00,157.07,157.23,156.81,157.23,1086.989
2025-11-07 02:19:00,157.22,157.38,157.0,157.02,1889.0
2025-11-07 02:20:00,157.03,157.19,156.93,157.01,1656.175
2025-11-07 02:21:00,157.02,157.04,156.66,156.66,3739.772
2025-11-07 02:22:00,156.65,156.65,156.25,156.3,1979.438
2025-11-07 02:23:00,156.3,156.52,156.21,156.38,1724.711
2025-11-07 02:24:00,156.38,156.65,156.3,156.46,1256.606
2025-11-07 02:25:00,156.47,156.6,156.4,156.5,1100.078
2025-11-07 02:26:00,156.49,156.64,156.31,156.64,946.539
2025-11-07 02:27:00,156.63,156.68,156.23,156.35,1361.424
2025-11-07 02:28:00,156.35,156.41,156.23,156.24,861.023
2025-11-07 02:29:00,156.23,156.33,156.16,156.2,904.643
2025-11-07 02:30:00,156.21,156.39,156.19,156.33,867.965
2025-11-07 02:31:00,156.33,156.5,156.31,156.46,1556.77
2025-11-07 02:32:00,156.45,156.85,156.32,156.85,2271.083
2025-11-07 02:33:00,156.85,157.12,156.8,157.09,3487.86
2025-11-07 02:34:00,157.08,157.08,156.86,156.96,726.149
2025-11-07 02:35:00,156.96,157.06,156.86,156.89,1134.105
2025-11-07 02:36:00,156.89,157.2,156.74,156.97,2954.739
2025-11-07 02:37:00,156.97,157.15,156.81,157.05,3002.817
2025-11-07 02:38:00,157.05,157.07,156.77,156.81,1225.326
2025-11-07 02:39:00,156.82,157.07,156.81,157.07,3794.209
2025-11-07 02:40:00,157.08,157.36,157.06,157.17,4281.523
2025-11-07 02:41:00,157.17,157.28,156.97,157.02,2989.846
2025-11-07 02:42:00,157.01,157.16,156.94,157.16,682.719
2025-11-07 02:43:00,157.16,157.32,157.12,157.24,2615.332
2025-11-07 02:44:00,157.23,157.31,157.1,157.19,1056.476
2025-11-07 02:45:00,157.2,157.3,157.02,157.02,1005.983
2025-11-07 02:46:00,157.02,157.33,156.94,157.32,648.579
2025-11-07 02:47:00,157.31,157.33,157.15,157.29,2191.254
2025-11-07 02:48:00,157.29,157.46,157.25,157.25,3008.281
2025-11-07 02:49:00,157.24,157.32,157.13,157.27,2092.344
2025-11-07 02:50:00,157.27,157.35,157.1,157.35,1171.975
2025-11-07 02:51:00,157.35,157.49,157.3,157.35,1018.523
2025-11-07 02:52:00,157.34,157.58,157.34,157.51,1699.837
2025-11-07 02:53:00,157.51,157.63,157.43,157.62,1552.51
2025-11-07 02:54:00,157.62,157.79,157.62,157.71,2123.06
2025-11-07 02:55:00,157.71,157.92,157.41,157.5,5523.872
2025-11-07 02:56:00,157.49,157.72,157.49,157.63,1534.082
2025-11-07 02:57:00,157.62,157.69,157.52,157.61,1525.499
2025-11-07 02:58:00,157.61,157.93,157.6,157.8,3743.895
2025-11-07 02:59:00,157.8,158.1,157.78,158.01,2608.015
2025-11-07 03:00:00,158.02,158.24,157.9,158.23,3392.096
2025-11-07 03:01:00,158.24,158.46,158.14,158.14,3827.031
2025-11-07 03:02:00,158.13,158.44,158.03,158.06,2871.528
2025-11-07 03:03:00,158.06,158.08,157.86,157.87,2439.931
2025-11-07 03:04:00,157.86,158.34,157.78,158.19,5456.22
2025-11-07 03:05:00,158.19,158.51,158.16,158.46,4155.983
2025-11-07 03:06:00,158.46,158.55,158.26,158.27,2678.545
2025-11-07 03:07:00,158.26,158.41,158.15,158.41,3652.549
2025-11-07 03:08:00,158.41,158.62,158.36,158.54,2208.527
2025-11-07 03:09:00,158.54,158.54,158.29,158.29,2539.412
2025-11-07 03:10:00,158.3,158.38,158.24,158.31,2167.603
2025-11-07 03:11:00,158.31,158.31,158.13,158.21,1528.234
2025-11-07 03:12:00,158.2,158.28,158.18,158.28,1402.041
2025-11-07 03:13:00,158.27,158.31,158.02,158.03,1957.793
2025-11-07 03:14:00,158.03,158.16,157.93,158.12,2971.14
2025-11-07 03:15:00,158.11,158.12,157.82,157.92,1389.281
2025-11-07 03:16:00,157.91,158.13,157.75,158.01,2455.15
2025-11-07 03:17:00,158.02,158.09,157.71,157.9,1178.736
2025-11-07 03:18:00,157.91,157.93,157.74,157.9,639.481
2025-11-07 03:19:00,157.91,158.09,157.82,158.05,1580.912
2025-11-07 03:20:00,158.05,158.07,157.89,157.89,595.999
2025-11-07 03:21:00,157.9,157.9,157.51,157.56,1702.26
2025-11-07 03:22:00,157.57,157.68,157.47,157.66,721.624
2025-11-07 03:23:00,157.66,157.97,157.66,157.7,3599.478
2025-11-07 03:24:00,157.69,157.91,157.62,157.88,3624.274
2025-11-07 03:25:00,157.89,157.9,157.58,157.62,2077.218
2025-11-07 03:26:00,157.63,157.87,157.53,157.56,2450.44
2025-11-07 03:27:00,157.55,157.59,157.47,157.53,752.624
2025-11-07 03:28:00,157.53,157.6,157.46,157.59,1023.667
2025-11-07 03:29:00,157.6,157.77,157.54,157.71,1143.714
2025-11-07 03:30:00,157.72,157.72,157.52,157.53,668.995
2025-11-07 03:31:00,157.52,157.57,157.5,157.55,605.806
2025-11-07 03:32:00,157.56,157.77,157.52,157.58,879.51
2025-11-07 03:33:00,157.58,157.8,157.49,157.52,2741.457
2025-11-07 03:34:00,157.51,157.55,157.34,157.43,2617.254
2025-11-07 03:35:00,157.44,157.62,157.39,157.54,2247.92
2025-11-07 03:36:00,157.54,157.68,157.42,157.51,2185.801
2025-11-07 03:37:00,157.52,157.69,157.26,157.27,2776.782
2025-11-07 03:38:00,157.28,157.39,157.28,157.37,2904.376
2025-11-07 03:39:00,157.37,157.56,157.35,157.53,1518.045
2025-11-07 03:40:00,157.54,157.54,157.34,157.42,1578.871
2025-11-07 03:41:00,157.41,157.45,157.35,157.39,1372.439
2025-11-07 03:42:00,157.39,157.48,157.36,157.44,1192.436
2025-11-07 03:43:00,157.44,157.5,157.26,157.33,1432.591
2025-11-07 03:44:00,157.34,157.48,157.26,157.28,2243.365
2025-11-07 03:45:00,157.29,157.29,157.09,157.1,1824.841
2025-11-07 03:46:00,157.1,157.14,157.01,157.03,2639.695
2025-11-07 03:47:00,157.04,157.21,157.02,157.2,424.301
2025-11-07 03:48:00,157.21,157.38,157.15,157.37,471.154
2025-11-07 03:49:00,157.38,157.44,157.3,157.34,605.57
2025-11-07 03:50:00,157.33,157.38,157.16,157.18,1042.169
2025-11-07 03:51:00,157.19,157.29,157.18,157.21,1214.809
2025-11-07 03:52:00,157.21,157.25,157.08,157.16,2817.866
2025-11-07 03:53:00,157.15,157.15,157.02,157.02,1582.047
2025-11-07 03:54:00,157.03,157.07,156.79,156.86,2992.601
2025-11-07 03:55:00,156.87,156.98,156.8,156.87,1187.038
2025-11-07 03:56:00,156.87,157.06,156.87,156.95,1709.472
2025-11-07 03:57:00,156.95,157.05,156.83,156.97,2717.178
2025-11-07 03:58:00,156.97,157.04,156.81,156.84,2182.7
2025-11-07 03:59:00,156.85,156.94,156.84,156.85,1358.435
2025-11-07 04:00:00,156.86,157.01,156.75,156.87,2515.003
2025-11-07 04:01:00,156.88,157.08,156.86,156.88,2323.901
2025-11-07 04:02:00,156.89,156.89,156.42,156.59,5035.229
2025-11-07 04:03:00,156.59,156.74,156.53,156.54,2901.985
2025-11-07 04:04:00,156.55,156.69,156.54,156.68,2554.661
2025-11-07 04:05:00,156.68,156.71,156.45,156.45,1786.413
2025-11-07 04:06:00,156.44,156.44,156.05,156.23,5757.288
2025-11-07 04:07:00,156.22,156.33,156.16,156.25,4195.643
2025-11-07 04:08:00,156.24,156.3,156.13,156.26,1631.931
2025-11-07 04:09:00,156.26,156.42,155.91,156.02,2346.221
2025-11-07 04:10:00,156.02,156.06,155.85,155.86,2390.577
2025-11-07 04:11:00,155.87,155.92,155.78,155.84,3958.142
2025-11-07 04:12:00,155.83,155.91,155.78,155.89,4773.17
2025-11-07 04:13:00,155.9,155.93,155.8,155.83,2288.259
2025-11-07 04:14:00,155.82,155.96,155.79,155.8,2258.335
2025-11-07 04:15:00,155.81,156.12,155.81,156.06,1706.812
2025-11-07 04:16:00,156.06,156.27,155.94,156.2,1903.353
2025-11-07 04:17:00,156.2,156.29,156.1,156.2,1880.559
2025-11-07 04:18:00,156.19,156.45,156.19,156.34,1107.255
2025-11-07 04:19:00,156.34,156.43,156.3,156.31,2854.443
2025-11-07 04:20:00,156.31,156.43,156.21,156.3,724.013
2025-11-07 04:21:00,156.29,156.43,156.29,156.42,566.267
2025-11-07 04:22:00,156.43,156.54,156.36,156.48,777.091
2025-11-07 04:23:00,156.48,156.56,156.42,156.45,1918.461
2025-11-07 04:24:00,156.45,156.55,156.4,156.4,604.595
2025-11-07 04:25:00,156.4,156.42,156.19,156.24,2031.63
2025-11-07 04:26:00,156.25,156.3,156.13,156.19,1406.048
2025-11-07 04:27:00,156.18,156.3,156.11,156.17,1297.049
2025-11-07 04:28:00,156.18,156.31,156.18,156.3,558.253
2025-11-07 04:29:00,156.29,156.47,156.29,156.43,1762.821
2025-11-07 04:30:00,156.42,156.43,156.27,156.28,697.244
2025-11-07 04:31:00,156.27,156.28,156.03,156.06,655.785
2025-11-07 04:32:00,156.05,156.13,156.02,156.02,742.388
2025-11-07 04:33:00,156.01,156.08,155.89,155.95,8520.443
2025-11-07 04:34:00,155.95,155.95,155.7,155.75,6533.523
2025-11-07 04:35:00,155.74,155.78,155.62,155.68,6177.122
2025-11-07 04:36:00,155.68,155.78,155.6,155.78,977.109
2025-11-07 04:37:00,155.78,155.86,155.68,155.71,1716.224
2025-11-07 04:38:00,155.71,155.77,155.63,155.63,1201.048
2025-11-07 04:39:00,155.62,155.62,155.3,155.33,3336.853
2025-11-07 04:40:00,155.33,155.48,155.24,155.45,2294.822
2025-11-07 04:41:00,155.45,155.51,155.38,155.48,2442.944
2025-11-07 04:42:00,155.47,155.61,155.4,155.51,799.824
2025-11-07 04:43:00,155.51,155.64,155.51,155.64,340.668
2025-11-07 04:44:00,155.64,155.76,155.58,155.59,733.378
2025-11-07 04:45:00,155.59,155.65,155.5,155.54,1626.535
2025-11-07 04:46:00,155.53,155.78,155.51,155.78,1567.39
2025-11-07 04:47:00,155.78,155.78,155.63,155.68,805.488
2025-11-07 04:48:00,155.68,155.72,155.58,155.7,369.153
2025-11-07 04:49:00,155.7,155.77,155.56,155.67,1599.644
2025-11-07 04:50:00,155.67,155.78,155.66,155.78,713.397
2025-11-07 04:51:00,155.78,155.94,155.78,155.88,1074.082
2025-11-07 04:52:00,155.88,155.93,155.65,155.65,629.609
2025-11-07 04:53:00,155.66,155.78,155.61,155.75,902.817
2025-11-07 04:54:00,155.74,155.78,155.66,155.78,608.329
2025-11-07 04:55:00,155.78,156.01,155.77,155.95,994.513
2025-11-07 04:56:00,155.94,156.03,155.87,156.03,971.077
2025-11-07 04:57:00,156.03,156.24,155.98,156.02,1508.195
2025-11-07 04:58:00,156.02,156.22,156.02,156.2,1440.07
2025-11-07 04:59:00,156.2,156.25,156.08,156.17,2646.807
2025-11-07 05:00:00,156.17,156.29,156.15,156.22,954.261
2025-11-07 05:01:00,156.22,156.31,156.18,156.31,1020.095
2025-11-07 05:02:00,156.32,156.47,156.29,156.47,720.68
2025-11-07 05:03:00,156.47,156.5,156.42,156.49,1205.757
2025-11-07 05:04:00,156.48,156.83,156.41,156.83,1609.602
2025-11-07 05:05:00,156.82,157.1,156.78,157.09,1749.61
2025-11-07 05:06:00,157.1,157.1,156.85,156.92,1865.073
2025-11-07 05:07:00,156.92,157.39,156.92,157.38,3501.981
2025-11-07 05:08:00,157.37,157.55,157.34,157.46,2023.487
2025-11-07 05:09:00,157.45,157.68,157.41,157.68,1168.069
2025-11-07 05:10:00,157.68,157.98,157.61,157.65,2716.941
2025-11-07 05:11:00,157.65,157.89,157.54,157.54,2743.15
2025-11-07 05:12:00,157.54,157.66,157.45,157.62,1370.215
2025-11-07 05:13:00,157.61,157.61,157.34,157.53,2979.524
2025-11-07 05:14:00,157.54,157.7,157.54,157.68,1917.331
2025-11-07 05:15:00,157.68,157.76,157.49,157.5,2351.211
2025-11-07 05:16:00,157.49,157.67,157.48,157.58,2851.812
2025-11-07 05:17:00,157.57,157.75,157.53,157.61,875.221
2025-11-07 05:18:00,157.61,157.62,157.4,157.58,1047.652
2025-11-07 05:19:00,157.57,157.78,157.54,157.55,918.471
2025-11-07 05:20:00,157.55,157.56,157.22,157.33,1813.289
2025-11-07 05:21:00,157.34,157.34,157.05,157.1,3758.796
2025-11-07 05:22:00,157.09,157.23,156.95,157.23,2939.926
2025-11-07 05:23:00,157.23,157.35,157.22,157.32,1611.652
2025-11-07 05:24:00,157.31,157.35,157.19,157.35,755.055
2025-11-07 05:25:00,157.34,157.4,157.15,157.18,1105.323
2025-11-07 05:26:00,157.18,157.24,157.0,157.23,754.162
2025-11-07 05:27:00,157.24,157.34,157.23,157.28,1211.432
2025-11-07 05:28:00,157.28,157.35,157.22,157.32,1762.078
2025-11-07 05:29:00,157.32,157.54,157.32,157.47,660.935
2025-11-07 05:30:00,157.47,157.48,157.2,157.22,999.803
2025-11-07 05:31:00,157.21,157.31,157.15,157.27,805.406
2025-11-07 05:32:00,157.28,157.41,157.21,157.37,1300.947
2025-11-07 05:33:00,157.38,157.52,157.3,157.48,777.375
2025-11-07 05:34:00,157.47,157.54,157.35,157.52,2630.75
2025-11-07 05:35:00,157.52,157.58,157.41,157.41,649.69
2025-11-07 05:36:00,157.42,157.49,157.23,157.37,1230.14
2025-11-07 05:37:00,157.37,157.61,157.36,157.57,3329.024
2025-11-07 05:38:00,157.57,157.57,157.43,157.57,853.412
2025-11-07 05:39:00,157.56,157.65,157.49,157.6,1399.953
2025-11-07 05:40:00,157.6,157.72,157.6,157.7,982.687
2025-11-07 05:41:00,157.7,157.71,157.47,157.55,1804.046
2025-11-07 05:42:00,157.54,157.64,157.49,157.49,743.101
2025-11-07 05:43:00,157.49,157.59,157.44,157.59,1213.735
2025-11-07 05:44:00,157.59,157.61,157.5,157.55,884.971
2025-11-07 05:45:00,157.55,157.64,157.47,157.52,1831.923
2025-11-07 05:46:00,157.53,157.58,157.46,157.49,650.167
2025-11-07 05:47:00,157.48,157.64,157.47,157.54,1229.873
2025-11-07 05:48:00,157.55,157.74,157.5,157.73,1690.779
2025-11-07 05:49:00,157.74,157.75,157.58,157.62,386.875
2025-11-07 05:50:00,157.62,157.8,157.58,157.79,497.148
2025-11-07 05:51:00,157.8,157.92,157.7,157.92,1218.631
2025-11-07 05:52:00,157.93,158.16,157.89,158.14,2538.313
2025-11-07 05:53:00,158.14,158.19,157.91,157.99,2335.251
2025-11-07 05:54:00,157.99,158.02,157.75,157.83,1325.027
2025-11-07 05:55:00,157.82,157.87,157.77,157.8,1264.286
2025-11-07 05:56:00,157.8,157.91,157.8,157.83,622.598
2025-11-07 05:57:00,157.83,158.02,157.82,158.01,1722.179
2025-11-07 05:58:00,158.01,158.19,158.0,158.19,2357.283
2025-11-07 05:59:00,158.18,158.24,158.05,158.09,3452.907
2025-11-07 06:00:00,158.1,158.13,157.95,158.06,818.777
2025-11-07 06:01:00,158.06,158.16,157.97,158.16,844.502
2025-11-07 06:02:00,158.16,158.18,157.94,158.02,1599.787
2025-11-07 06:03:00,158.01,158.06,157.92,158.04,1475.099
2025-11-07 06:04:00,158.04,158.04,157.77,157.82,1213.95
2025-11-07 06:05:00,157.81,157.9,157.81,157.87,611.715
2025-11-07 06:06:00,157.88,157.9,157.7,157.72,2296.932
2025-11-07 06:07:00,157.71,157.88,157.7,157.85,971.135
2025-11-07 06:08:00,157.85,157.95,157.85,157.89,587.161
2025-11-07 06:09:00,157.89,158.0,157.83,157.86,1427.886
2025-11-07 06:10:00,157.86,157.87,157.8,157.83,426.282
2025-11-07 06:11:00,157.83,157.99,157.81,157.96,549.166
2025-11-07 06:12:00,157.96,158.16,157.95,158.16,585.191
2025-11-07 06:13:00,158.16,158.16,158.02,158.06,819.64
2025-11-07 06:14:00,158.06,158.08,157.89,157.9,740.355
2025-11-07 06:15:00,157.9,158.01,157.72,157.77,2664.195
2025-11-07 06:16:00,157.78,157.82,157.7,157.81,2632.616
2025-11-07 06:17:00,157.81,157.97,157.81,157.92,730.624
2025-11-07 06:18:00,157.91,157.99,157.85,157.96,755.497
2025-11-07 06:19:00,157.96,158.03,157.95,157.97,392.381
2025-11-07 06:20:00,157.98,158.0,157.88,157.88,297.041
2025-11-07 06:21:00,157.89,157.91,157.87,157.91,448.028
2025-11-07 06:22:00,157.91,158.11,157.91,158.11,1928.362
2025-11-07 06:23:00,158.1,158.28,158.05,158.26,1338.286
2025-11-07 06:24:00,158.26,158.28,158.02,158.11,2021.108
2025-11-07 06:25:00,158.1,158.11,157.88,157.99,1210.913
2025-11-07 06:26:00,157.99,158.04,157.92,158.04,583.7
2025-11-07 06:27:00,158.04,158.08,158.02,158.06,467.942
2025-11-07 06:28:00,158.07,158.1,158.0,158.01,694.011
2025-11-07 06:29:00,158.0,158.01,157.76,157.79,1750.424
2025-11-07 06:30:00,157.8,157.82,157.47,157.52,2000.051
2025-11-07 06:31:00,157.52,157.61,157.5,157.56,935.04
2025-11-07 06:32:00,157.56,157.58,157.38,157.58,1397.983
2025-11-07 06:33:00,157.57,157.57,157.31,157.33,719.203
2025-11-07 06:34:00,157.33,157.46,157.32,157.44,1343.985
2025-11-07 06:35:00,157.44,157.46,157.31,157.4,501.76
2025-11-07 06:36:00,157.4,157.63,157.4,157.59,927.206
2025-11-07 06:37:00,157.58,157.61,157.45,157.49,356.158
2025-11-07 06:38:00,157.48,157.59,157.44,157.44,628.997
2025-11-07 06:39:00,157.43,157.45,157.28,157.3,1599.331
2025-11-07 06:40:00,157.3,157.41,157.28,157.34,1208.623
2025-11-07 06:41:00,157.34,157.38,157.31,157.33,549.852
2025-11-07 06:42:00,157.33,157.42,157.32,157.38,520.668
2025-11-07 06:43:00,157.38,157.4,157.25,157.35,679.274
2025-11-07 06:44:00,157.35,157.43,157.33,157.36,486.87
2025-11-07 06:45:00,157.36,157.38,157.23,157.34,497.498
2025-11-07 06:46:00,157.33,157.42,157.33,157.39,562.99
2025-11-07 06:47:00,157.39,157.4,157.13,157.13,881.462
2025-11-07 06:48:00,157.13,157.19,157.1,157.17,1547.947
2025-11-07 06:49:00,157.16,157.26,157.14,157.23,324.49
2025-11-07 06:50:00,157.24,157.27,157.11,157.11,972.794
2025-11-07 06:51:00,157.12,157.24,157.08,157.23,518.051
2025-11-07 06:52:00,157.23,157.31,157.22,157.24,353.023
2025-11-07 06:53:00,157.25,157.31,157.04,157.07,795.985
2025-11-07 06:54:00,157.07,157.1,157.01,157.08,705.135
2025-11-07 06:55:00,157.08,157.13,157.01,157.08,243.455
2025-11-07 06:56:00,157.08,157.08,156.89,156.96,1607.086
2025-11-07 06:57:00,156.96,156.97,156.92,156.93,651.35
2025-11-07 06:58:00,156.92,157.01,156.92,157.0,271.322
2025-11-07 06:59:00,157.01,157.01,156.8,156.8,736.462
2025-11-07 07:00:00,156.81,156.99,156.8,156.94,1041.673
2025-11-07 07:01:00,156.94,157.17,156.94,157.09,1535.36
2025-11-07 07:02:00,157.08,157.24,157.01,157.24,1417.722
2025-11-07 07:03:00,157.24,157.24,157.09,157.09,897.037
2025-11-07 07:04:00,157.08,157.08,156.9,156.91,853.406
2025-11-07 07:05:00,156.91,157.01,156.83,156.99,1043.813
2025-11-07 07:06:00,156.98,157.04,156.88,157.01,656.721
2025-11-07 07:07:00,157.01,157.17,157.0,157.11,1914.898
2025-11-07 07:08:00,157.11,157.11,156.97,157.02,819.98
2025-11-07 07:09:00,157.01,157.14,157.01,157.04,531.435
2025-11-07 07:10:00,157.03,157.04,156.92,156.98,562.888
2025-11-07 07:11:00,156.98,157.1,156.98,157.1,1089.38
2025-11-07 07:12:00,157.1,157.1,157.02,157.05,286.043
2025-11-07 07:13:00,157.06,157.11,157.02,157.11,224.239
2025-11-07 07:14:00,157.11,157.23,157.04,157.08,745.373
2025-11-07 07:15:00,157.09,157.56,157.09,157.52,1121.077
2025-11-07 07:16:00,157.52,157.61,157.44,157.47,971.204
2025-11-07 07:17:00,157.47,157.58,157.42,157.58,674.204
2025-11-07 07:18:00,157.59,157.63,157.52,157.55,742.575
2025-11-07 07:19:00,157.54,157.58,157.37,157.42,445.757
2025-11-07 07:20:00,157.42,157.57,157.41,157.57,591.033
2025-11-07 07:21:00,157.57,157.61,157.45,157.49,733.025
2025-11-07 07:22:00,157.5,157.57,157.47,157.48,708.157
2025-11-07 07:23:00,157.48,157.53,157.26,157.34,1411.447
2025-11-07 07:24:00,157.34,157.36,156.94,156.95,1991.397
2025-11-07 07:25:00,156.95,156.95,156.62,156.68,1852.521
2025-11-07 07:26:00,156.68,156.84,156.63,156.82,2455.498
2025-11-07 07:27:00,156.82,156.86,156.76,156.84,580.784
2025-11-07 07:28:00,156.84,157.06,156.83,157.02,1628.065
2025-11-07 07:29:00,157.01,157.18,156.97,157.1,3898.352
2025-11-07 07:30:00,157.1,157.21,157.07,157.13,460.67
2025-11-07 07:31:00,157.13,157.17,156.92,156.98,855.231
2025-11-07 07:32:00,156.99,157.03,156.76,156.76,2688.713
2025-11-07 07:33:00,156.76,156.8,156.68,156.68,1104.955
2025-11-07 07:34:00,156.68,156.73,156.48,156.6,2662.441
2025-11-07 07:35:00,156.6,156.63,156.37,156.43,1263.945
2025-11-07 07:36:00,156.43,156.63,156.38,156.63,601.017
2025-11-07 07:37:00,156.63,156.69,156.49,156.53,936.089
2025-11-07 07:38:00,156.53,156.69,156.53,156.64,586.41
2025-11-07 07:39:00,156.65,156.67,156.53,156.53,1089.992
2025-11-07 07:40:00,156.54,156.65,156.53,156.65,972.232
2025-11-07 07:41:00,156.66,156.81,156.64,156.79,1594.562
2025-11-07 07:42:00,156.79,156.81,156.69,156.69,1131.812
2025-11-07 07:43:00,156.69,156.72,156.69,156.7,1491.09
2025-11-07 07:44:00,156.7,156.74,156.65,156.65,797.505
2025-11-07 07:45:00,156.66,156.96,156.66,156.93,1722.163
2025-11-07 07:46:00,156.93,157.22,156.93,157.05,1446.813
2025-11-07 07:47:00,157.04,157.24,157.04,157.24,427.759
2025-11-07 07:48:00,157.24,157.42,157.23,157.35,2185.157
2025-11-07 07:49:00,157.36,157.68,157.35,157.65,1020.893
2025-11-07 07:50:00,157.66,157.73,157.5,157.52,1483.265
2025-11-07 07:51:00,157.52,157.67,157.46,157.67,997.152
2025-11-07 07:52:00,157.66,157.71,157.58,157.65,2444.512
2025-11-07 07:53:00,157.64,157.8,157.64,157.8,565.03
2025-11-07 07:54:00,157.8,157.87,157.75,157.76,1235.609
2025-11-07 07:55:00,157.76,157.77,157.62,157.62,781.842
2025-11-07 07:56:00,157.63,157.79,157.62,157.7,894.85
2025-11-07 07:57:00,157.69,157.7,157.62,157.7,702.502
2025-11-07 07:58:00,157.7,157.85,157.7,157.85,918.466
2025-11-07 07:59:00,157.85,157.85,157.78,157.79,567.674
2025-11-07 08:00:00,157.79,157.79,157.7,157.7,1574.31
2025-11-07 08:01:00,157.7,157.83,157.6,157.76,906.6
2025-11-07 08:02:00,157.76,157.83,157.71,157.83,556.191
2025-11-07 08:03:00,157.83,157.89,157.82,157.89,1148.821
2025-11-07 08:04:00,157.9,157.93,157.77,157.84,891.766
2025-11-07 08:05:00,157.85,158.0,157.85,158.0,2270.377
2025-11-07 08:06:00,157.99,158.14,157.99,158.11,1135.417
2025-11-07 08:07:00,158.11,158.21,158.06,158.1,4658.542
2025-11-07 08:08:00,158.1,158.11,157.96,157.99,1843.208
2025-11-07 08:09:00,158.0,158.04,157.87,157.88,435.915
2025-11-07 08:10:00,157.87,158.0,157.76,158.0,992.604
2025-11-07 08:11:00,157.99,158.05,157.92,158.02,602.689
2025-11-07 08:12:00,158.02,158.03,157.93,157.99,483.82
2025-11-07 08:13:00,157.99,158.02,157.78,157.93,1465.663
2025-11-07 08:14:00,157.93,158.12,157.92,158.12,769.675
2025-11-07 08:15:00,158.12,158.16,158.05,158.07,711.272
2025-11-07 08:16:00,158.07,158.07,157.72,157.74,1052.742
2025-11-07 08:17:00,157.74,157.8,157.68,157.74,684.736
2025-11-07 08:18:00,157.74,157.83,157.68,157.73,1848.715
2025-11-07 08:19:00,157.72,157.73,157.5,157.51,868.711
2025-11-07 08:20:00,157.51,157.61,157.36,157.4,1628.805
2025-11-07 08:21:00,157.41,157.5,157.3,157.47,1077.345
2025-11-07 08:22:00,157.48,157.48,157.27,157.39,1444.038
2025-11-07 08:23:00,157.4,157.59,157.4,157.59,1099.158
2025-11-07 08:24:00,157.59,157.86,157.48,157.86,963.357
2025-11-07 08:25:00,157.85,157.85,157.68,157.71,963.476
2025-11-07 08:26:00,157.71,157.87,157.71,157.87,561.294
2025-11-07 08:27:00,157.87,158.05,157.87,157.94,727.487
2025-11-07 08:28:00,157.94,157.94,157.79,157.82,1262.046
2025-11-07 08:29:00,157.81,157.81,157.65,157.68,387.212
2025-11-07 08:30:00,157.69,157.73,157.61,157.68,486.974
2025-11-07 08:31:00,157.68,157.68,157.55,157.66,835.33
2025-11-07 08:32:00,157.66,157.84,157.66,157.79,502.904
2025-11-07 08:33:00,157.79,157.8,157.62,157.63,618.389
2025-11-07 08:34:00,157.62,157.62,157.44,157.5,935.208
2025-11-07 08:35:00,157.5,157.56,157.39,157.51,699.512
2025-11-07 08:36:00,157.51,157.51,157.37,157.47,604.414
2025-11-07 08:37:00,157.47,157.47,157.32,157.32,687.393
2025-11-07 08:38:00,157.33,157.33,157.09,157.14,2074.013
2025-11-07 08:39:00,157.13,157.17,156.92,157.08,1877.465
2025-11-07 08:40:00,157.08,157.16,156.85,157.16,1504.773
2025-11-07 08:41:00,157.15,157.17,157.04,157.08,922.503
2025-11-07 08:42:00,157.08,157.13,157.02,157.06,564.626
2025-11-07 08:43:00,157.07,157.1,157.01,157.09,413.326
2025-11-07 08:44:00,157.1,157.23,157.1,157.21,450.244
2025-11-07 08:45:00,157.2,157.23,157.1,157.16,1509.38
2025-11-07 08:46:00,157.16,157.24,157.16,157.19,442.083
2025-11-07 08:47:00,157.19,157.3,157.12,157.13,1181.708
2025-11-07 08:48:00,157.13,157.19,157.08,157.15,468.932
2025-11-07 08:49:00,157.15,157.21,157.06,157.21,710.059
2025-11-07 08:50:00,157.22,157.25,157.04,157.04,709.082
2025-11-07 08:51:00,157.04,157.16,157.0,157.11,325.687
2025-11-07 08:52:00,157.11,157.25,157.03,157.07,467.53
2025-11-07 08:53:00,157.07,157.14,157.02,157.11,742.412
2025-11-07 08:54:00,157.1,157.18,157.07,157.08,968.89
2025-11-07 08:55:00,157.07,157.09,156.95,157.0,1392.261
2025-11-07 08:56:00,156.99,157.18,156.99,157.18,592.225
2025-11-07 08:57:00,157.18,157.23,157.13,157.23,696.571
2025-11-07 08:58:00,157.22,157.28,157.15,157.27,639.583
2025-11-07 08:59:00,157.27,157.41,157.24,157.3,1799.712
2025-11-07 09:00:00,157.3,157.33,157.16,157.18,956.736
2025-11-07 09:01:00,157.19,157.21,157.01,157.09,934.228
2025-11-07 09:02:00,157.09,157.09,156.96,157.03,1101.835
2025-11-07 09:03:00,157.03,157.03,156.68,156.68,1236.967
2025-11-07 09:04:00,156.68,156.79,156.66,156.77,1352.411
2025-11-07 09:05:00,156.77,156.84,156.7,156.79,599.595
2025-11-07 09:06:00,156.79,156.84,156.56,156.61,1326.83
2025-11-07 09:07:00,156.6,156.65,156.52,156.56,1118.93
2025-11-07 09:08:00,156.57,156.57,156.19,156.19,4131.518
2025-11-07 09:09:00,156.19,156.21,155.9,155.95,3927.118
2025-11-07 09:10:00,155.94,156.23,155.92,156.22,2177.363
2025-11-07 09:11:00,156.23,156.59,156.23,156.59,2307.305
2025-11-07 09:12:00,156.59,156.59,156.4,156.47,689.958
2025-11-07 09:13:00,156.48,156.51,156.35,156.45,1303.267
2025-11-07 09:14:00,156.45,156.52,156.4,156.47,491.579
2025-11-07 09:15:00,156.47,156.49,156.44,156.48,545.486
2025-11-07 09:16:00,156.47,156.55,156.35,156.52,2681.031
2025-11-07 09:17:00,156.52,156.6,156.49,156.6,636.807
2025-11-07 09:18:00,156.59,156.66,156.5,156.56,821.289
2025-11-07 09:19:00,156.56,156.57,156.5,156.52,732.862
2025-11-07 09:20:00,156.52,156.84,156.5,156.83,790.749
2025-11-07 09:21:00,156.83,156.87,156.43,156.52,1699.871
2025-11-07 09:22:00,156.52,156.62,156.19,156.19,977.904
2025-11-07 09:23:00,156.2,156.2,155.78,155.93,2730.487
2025-11-07 09:24:00,155.93,155.93,155.63,155.63,2400.499
2025-11-07 09:25:00,155.64,155.66,155.49,155.51,3255.41
2025-11-07 09:26:00,155.5,155.69,155.37,155.62,2045.345
2025-11-07 09:27:00,155.61,155.61,155.25,155.25,4700.661
2025-11-07 09:28:00,155.25,155.26,155.12,155.17,3745.295
2025-11-07 09:29:00,155.17,155.17,154.92,155.07,7730.42
2025-11-07 09:30:00,155.07,155.26,154.86,155.13,3032.096
2025-11-07 09:31:00,155.14,155.34,154.9,154.93,1850.576
2025-11-07 09:32:00,154.94,155.32,154.94,155.32,1669.351
2025-11-07 09:33:00,155.32,155.39,155.07,155.11,1453.932
2025-11-07 09:34:00,155.12,155.14,154.61,154.62,2930.684
2025-11-07 09:35:00,154.63,154.91,154.63,154.66,3065.155
2025-11-07 09:36:00,154.65,154.66,154.5,154.62,4455.615
2025-11-07 09:37:00,154.62,154.8,154.58,154.7,1634.484
2025-11-07 09:38:00,154.7,154.78,154.62,154.75,2339.633
2025-11-07 09:39:00,154.75,154.75,154.39,154.41,3404.893
2025-11-07 09:40:00,154.41,154.56,154.38,154.56,1932.093
2025-11-07 09:41:00,154.56,154.68,154.4,154.41,1736.546
2025-11-07 09:42:00,154.41,154.41,154.13,154.2,5026.534
2025-11-07 09:43:00,154.2,154.38,154.18,154.3,1424.87
2025-11-07 09:44:00,154.3,154.57,154.3,154.45,2534.18
2025-11-07 09:45:00,154.44,154.55,154.36,154.54,1937.621
2025-11-07 09:46:00,154.54,154.62,154.38,154.4,1010.522
2025-11-07 09:47:00,154.41,154.51,154.39,154.42,1109.127
2025-11-07 09:48:00,154.41,154.63,154.4,154.62,1293.715
2025-11-07 09:49:00,154.61,154.61,154.45,154.52,810.222
2025-11-07 09:50:00,154.52,154.8,154.49,154.7,1589.711
2025-11-07 09:51:00,154.71,154.77,154.45,154.45,3296.088
2025-11-07 09:52:00,154.45,154.75,154.4,154.75,3114.158
2025-11-07 09:53:00,154.76,154.91,154.65,154.69,2241.124
2025-11-07 09:54:00,154.69,154.69,154.59,154.61,1358.647
2025-11-07 09:55:00,154.61,154.71,154.6,154.69,1081.27
2025-11-07 09:56:00,154.7,154.83,154.63,154.71,1683.323
2025-11-07 09:57:00,154.71,154.71,154.53,154.67,6784.834
2025-11-07 09:58:00,154.67,154.67,154.55,154.57,1204.019
2025-11-07 09:59:00,154.57,154.78,154.57,154.74,2338.26
2025-11-07 10:00:00,154.73,154.91,154.6,154.63,2108.137
2025-11-07 10:01:00,154.63,154.8,154.47,154.79,2735.71
2025-11-07 10:02:00,154.8,155.29,154.8,155.28,3651.717
2025-11-07 10:03:00,155.29,155.57,155.22,155.25,3937.083
2025-11-07 10:04:00,155.26,155.57,155.26,155.54,3456.821
2025-11-07 10:05:00,155.54,155.74,155.53,155.64,5120.58
2025-11-07 10:06:00,155.64,155.76,155.31,155.33,2910.803
2025-11-07 10:07:00,155.34,155.44,155.24,155.31,1082.786
2025-11-07 10:08:00,155.3,155.46,155.3,155.39,1753.852
2025-11-07 10:09:00,155.39,155.44,155.3,155.43,1096.138
2025-11-07 10:10:00,155.43,155.45,155.22,155.26,1819.614
2025-11-07 10:11:00,155.27,155.33,155.07,155.1,1152.735
2025-11-07 10:12:00,155.11,155.14,155.0,155.05,1746.369
2025-11-07 10:13:00,155.05,155.26,155.01,155.04,974.473
2025-11-07 10:14:00,155.04,155.13,154.92,154.99,2558.158
2025-11-07 10:15:00,154.99,155.02,154.63,154.66,2867.653
2025-11-07 10:16:00,154.66,154.67,154.34,154.52,3533.298
2025-11-07 10:17:00,154.52,154.54,154.24,154.24,3379.109
2025-11-07 10:18:00,154.25,154.52,154.17,154.43,3997.712
2025-11-07 10:19:00,154.42,154.72,154.34,154.48,2360.019
2025-11-07 10:20:00,154.47,154.74,154.43,154.74,2013.321
2025-11-07 10:21:00,154.73,154.73,154.33,154.37,1127.893
2025-11-07 10:22:00,154.37,154.6,154.37,154.53,1319.912
2025-11-07 10:23:00,154.54,154.73,154.48,154.58,1106.505
2025-11-07 10:24:00,154.59,154.62,154.35,154.43,2642.78
2025-11-07 10:25:00,154.43,154.67,154.3,154.66,3840.193
2025-11-07 10:26:00,154.67,154.76,154.56,154.58,2120.657
2025-11-07 10:27:00,154.59,154.75,154.54,154.71,2555.513
2025-11-07 10:28:00,154.71,154.89,154.68,154.69,1517.943
2025-11-07 10:29:00,154.69,154.71,154.46,154.46,2476.458
2025-11-07 10:30:00,154.47,154.66,154.42,154.65,2008.826
2025-11-07 10:31:00,154.65,154.73,154.42,154.5,1714.518
2025-11-07 10:32:00,154.5,154.58,154.4,154.47,1604.623
2025-11-07 10:33:00,154.47,154.51,154.28,154.51,1696.314
2025-11-07 10:34:00,154.5,154.5,154.43,154.45,1046.571
2025-11-07 10:35:00,154.46,154.52,154.44,154.51,673.71
2025-11-07 10:36:00,154.52,154.62,154.41,154.55,4290.832
2025-11-07 10:37:00,154.55,154.6,154.33,154.41,2833.292
2025-11-07 10:38:00,154.4,154.6,154.4,154.52,653.783
2025-11-07 10:39:00,154.51,154.71,154.5,154.71,450.988
2025-11-07 10:40:00,154.71,154.83,154.65,154.66,1179.306
2025-11-07 10:41:00,154.65,154.7,154.58,154.58,930.583
2025-11-07 10:42:00,154.58,154.77,154.58,154.77,609.243
2025-11-07 10:43:00,154.77,154.95,154.77,154.86,1288.609
2025-11-07 10:44:00,154.86,155.16,154.85,155.16,1707.541
2025-11-07 10:45:00,155.15,155.25,154.94,154.95,2022.83
2025-11-07 10:46:00,154.95,154.95,154.79,154.79,591.203
2025-11-07 10:47:00,154.8,155.02,154.7,155.02,1623.768
2025-11-07 10:48:00,155.01,155.02,154.67,154.67,2674.368
2025-11-07 10:49:00,154.67,154.68,154.34,154.36,2301.233
2025-11-07 10:50:00,154.36,154.36,153.94,154.06,7204.612
2025-11-07 10:51:00,154.05,154.16,153.77,153.78,4386.572
2025-11-07 10:52:00,153.78,153.87,153.64,153.79,2333.319
2025-11-07 10:53:00,153.8,154.03,153.67,154.02,1543.306
2025-11-07 10:54:00,154.03,154.12,153.98,154.1,970.817
2025-11-07 10:55:00,154.09,154.25,154.03,154.25,1655.331
2025-11-07 10:56:00,154.24,154.28,154.17,154.18,1598.315
2025-11-07 10:57:00,154.18,154.18,154.05,154.16,826.3
2025-11-07 10:58:00,154.15,154.3,154.15,154.26,709.469
2025-11-07 10:59:00,154.26,154.34,154.25,154.25,343.079
2025-11-07 11:00:00,154.26,154.26,154.03,154.09,1616.209
2025-11-07 11:01:00,154.1,154.1,153.7,153.94,1978.228
2025-11-07 11:02:00,153.94,153.99,153.82,153.92,2172.653
2025-11-07 11:03:00,153.92,153.96,153.76,153.8,965.493
2025-11-07 11:04:00,153.79,153.85,153.5,153.76,3393.232
2025-11-07 11:05:00,153.76,153.89,153.76,153.89,1108.277
2025-11-07 11:06:00,153.88,154.17,153.86,154.11,1739.069
2025-11-07 11:07:00,154.11,154.16,154.01,154.03,1163.125
2025-11-07 11:08:00,154.03,154.08,153.85,153.92,2653.352
2025-11-07 11:09:00,153.92,154.07,153.65,153.65,936.304
2025-11-07 11:10:00,153.64,153.85,153.25,153.39,7833.432
2025-11-07 11:11:00,153.4,153.57,153.22,153.32,3045.017
2025-11-07 11:12:00,153.32,153.42,152.69,152.88,15101.04
2025-11-07 11:13:00,152.87,152.89,152.43,152.58,7841.568
2025-11-07 11:14:00,152.59,152.59,151.9,152.05,18473.388
2025-11-07 11:15:00,152.05,152.32,151.67,151.76,8982.892
2025-11-07 11:16:00,151.75,152.31,151.68,152.15,8123.766
2025-11-07 11:17:00,152.14,152.88,152.08,152.83,11225.688
2025-11-07 11:18:00,152.84,153.09,152.43,152.5,5748.65
2025-11-07 11:19:00,152.49,152.94,152.37,152.71,6765.156
2025-11-07 11:20:00,152.71,152.85,152.37,152.57,4768.395
2025-11-07 11:21:00,152.57,152.95,152.51,152.88,3298.257
2025-11-07 11:22:00,152.88,152.88,152.46,152.49,2503.882
2025-11-07 11:23:00,152.48,152.5,152.22,152.47,7176.784
2025-11-07 11:24:00,152.46,152.52,152.34,152.37,3264.767
2025-11-07 11:25:00,152.37,152.39,152.08,152.14,3677.664
2025-11-07 11:26:00,152.14,152.23,151.87,151.96,5290.603
2025-11-07 11:27:00,151.96,152.24,151.74,151.84,4829.61
2025-11-07 11:28:00,151.84,152.47,151.77,152.43,7037.817
2025-11-07 11:29:00,152.42,152.62,152.14,152.25,3103.952
2025-11-07 11:30:00,152.25,152.84,152.12,152.75,3814.604
2025-11-07 11:31:00,152.76,152.77,152.28,152.29,2552.693
2025-11-07 11:32:00,152.29,152.37,152.13,152.2,3129.53
2025-11-07 11:33:00,152.2,152.55,152.19,152.23,1874.662
2025-11-07 11:34:00,152.23,152.49,152.2,152.41,1410.587
2025-11-07 11:35:00,152.42,152.57,152.2,152.29,1666.242
2025-11-07 11:36:00,152.29,152.38,152.14,152.15,1482.859
2025-11-07 11:37:00,152.14,152.49,152.14,152.19,1226.781
2025-11-07 11:38:00,152.19,152.45,152.03,152.34,1343.644
2025-11-07 11:39:00,152.35,152.61,152.35,152.53,2240.382
2025-11-07 11:40:00,152.53,153.02,152.5,152.94,2177.376
2025-11-07 11:41:00,152.94,152.98,152.62,152.76,2186.512
2025-11-07 11:42:00,152.75,153.09,152.65,153.01,3213.949
2025-11-07 11:43:00,153.02,153.04,152.86,152.93,1756.536
2025-11-07 11:44:00,152.92,152.93,152.65,152.8,6961.143
2025-11-07 11:45:00,152.8,153.29,152.8,153.28,3907.091
2025-11-07 11:46:00,153.27,153.36,152.96,152.96,2516.601
2025-11-07 11:47:00,152.95,153.17,152.91,152.98,1039.689
2025-11-07 11:48:00,152.98,153.16,152.9,153.14,1584.301
2025-11-07 11:49:00,153.15,153.32,153.07,153.23,1293.522
2025-11-07 11:50:00,153.24,154.07,153.24,153.96,7252.572
2025-11-07 11:51:00,153.95,153.95,153.63,153.83,3678.416
2025-11-07 11:52:00,153.83,154.19,153.83,154.06,8738.275
2025-11-07 11:53:00,154.05,154.05,153.59,153.65,2020.081
2025-11-07 11:54:00,153.65,154.08,153.63,153.66,1999.23
2025-11-07 11:55:00,153.66,154.01,153.66,153.95,2607.96
2025-11-07 11:56:00,153.96,154.12,153.85,153.87,3642.854
2025-11-07 11:57:00,153.87,154.06,153.63,153.69,5853.264
2025-11-07 11:58:00,153.69,153.96,153.69,153.9,1408.406
2025-11-07 11:59:00,153.91,154.0,153.85,153.85,1404.433
2025-11-07 12:00:00,153.86,153.95,153.66,153.82,1269.833
2025-11-07 12:01:00,153.82,153.98,153.73,153.77,5444.134
2025-11-07 12:02:00,153.77,153.81,153.41,153.53,2834.565
2025-11-07 12:03:00,153.54,153.56,153.4,153.45,2084.419
2025-11-07 12:04:00,153.44,153.74,153.43,153.71,1469.603
2025-11-07 12:05:00,153.72,154.17,153.71,154.09,5374.112
2025-11-07 12:06:00,154.09,154.14,153.74,153.82,1121.67
2025-11-07 12:07:00,153.83,153.94,153.72,153.72,2242.919
2025-11-07 12:08:00,153.72,153.85,153.71,153.8,2116.871
2025-11-07 12:09:00,153.81,153.81,153.48,153.51,1186.501
2025-11-07 12:10:00,153.5,153.68,153.48,153.57,1592.776
2025-11-07 12:11:00,153.57,153.57,153.29,153.37,1819.753
2025-11-07 12:12:00,153.38,153.4,153.19,153.3,1870.91
2025-11-07 12:13:00,153.29,153.3,153.12,153.17,2391.881
2025-11-07 12:14:00,153.17,153.18,153.02,153.06,1266.281
2025-11-07 12:15:00,153.06,153.14,153.02,153.04,1187.281
2025-11-07 12:16:00,153.05,153.11,152.72,152.72,1715.906
2025-11-07 12:17:00,152.73,152.81,152.6,152.64,1936.034
2025-11-07 12:18:00,152.64,152.78,152.58,152.76,1745.141
2025-11-07 12:19:00,152.76,152.8,152.58,152.59,1609.83
2025-11-07 12:20:00,152.59,152.67,152.43,152.61,2691.274
2025-11-07 12:21:00,152.61,152.63,152.46,152.47,1123.305
2025-11-07 12:22:00,152.47,152.67,152.44,152.63,1644.82
2025-11-07 12:23:00,152.62,152.77,152.55,152.76,2537.617
2025-11-07 12:24:00,152.76,152.76,152.51,152.54,2419.724
2025-11-07 12:25:00,152.54,152.64,152.38,152.53,4184.72
2025-11-07 12:26:00,152.53,152.53,152.21,152.27,1319.873
2025-11-07 12:27:00,152.27,152.37,152.04,152.25,3215.348
2025-11-07 12:28:00,152.25,152.26,151.88,151.94,3949.747
2025-11-07 12:29:00,151.94,152.07,151.91,152.02,2046.605
2025-11-07 12:30:00,152.02,152.02,151.63,151.67,7543.586
2025-11-07 12:31:00,151.67,151.93,151.45,151.52,31115.696
2025-11-07 12:32:00,151.52,151.99,151.52,151.95,8087.312
2025-11-07 12:33:00,151.94,152.08,151.72,152.06,3736.389
2025-11-07 12:34:00,152.06,152.09,151.89,152.09,1870.263
2025-11-07 12:35:00,152.1,152.35,151.96,152.0,3365.996
2025-11-07 12:36:00,152.01,152.07,151.89,151.95,1388.623
2025-11-07 12:37:00,151.95,152.4,151.95,152.29,3029.669
2025-11-07 12:38:00,152.28,152.35,151.98,152.15,2217.001
2025-11-07 12:39:00,152.15,152.33,152.11,152.19,1762.736
2025-11-07 12:40:00,152.18,152.34,152.07,152.23,1357.205
2025-11-07 12:41:00,152.23,152.33,152.05,152.05,1078.115
2025-11-07 12:42:00,152.05,152.32,152.01,152.3,1588.333
2025-11-07 12:43:00,152.3,152.31,151.91,151.94,1505.115
2025-11-07 12:44:00,151.95,152.18,151.81,152.02,2981.113
2025-11-07 12:45:00,152.01,152.04,151.69,151.69,4951.033
2025-11-07 12:46:00,151.68,151.85,151.52,151.59,8108.913
2025-11-07 12:47:00,151.59,151.67,151.38,151.48,8860.195
2025-11-07 12:48:00,151.48,151.51,151.18,151.19,7271.002
2025-11-07 12:49:00,151.19,151.45,151.14,151.23,9920.717
2025-11-07 12:50:00,151.22,151.64,151.22,151.62,7723.77
2025-11-07 12:51:00,151.62,151.63,151.33,151.47,2175.205
2025-11-07 12:52:00,151.47,151.7,151.37,151.41,3851.498
2025-11-07 12:53:00,151.41,151.51,151.37,151.43,1976.547
2025-11-07 12:54:00,151.42,151.44,151.0,151.04,4997.623
2025-11-07 12:55:00,151.03,151.38,150.92,151.37,6904.296
2025-11-07 12:56:00,151.38,151.76,151.35,151.74,3881.502
2025-11-07 12:57:00,151.74,152.08,151.74,151.99,3957.168
2025-11-07 12:58:00,151.99,152.09,151.65,151.67,3231.873
2025-11-07 12:59:00,151.68,151.77,151.4,151.64,4159.681
2025-11-07 13:00:00,151.64,151.67,151.5,151.59,1783.542
2025-11-07 13:01:00,151.59,151.6,151.33,151.38,1533.294
2025-11-07 13:02:00,151.38,151.65,151.25,151.65,2465.597
2025-11-07 13:03:00,151.65,151.65,151.13,151.15,2216.985
2025-11-07 13:04:00,151.14,151.21,151.0,151.15,5309.748
2025-11-07 13:05:00,151.15,151.97,151.1,151.78,5653.076
2025-11-07 13:06:00,151.79,151.89,151.54,151.54,5892.361
2025-11-07 13:07:00,151.55,151.69,151.26,151.26,1819.128
2025-11-07 13:08:00,151.26,151.6,151.22,151.6,5718.803
2025-11-07 13:09:00,151.6,151.86,151.51,151.86,5867.678
2025-11-07 13:10:00,151.87,152.54,151.74,152.54,60204.7
2025-11-07 13:11:00,152.53,152.91,152.45,152.56,5617.777
2025-11-07 13:12:00,152.57,152.57,152.09,152.13,2306.378
2025-11-07 13:13:00,152.13,152.21,151.95,152.04,5359.303
2025-11-07 13:14:00,152.05,152.38,152.04,152.13,6885.041
2025-11-07 13:15:00,152.12,152.34,152.12,152.25,3125.518
2025-11-07 13:16:00,152.25,152.29,152.05,152.16,6090.744
2025-11-07 13:17:00,152.17,152.2,151.93,152.1,3325.205
2025-11-07 13:18:00,152.11,152.4,152.11,152.23,2009.287
2025-11-07 13:19:00,152.23,152.64,152.23,152.63,3849.558
2025-11-07 13:20:00,152.64,153.0,152.63,152.92,8945.137
2025-11-07 13:21:00,152.92,153.22,152.86,153.1,66117.749
2025-11-07 13:22:00,153.1,153.18,152.66,152.68,1930.826
2025-11-07 13:23:00,152.69,152.7,152.42,152.58,3329.264
2025-11-07 13:24:00,152.58,152.69,152.44,152.69,2515.471
2025-11-07 13:25:00,152.7,152.73,152.46,152.62,1709.693
2025-11-07 13:26:00,152.61,152.77,152.52,152.75,3729.417
2025-11-07 13:27:00,152.76,152.82,152.37,152.43,2179.475
2025-11-07 13:28:00,152.44,152.45,151.95,151.96,4162.012
2025-11-07 13:29:00,151.95,152.04,151.73,151.9,3319.179
2025-11-07 13:30:00,151.89,152.25,151.76,152.14,2314.04
2025-11-07 13:31:00,152.14,152.23,151.77,151.93,2776.192
2025-11-07 13:32:00,151.94,152.1,151.84,151.99,3431.909
2025-11-07 13:33:00,151.99,152.09,151.73,152.07,4598.535
2025-11-07 13:34:00,152.06,152.2,151.82,152.13,4751.15
2025-11-07 13:35:00,152.13,152.31,152.04,152.16,3040.46
2025-11-07 13:36:00,152.15,152.2,151.88,152.16,1530.527
2025-11-07 13:37:00,152.16,152.39,152.16,152.39,1903.061
2025-11-07 13:38:00,152.4,152.49,152.27,152.48,1130.512
2025-11-07 13:39:00,152.47,152.62,152.34,152.47,3988.935
2025-11-07 13:40:00,152.46,152.46,152.14,152.21,1271.835
2025-11-07 13:41:00,152.2,152.21,152.06,152.07,1490.545
2025-11-07 13:42:00,152.07,152.07,151.53,151.66,4595.961
2025-11-07 13:43:00,151.67,151.91,151.58,151.81,4834.83
2025-11-07 13:44:00,151.81,151.91,151.78,151.9,690.285
2025-11-07 13:45:00,151.91,152.14,151.79,152.14,2477.874
2025-11-07 13:46:00,152.14,152.38,152.1,152.32,1392.192
2025-11-07 13:47:00,152.32,152.35,152.18,152.29,1121.567
2025-11-07 13:48:00,152.3,152.73,152.3,152.69,2174.08
2025-11-07 13:49:00,152.68,152.72,152.53,152.68,1909.13
2025-11-07 13:50:00,152.67,152.83,152.67,152.68,1204.188
2025-11-07 13:51:00,152.67,152.95,152.6,152.83,4546.354
2025-11-07 13:52:00,152.82,152.82,152.58,152.64,1617.706
2025-11-07 13:53:00,152.64,152.92,152.62,152.91,1613.482
2025-11-07 13:54:00,152.92,153.0,152.69,152.69,3134.185
2025-11-07 13:55:00,152.69,152.84,152.53,152.57,2439.169
2025-11-07 13:56:00,152.58,152.64,152.53,152.56,1665.774
2025-11-07 13:57:00,152.56,152.6,152.43,152.55,805.339
2025-11-07 13:58:00,152.54,152.55,152.3,152.31,2396.515
2025-11-07 13:59:00,152.31,152.43,152.17,152.31,4248.891
2025-11-07 14:00:00,152.3,152.32,152.13,152.32,1227.007
2025-11-07 14:01:00,152.32,152.32,152.0,152.04,960.176
2025-11-07 14:02:00,152.03,152.03,151.87,151.91,2173.116
2025-11-07 14:03:00,151.91,152.31,151.8,152.06,1719.794
2025-11-07 14:04:00,152.05,152.31,152.05,152.14,1611.302
2025-11-07 14:05:00,152.14,152.14,151.67,151.7,2172.237
2025-11-07 14:06:00,151.7,151.7,151.44,151.57,2292.217
2025-11-07 14:07:00,151.57,151.64,151.37,151.38,2390.738
2025-11-07 14:08:00,151.38,151.53,151.22,151.53,3191.614
2025-11-07 14:09:00,151.53,151.66,151.45,151.63,1626.359
2025-11-07 14:10:00,151.64,152.52,151.64,152.5,2514.934
2025-11-07 14:11:00,152.49,152.55,152.33,152.49,6993.004
2025-11-07 14:12:00,152.49,152.67,152.49,152.66,2457.927
2025-11-07 14:13:00,152.66,152.98,152.64,152.85,6197.781
2025-11-07 14:14:00,152.86,152.86,152.46,152.5,2183.169
2025-11-07 14:15:00,152.51,152.56,152.29,152.31,979.122
2025-11-07 14:16:00,152.3,152.37,152.2,152.35,1316.346
2025-11-07 14:17:00,152.34,152.5,152.3,152.42,691.309
2025-11-07 14:18:00,152.43,152.46,152.3,152.35,1648.161
2025-11-07 14:19:00,152.35,152.45,152.19,152.43,1396.192
2025-11-07 14:20:00,152.42,152.45,151.93,152.12,2883.51
2025-11-07 14:21:00,152.13,152.18,151.91,152.05,3328.468
2025-11-07 14:22:00,152.06,152.06,151.76,151.86,976.015
2025-11-07 14:23:00,151.87,152.26,151.86,152.05,1561.171
2025-11-07 14:24:00,152.05,152.11,151.9,152.01,908.56
2025-11-07 14:25:00,152.01,152.26,151.93,152.09,1318.29
2025-11-07 14:26:00,152.08,152.54,152.06,152.24,1339.211
2025-11-07 14:27:00,152.24,152.57,152.22,152.38,10140.375
2025-11-07 14:28:00,152.38,152.49,152.27,152.28,998.071
2025-11-07 14:29:00,152.28,152.43,152.27,152.36,582.66
2025-11-07 14:30:00,152.37,152.38,151.67,151.75,6251.175
2025-11-07 14:31:00,151.75,152.31,151.75,152.08,2860.189
2025-11-07 14:32:00,152.08,152.38,151.82,152.27,3357.422
2025-11-07 14:33:00,152.27,152.33,151.69,151.72,2477.058
2025-11-07 14:34:00,151.72,151.96,151.62,151.7,2467.491
2025-11-07 14:35:00,151.7,151.7,151.15,151.32,9389.967
2025-11-07 14:36:00,151.33,151.39,150.61,150.62,7979.263
2025-11-07 14:37:00,150.62,150.69,150.12,150.24,13301.433
2025-11-07 14:38:00,150.23,150.82,150.0,150.49,13208.611
2025-11-07 14:39:00,150.49,150.51,149.82,150.14,27789.188
2025-11-07 14:40:00,150.14,150.88,150.07,150.75,6996.371
2025-11-07 14:41:00,150.75,151.32,150.6,151.3,6797.287
2025-11-07 14:42:00,151.3,152.16,151.2,151.6,9579.253
2025-11-07 14:43:00,151.6,152.93,151.6,152.84,15163.684
2025-11-07 14:44:00,152.84,153.81,152.7,153.8,74989.138
2025-11-07 14:45:00,153.8,153.82,153.11,153.28,12673.015
2025-11-07 14:46:00,153.27,153.6,153.04,153.21,9734.286
2025-11-07 14:47:00,153.2,153.4,152.95,153.36,7218.704
2025-11-07 14:48:00,153.36,154.36,153.04,154.11,10823.752
2025-11-07 14:49:00,154.1,154.37,153.4,153.46,7121.429
2025-11-07 14:50:00,153.45,153.88,153.41,153.49,39867.21
2025-11-07 14:51:00,153.48,153.73,153.03,153.43,7744.082
2025-11-07 14:52:00,153.42,154.11,153.33,153.98,5737.333
2025-11-07 14:53:00,153.97,154.27,153.65,153.77,5155.506
2025-11-07 14:54:00,153.77,154.06,153.7,153.99,4067.945
2025-11-07 14:55:00,154.0,154.42,153.8,154.28,4877.469
2025-11-07 14:56:00,154.27,155.14,154.21,154.91,19724.72
2025-11-07 14:57:00,154.92,155.02,154.57,154.78,5491.031
2025-11-07 14:58:00,154.78,155.13,154.56,154.64,4467.797
2025-11-07 14:59:00,154.64,154.76,154.32,154.76,6229.131
2025-11-07 15:00:00,154.77,154.81,153.84,154.12,12673.638
2025-11-07 15:01:00,154.13,154.22,153.75,154.09,4061.199
2025-11-07 15:02:00,154.08,154.75,154.03,154.66,3998.729
2025-11-07 15:03:00,154.65,154.67,154.18,154.27,3450.995
2025-11-07 15:04:00,154.27,154.34,153.76,153.96,2690.571
2025-11-07 15:05:00,153.96,154.45,153.87,154.15,2681.471
2025-11-07 15:06:00,154.15,154.15,153.33,153.4,4008.617
2025-11-07 15:07:00,153.4,153.68,153.29,153.48,3606.596
2025-11-07 15:08:00,153.47,154.07,153.4,154.07,4419.4
2025-11-07 15:09:00,154.07,155.0,153.79,154.95,5491.765
2025-11-07 15:10:00,154.95,155.62,154.8,155.47,10300.247
2025-11-07 15:11:00,155.48,155.57,154.72,154.77,7853.718
2025-11-07 15:12:00,154.77,155.02,154.62,154.93,4501.655
2025-11-07 15:13:00,154.93,155.23,154.64,155.19,11583.416
2025-11-07 15:14:00,155.2,155.21,154.83,155.14,9995.757
2025-11-07 15:15:00,155.14,155.29,154.7,155.1,9465.209
2025-11-07 15:16:00,155.11,155.21,154.82,154.99,5673.677
2025-11-07 15:17:00,154.98,155.13,154.74,154.84,6072.59
2025-11-07 15:18:00,154.85,154.93,154.39,154.51,4916.563
2025-11-07 15:19:00,154.5,154.83,154.31,154.7,2412.726
2025-11-07 15:20:00,154.7,154.86,154.56,154.66,3388.59
2025-11-07 15:21:00,154.65,154.95,154.35,154.42,5188.212
2025-11-07 15:22:00,154.43,154.99,154.42,154.8,3672.109
2025-11-07 15:23:00,154.79,154.89,154.28,154.28,5581.921
2025-11-07 15:24:00,154.28,154.38,154.13,154.25,2737.212
2025-11-07 15:25:00,154.25,154.69,154.21,154.68,2060.714
2025-11-07 15:26:00,154.68,155.03,154.66,154.88,4297.038
2025-11-07 15:27:00,154.87,155.02,154.81,154.89,2915.022
2025-11-07 15:28:00,154.89,155.0,154.66,154.77,4941.34
2025-11-07 15:29:00,154.76,154.89,154.58,154.64,2897.84
2025-11-07 15:30:00,154.63,154.97,154.48,154.69,4304.035
2025-11-07 15:31:00,154.69,154.71,154.36,154.53,2955.637
2025-11-07 15:32:00,154.52,154.55,154.3,154.43,2874.788
2025-11-07 15:33:00,154.42,154.54,154.1,154.2,2195.476
2025-11-07 15:34:00,154.2,154.39,154.2,154.27,2116.325
2025-11-07 15:35:00,154.27,154.58,154.16,154.46,3569.379
2025-11-07 15:36:00,154.47,154.57,154.27,154.52,1484.613
2025-11-07 15:37:00,154.52,154.66,154.15,154.21,1434.666
2025-11-07 15:38:00,154.2,154.2,153.73,153.75,3878.576
2025-11-07 15:39:00,153.75,154.06,153.75,153.99,3452.819
2025-11-07 15:40:00,153.98,154.16,153.95,154.0,3486.05
2025-11-07 15:41:00,154.0,154.18,153.89,154.1,2250.895
2025-11-07 15:42:00,154.1,154.13,153.99,154.0,1818.71
2025-11-07 15:43:00,153.99,154.1,153.88,154.0,1720.046
2025-11-07 15:44:00,154.0,154.05,153.68,153.92,1285.779
2025-11-07 15:45:00,153.93,154.2,153.88,154.08,2516.214
2025-11-07 15:46:00,154.08,154.31,153.93,154.25,1640.123
2025-11-07 15:47:00,154.25,154.63,154.25,154.53,1634.253
2025-11-07 15:48:00,154.53,154.56,154.25,154.4,3221.862
2025-11-07 15:49:00,154.41,154.87,154.41,154.76,3684.657
2025-11-07 15:50:00,154.77,155.47,154.71,155.28,5570.841
2025-11-07 15:51:00,155.27,155.96,155.23,155.69,9141.46
2025-11-07 15:52:00,155.69,155.88,155.5,155.71,3125.227
2025-11-07 15:53:00,155.71,155.86,155.48,155.86,2512.354
2025-11-07 15:54:00,155.85,155.98,155.77,155.79,3534.329
2025-11-07 15:55:00,155.78,156.03,155.54,155.99,5457.731
2025-11-07 15:56:00,155.99,156.27,155.99,156.15,4535.005
2025-11-07 15:57:00,156.15,156.16,155.83,155.9,4638.62
2025-11-07 15:58:00,155.91,156.04,155.66,155.83,1854.518
2025-11-07 15:59:00,155.83,155.83,155.36,155.42,2604.908
2025-11-07 16:00:00,155.42,155.51,155.26,155.31,2532.469
2025-11-07 16:01:00,155.32,155.71,155.26,155.44,3276.859
2025-11-07 16:02:00,155.43,155.47,155.13,155.17,2112.453
2025-11-07 16:03:00,155.16,155.24,154.67,154.81,3135.433
2025-11-07 16:04:00,154.81,155.06,154.73,155.06,2277.541
2025-11-07 16:05:00,155.06,155.33,154.93,155.33,4954.745
2025-11-07 16:06:00,155.32,155.36,154.85,154.85,2976.804
2025-11-07 16:07:00,154.86,154.87,154.58,154.62,1557.815
2025-11-07 16:08:00,154.62,154.78,154.55,154.73,2805.621
2025-11-07 16:09:00,154.72,154.93,154.72,154.91,1210.336
2025-11-07 16:10:00,154.91,155.34,154.85,155.26,3796.997
2025-11-07 16:11:00,155.26,155.28,154.44,154.63,4269.571
2025-11-07 16:12:00,154.63,154.71,154.48,154.53,6521.258
2025-11-07 16:13:00,154.53,154.73,154.48,154.64,2051.473
2025-11-07 16:14:00,154.65,154.73,154.4,154.55,1278.902
2025-11-07 16:15:00,154.55,154.87,154.55,154.83,1866.283
2025-11-07 16:16:00,154.82,154.93,154.77,154.87,1642.335
2025-11-07 16:17:00,154.88,155.16,154.88,155.01,2020.054
2025-11-07 16:18:00,155.02,155.21,154.98,155.18,2127.739
2025-11-07 16:19:00,155.18,155.47,155.18,155.45,2529.514
2025-11-07 16:20:00,155.45,156.19,155.39,156.09,5647.056
2025-11-07 16:21:00,156.1,156.42,156.06,156.4,4660.659
2025-11-07 16:22:00,156.39,156.6,156.31,156.44,4004.355
2025-11-07 16:23:00,156.44,157.16,156.44,157.13,10956.144
2025-11-07 16:24:00,157.14,157.49,157.01,157.28,12578.715
2025-11-07 16:25:00,157.28,157.56,157.11,157.55,3928.776
2025-11-07 16:26:00,157.56,157.66,157.4,157.52,5505.104
2025-11-07 16:27:00,157.51,157.55,157.24,157.36,3524.545
2025-11-07 16:28:00,157.36,157.68,157.26,157.42,4833.552
2025-11-07 16:29:00,157.42,157.65,157.35,157.48,4316.497
2025-11-07 16:30:00,157.47,157.8,157.4,157.63,5639.676
2025-11-07 16:31:00,157.62,158.13,157.41,158.03,7521.241
2025-11-07 16:32:00,158.03,158.09,157.62,157.62,8665.884
2025-11-07 16:33:00,157.61,157.73,157.41,157.45,4631.62
2025-11-07 16:34:00,157.46,157.91,157.41,157.86,4554.37
2025-11-07 16:35:00,157.87,158.03,157.73,157.93,3577.532
2025-11-07 16:36:00,157.93,157.93,157.36,157.36,3127.289
2025-11-07 16:37:00,157.37,157.39,157.05,157.13,3918.75
2025-11-07 16:38:00,157.14,157.28,157.01,157.04,3171.006
2025-11-07 16:39:00,157.05,157.06,156.95,156.97,3703.218
2025-11-07 16:40:00,156.98,156.99,156.64,156.96,2892.74
2025-11-07 16:41:00,156.95,156.98,156.73,156.91,2608.157
2025-11-07 16:42:00,156.91,157.21,156.85,157.16,4999.476
2025-11-07 16:43:00,157.16,157.46,156.98,157.46,5858.042
2025-11-07 16:44:00,157.47,157.64,157.26,157.56,1956.579
2025-11-07 16:45:00,157.56,157.7,157.34,157.67,2537.426
2025-11-07 16:46:00,157.67,157.69,156.98,157.1,4239.422
2025-11-07 16:47:00,157.1,157.4,157.03,157.11,4553.792
2025-11-07 16:48:00,157.11,157.18,157.01,157.11,5994.299
2025-11-07 16:49:00,157.1,157.26,157.01,157.13,3853.932
2025-11-07 16:50:00,157.13,157.2,156.87,157.15,4896.855
2025-11-07 16:51:00,157.16,157.34,157.0,157.22,4839.746
2025-11-07 16:52:00,157.23,157.56,157.2,157.56,3818.524
2025-11-07 16:53:00,157.56,157.69,157.38,157.62,2809.135
2025-11-07 16:54:00,157.62,157.78,157.57,157.66,3900.783
2025-11-07 16:55:00,157.66,157.7,156.97,156.97,6884.567
2025-11-07 16:56:00,156.97,156.99,156.71,156.94,5121.498
2025-11-07 16:57:00,156.95,156.98,156.68,156.68,2030.298
2025-11-07 16:58:00,156.68,156.77,156.48,156.74,4096.922
2025-11-07 16:59:00,156.75,157.35,156.75,157.29,2092.746
2025-11-07 17:00:00,157.28,157.29,156.92,157.01,1966.929
2025-11-07 17:01:00,157.0,157.2,156.65,156.97,2870.887
2025-11-07 17:02:00,156.96,157.41,156.96,157.41,2115.369
2025-11-07 17:03:00,157.41,157.48,157.38,157.43,1392.865
2025-11-07 17:04:00,157.42,157.44,157.17,157.21,3544.464
2025-11-07 17:05:00,157.22,157.49,157.2,157.48,1489.527
2025-11-07 17:06:00,157.47,157.47,157.03,157.14,2329.477
2025-11-07 17:07:00,157.15,157.16,156.51,156.55,4889.919
2025-11-07 17:08:00,156.55,157.05,156.55,157.03,5653.29
2025-11-07 17:09:00,157.04,157.39,157.01,157.37,1543.597
2025-11-07 17:10:00,157.38,157.5,157.04,157.49,2411.441
2025-11-07 17:11:00,157.49,158.0,157.45,158.0,4736.94
2025-11-07 17:12:00,158.0,158.18,157.92,158.12,6332.169
2025-11-07 17:13:00,158.12,158.82,157.99,158.69,10331.92
2025-11-07 17:14:00,158.69,159.2,158.64,159.07,14489.862
2025-11-07 17:15:00,159.06,159.37,158.96,159.36,5518.342
2025-11-07 17:16:00,159.35,159.63,159.21,159.62,8625.933
2025-11-07 17:17:00,159.63,159.67,159.39,159.51,8268.379
2025-11-07 17:18:00,159.51,159.59,159.21,159.5,3517.338
2025-11-07 17:19:00,159.5,159.58,159.12,159.17,3497.217
2025-11-07 17:20:00,159.16,159.51,159.07,159.51,3342.279
2025-11-07 17:21:00,159.52,160.85,159.49,160.29,86507.127
2025-11-07 17:22:00,160.28,160.45,160.17,160.35,7651.319
2025-11-07 17:23:00,160.36,160.83,160.33,160.63,8423.501
2025-11-07 17:24:00,160.62,160.76,160.25,160.54,8345.05
2025-11-07 17:25:00,160.54,160.56,160.16,160.23,8545.686
2025-11-07 17:26:00,160.22,160.63,160.21,160.47,6306.839
2025-11-07 17:27:00,160.48,160.96,160.45,160.71,4624.532
2025-11-07 17:28:00,160.71,160.71,160.36,160.43,5550.595
2025-11-07 17:29:00,160.44,161.23,160.43,161.11,11933.099
2025-11-07 17:30:00,161.1,161.17,160.6,160.61,5431.256
2025-11-07 17:31:00,160.61,160.9,160.61,160.89,5742.289
2025-11-07 17:32:00,160.89,161.52,160.89,161.5,8119.511
2025-11-07 17:33:00,161.5,161.5,161.11,161.19,8165.816
2025-11-07 17:34:00,161.2,161.47,161.16,161.35,5132.041
2025-11-07 17:35:00,161.35,161.35,160.67,160.89,6355.173
2025-11-07 17:36:00,160.88,161.0,160.44,160.65,5021.176
2025-11-07 17:37:00,160.65,161.07,160.63,160.95,2871.656
2025-11-07 17:38:00,160.95,160.99,160.31,160.33,5404.344
2025-11-07 17:39:00,160.33,160.65,160.32,160.6,3989.737
2025-11-07 17:40:00,160.59,160.6,160.31,160.47,4130.283
2025-11-07 17:41:00,160.48,160.86,160.41,160.59,4258.305
2025-11-07 17:42:00,160.59,161.0,160.59,160.98,3050.42
2025-11-07 17:43:00,160.98,161.17,160.98,161.1,6841.629
2025-11-07 17:44:00,161.1,161.14,160.89,160.95,3501.772
2025-11-07 17:45:00,160.95,161.12,160.75,161.08,4149.419
2025-11-07 17:46:00,161.08,161.2,160.91,160.97,3372.323
2025-11-07 17:47:00,160.97,161.03,160.67,160.73,3076.147
2025-11-07 17:48:00,160.73,160.73,160.17,160.21,4437.886
2025-11-07 17:49:00,160.22,160.5,160.22,160.5,2800.406
2025-11-07 17:50:00,160.49,160.5,160.02,160.16,8852.842
2025-11-07 17:51:00,160.16,160.44,160.05,160.41,5176.778
2025-11-07 17:52:00,160.41,160.44,160.08,160.09,2654.138
2025-11-07 17:53:00,160.09,160.48,160.08,160.35,3420.462
2025-11-07 17:54:00,160.35,160.58,160.26,160.56,5406.012
2025-11-07 17:55:00,160.57,160.7,160.51,160.62,2721.927
2025-11-07 17:56:00,160.61,160.74,160.47,160.71,3252.98
2025-11-07 17:57:00,160.71,161.17,160.71,160.74,5248.41
2025-11-07 17:58:00,160.73,161.02,160.72,161.0,1944.587
2025-11-07 17:59:00,161.0,161.24,160.97,161.16,3137.87
2025-11-07 18:00:00,161.17,161.31,161.03,161.06,2306.597
2025-11-07 18:01:00,161.05,161.45,161.03,161.41,2298.179
2025-11-07 18:02:00,161.41,161.45,161.17,161.37,4005.561
2025-11-07 18:03:00,161.37,161.49,161.33,161.37,4273.464
2025-11-07 18:04:00,161.38,161.45,161.18,161.28,8253.498
2025-11-07 18:05:00,161.29,161.46,160.96,161.09,3363.104
2025-11-07 18:06:00,161.1,161.32,160.91,161.24,2585.71
2025-11-07 18:07:00,161.24,161.37,161.13,161.37,1451.465
2025-11-07 18:08:00,161.37,162.12,161.37,162.12,6346.62
2025-11-07 18:09:00,162.11,162.15,161.88,162.03,2703.682
2025-11-07 18:10:00,162.03,162.23,161.97,162.12,2787.001
2025-11-07 18:11:00,162.13,162.13,161.78,161.91,1741.966
2025-11-07 18:12:00,161.92,162.09,161.87,161.88,4137.379
2025-11-07 18:13:00,161.88,161.93,161.74,161.81,4683.523
2025-11-07 18:14:00,161.82,161.84,161.7,161.7,1951.456
2025-11-07 18:15:00,161.71,161.78,161.55,161.62,1300.028
2025-11-07 18:16:00,161.63,161.66,161.35,161.42,2573.506
2025-11-07 18:17:00,161.43,161.95,161.43,161.78,5698.943
2025-11-07 18:18:00,161.79,162.0,161.7,161.99,1911.721
2025-11-07 18:19:00,162.0,162.55,161.98,162.45,6891.116
2025-11-07 18:20:00,162.45,162.5,162.05,162.08,2176.748
2025-11-07 18:21:00,162.09,162.09,161.55,161.56,2388.704
2025-11-07 18:22:00,161.55,161.6,160.97,161.01,3491.878
2025-11-07 18:23:00,161.01,161.53,160.97,161.53,3223.77
2025-11-07 18:24:00,161.52,161.91,161.5,161.91,2540.802
2025-11-07 18:25:00,161.91,161.94,161.6,161.64,1485.227
2025-11-07 18:26:00,161.64,161.89,161.58,161.87,818.976
2025-11-07 18:27:00,161.88,161.96,161.73,161.82,2691.899
2025-11-07 18:28:00,161.82,161.97,161.77,161.95,2553.944
2025-11-07 18:29:00,161.95,162.61,161.92,162.49,8908.654
2025-11-07 18:30:00,162.48,162.48,162.02,162.2,1967.537
2025-11-07 18:31:00,162.2,162.35,162.09,162.19,1583.645
2025-11-07 18:32:00,162.19,162.39,162.13,162.31,2324.601
2025-11-07 18:33:00,162.3,162.34,161.92,162.0,2324.273
2025-11-07 18:34:00,162.0,162.44,162.0,162.25,1984.691
2025-11-07 18:35:00,162.25,162.29,162.01,162.11,1740.403
2025-11-07 18:36:00,162.1,162.37,162.1,162.17,2331.491
2025-11-07 18:37:00,162.18,162.42,162.14,162.31,2030.507
2025-11-07 18:38:00,162.3,162.38,162.25,162.29,1617.528
2025-11-07 18:39:00,162.29,162.4,162.27,162.32,1940.584
2025-11-07 18:40:00,162.32,162.97,162.32,162.87,11161.702
2025-11-07 18:41:00,162.87,162.93,162.51,162.57,5944.726
2025-11-07 18:42:00,162.57,162.82,162.55,162.64,3962.214
2025-11-07 18:43:00,162.63,162.79,162.57,162.61,2723.476
2025-11-07 18:44:00,162.61,162.78,162.58,162.6,1855.657
2025-11-07 18:45:00,162.61,162.72,162.27,162.32,3077.634
2025-11-07 18:46:00,162.32,162.37,162.1,162.34,4890.894
2025-11-07 18:47:00,162.33,162.49,162.15,162.15,2147.318
2025-11-07 18:48:00,162.16,162.29,162.1,162.13,4602.157
2025-11-07 18:49:00,162.12,162.2,161.93,162.15,8211.152
2025-11-07 18:50:00,162.14,162.15,161.79,161.99,8054.697
2025-11-07 18:51:00,161.99,162.14,161.83,161.84,3553.071
2025-11-07 18:52:00,161.83,161.98,161.8,161.85,3411.961
2025-11-07 18:53:00,161.85,161.99,161.75,161.97,3771.312
2025-11-07 18:54:00,161.96,162.31,161.84,162.31,4122.906
2025-11-07 18:55:00,162.3,162.52,162.12,162.12,2820.307
2025-11-07 18:56:00,162.12,162.13,161.96,162.02,5290.826
2025-11-07 18:57:00,162.01,162.25,161.96,162.25,2164.892
2025-11-07 18:58:00,162.25,162.34,162.21,162.31,967.61
2025-11-07 18:59:00,162.3,162.36,162.11,162.11,2427.015
2025-11-07 19:00:00,162.12,162.12,161.76,161.97,7226.54
2025-11-07 19:01:00,161.97,162.37,161.9,162.26,3513.189
2025-11-07 19:02:00,162.26,162.27,161.89,162.07,2217.247
2025-11-07 19:03:00,162.07,162.12,161.85,162.09,2192.401
2025-11-07 19:04:00,162.09,162.19,161.79,161.82,1195.475
2025-11-07 19:05:00,161.82,161.82,161.52,161.59,4203.376
2025-11-07 19:06:00,161.59,161.79,161.54,161.76,1034.636
2025-11-07 19:07:00,161.77,161.99,161.72,161.94,1582.851
2025-11-07 19:08:00,161.95,162.16,161.95,162.03,4360.992
2025-11-07 19:09:00,162.03,162.04,161.88,161.99,1921.316
2025-11-07 19:10:00,162.0,162.23,161.92,162.17,1655.371
2025-11-07 19:11:00,162.17,162.34,162.14,162.27,1208.276
2025-11-07 19:12:00,162.28,162.55,162.2,162.5,3389.056
2025-11-07 19:13:00,162.5,162.75,162.5,162.67,2806.655
2025-11-07 19:14:00,162.66,163.04,162.66,162.95,7909.009
2025-11-07 19:15:00,162.95,163.01,162.81,162.87,3330.855
2025-11-07 19:16:00,162.88,163.3,162.88,163.3,7483.929
2025-11-07 19:17:00,163.3,163.5,162.93,162.94,3445.687
2025-11-07 19:18:00,162.94,163.14,162.94,163.02,1223.051
2025-11-07 19:19:00,163.03,163.19,162.87,163.05,1311.154
2025-11-07 19:20:00,163.06,163.31,162.96,163.23,2244.448
2025-11-07 19:21:00,163.23,163.23,162.97,163.07,2934.682
2025-11-07 19:22:00,163.08,163.13,162.8,162.8,2341.842
2025-11-07 19:23:00,162.81,163.0,162.81,162.98,1119.956
2025-11-07 19:24:00,162.98,163.16,162.98,163.09,942.348
2025-11-07 19:25:00,163.09,163.23,162.93,163.01,1394.369
2025-11-07 19:26:00,163.0,163.07,162.8,163.05,798.324
2025-11-07 19:27:00,163.05,163.06,162.86,162.97,789.127
2025-11-07 19:28:00,162.97,163.12,162.96,163.04,1005.1
2025-11-07 19:29:00,163.05,163.07,162.89,162.92,1950.534
2025-11-07 19:30:00,162.93,163.19,162.92,163.16,1092.743
2025-11-07 19:31:00,163.17,163.23,162.96,163.07,1543.827
2025-11-07 19:32:00,163.07,163.32,163.06,163.31,1735.636
2025-11-07 19:33:00,163.3,163.31,163.15,163.22,1067.59
2025-11-07 19:34:00,163.22,163.57,163.21,163.46,2682.395
2025-11-07 19:35:00,163.46,163.48,163.24,163.3,1377.586
2025-11-07 19:36:00,163.31,163.79,163.31,163.78,4091.181
2025-11-07 19:37:00,163.78,163.85,163.68,163.77,3162.752
2025-11-07 19:38:00,163.77,163.89,163.7,163.8,1869.606
2025-11-07 19:39:00,163.81,164.07,163.8,163.95,12711.968
2025-11-07 19:40:00,163.95,164.13,163.95,164.1,3241.955
2025-11-07 19:41:00,164.09,164.15,163.77,163.79,7467.257
2025-11-07 19:42:00,163.79,164.06,163.76,163.93,12307.71
2025-11-07 19:43:00,163.93,164.14,163.91,164.06,3096.942
2025-11-07 19:44:00,164.07,164.15,164.0,164.07,1849.134
2025-11-07 19:45:00,164.08,164.2,164.0,164.17,3465.182
2025-11-07 19:46:00,164.17,164.48,164.08,164.15,7892.984
2025-11-07 19:47:00,164.16,164.2,163.66,163.77,8730.708
2025-11-07 19:48:00,163.76,164.0,163.71,163.99,2464.371
2025-11-07 19:49:00,163.99,164.02,163.4,163.49,3803.677
2025-11-07 19:50:00,163.49,163.58,163.31,163.41,3415.244
2025-11-07 19:51:00,163.41,163.66,163.27,163.62,2523.907
2025-11-07 19:52:00,163.63,164.05,163.63,163.84,1419.069
2025-11-07 19:53:00,163.85,164.07,163.85,163.96,1994.024
2025-11-07 19:54:00,163.97,164.08,163.89,164.04,1257.466
2025-11-07 19:55:00,164.04,164.15,163.88,163.9,2689.751
2025-11-07 19:56:00,163.89,164.07,163.83,164.04,1308.939
2025-11-07 19:57:00,164.03,164.06,163.88,163.99,2392.899
2025-11-07 19:58:00,164.0,164.14,163.92,164.06,1993.017
2025-11-07 19:59:00,164.06,164.21,164.04,164.17,1848.655
2025-11-07 20:00:00,164.17,164.24,163.89,164.12,3629.559
2025-11-07 20:01:00,164.13,164.21,163.97,164.09,1760.767
2025-11-07 20:02:00,164.09,164.41,164.08,164.3,4302.797
2025-11-07 20:03:00,164.29,164.3,164.11,164.15,1038.588
2025-11-07 20:04:00,164.14,164.17,163.99,164.04,1904.548
2025-11-07 20:05:00,164.04,164.04,163.76,163.92,4424.518
2025-11-07 20:06:00,163.92,164.15,163.62,163.67,5203.02
2025-11-07 20:07:00,163.68,163.7,163.36,163.44,5554.268
2025-11-07 20:08:00,163.45,163.74,163.4,163.7,1536.724
2025-11-07 20:09:00,163.7,163.82,163.62,163.79,1739.536
2025-11-07 20:10:00,163.8,163.87,163.52,163.52,1440.986
2025-11-07 20:11:00,163.53,163.89,163.46,163.89,2692.378
2025-11-07 20:12:00,163.9,164.01,163.84,163.98,9794.035
2025-11-07 20:13:00,163.98,164.02,163.81,163.81,2728.834
2025-11-07 20:14:00,163.8,163.81,163.54,163.58,1357.659
2025-11-07 20:15:00,163.59,163.75,163.4,163.4,1892.859
2025-11-07 20:16:00,163.4,163.5,163.26,163.31,2171.239
2025-11-07 20:17:00,163.32,163.42,163.01,163.16,5391.961
2025-11-07 20:18:00,163.15,163.19,163.02,163.1,2345.956
2025-11-07 20:19:00,163.11,163.19,162.92,163.18,4389.691
2025-11-07 20:20:00,163.18,163.22,162.85,162.85,2325.262
2025-11-07 20:21:00,162.86,162.86,161.84,162.11,80994.033
2025-11-07 20:22:00,162.1,162.55,161.99,162.48,14174.56
2025-11-07 20:23:00,162.47,162.56,162.29,162.5,2292.438
2025-11-07 20:24:00,162.5,162.64,162.38,162.53,3500.419
2025-11-07 20:25:00,162.53,162.56,162.28,162.35,1735.976
2025-11-07 20:26:00,162.35,162.46,162.28,162.34,2767.597
2025-11-07 20:27:00,162.35,162.57,162.29,162.56,2649.837
2025-11-07 20:28:00,162.57,162.66,162.48,162.65,1207.619
2025-11-07 20:29:00,162.65,162.9,162.65,162.7,1678.709
2025-11-07 20:30:00,162.7,162.98,162.7,162.97,1785.329
2025-11-07 20:31:00,162.96,162.97,162.8,162.9,1968.064
2025-11-07 20:32:00,162.9,162.95,162.76,162.94,1788.095
2025-11-07 20:33:00,162.94,163.09,162.89,163.09,1747.298
2025-11-07 20:34:00,163.08,163.19,162.85,162.85,1428.998
2025-11-07 20:35:00,162.86,163.11,162.82,163.06,7013.976
2025-11-07 20:36:00,163.06,163.18,163.03,163.11,1537.673
2025-11-07 20:37:00,163.12,163.16,163.01,163.12,1213.77
2025-11-07 20:38:00,163.12,163.19,163.06,163.08,743.723
2025-11-07 20:39:00,163.09,163.28,163.08,163.27,803.99
2025-11-07 20:40:00,163.28,163.63,163.27,163.55,2625.242
2025-11-07 20:41:00,163.55,163.74,163.36,163.39,2232.217
2025-11-07 20:42:00,163.39,163.59,163.35,163.5,1286.119
2025-11-07 20:43:00,163.51,163.6,163.5,163.57,995.637
2025-11-07 20:44:00,163.57,163.96,163.57,163.83,1846.476
2025-11-07 20:45:00,163.82,163.86,163.72,163.72,1073.698
2025-11-07 20:46:00,163.72,163.72,163.53,163.54,1126.69
2025-11-07 20:47:00,163.54,163.67,163.54,163.62,569.132
2025-11-07 20:48:00,163.62,163.72,163.41,163.43,1065.345
2025-11-07 20:49:00,163.44,163.47,163.34,163.41,516.87
2025-11-07 20:50:00,163.41,163.65,163.41,163.6,2216.198
2025-11-07 20:51:00,163.61,163.76,163.37,163.57,2082.679
2025-11-07 20:52:00,163.56,163.68,163.44,163.48,992.083
2025-11-07 20:53:00,163.49,163.5,163.37,163.41,765.582
2025-11-07 20:54:00,163.41,163.5,163.25,163.43,1168.638
2025-11-07 20:55:00,163.43,163.63,163.36,163.63,1276.35
2025-11-07 20:56:00,163.64,163.65,163.5,163.51,985.982
2025-11-07 20:57:00,163.51,163.51,163.27,163.31,850.581
2025-11-07 20:58:00,163.32,163.43,163.04,163.4,11705.227
2025-11-07 20:59:00,163.41,163.46,163.09,163.36,4165.62
2025-11-07 21:00:00,163.35,163.4,163.09,163.14,1943.803
2025-11-07 21:01:00,163.13,163.26,163.02,163.17,2103.782
2025-11-07 21:02:00,163.17,163.18,163.06,163.06,1156.286
2025-11-07 21:03:00,163.07,163.17,162.79,162.83,30878.386
2025-11-07 21:04:00,162.83,162.89,162.71,162.72,3171.351
2025-11-07 21:05:00,162.72,163.11,162.68,162.99,2731.963
2025-11-07 21:06:00,162.99,163.05,162.84,163.04,2686.37
2025-11-07 21:07:00,163.05,163.27,163.02,163.26,2236.655
2025-11-07 21:08:00,163.27,163.33,163.03,163.1,1151.996
2025-11-07 21:09:00,163.1,163.3,163.1,163.26,1045.782
2025-11-07 21:10:00,163.26,163.61,163.25,163.6,1442.298
2025-11-07 21:11:00,163.6,163.6,163.33,163.36,651.989
2025-11-07 21:12:00,163.37,163.38,162.91,163.0,3671.688
2025-11-07 21:13:00,163.0,163.27,162.99,163.15,1784.556
2025-11-07 21:14:00,163.15,163.29,163.1,163.23,1227.376
2025-11-07 21:15:00,163.23,163.54,163.23,163.53,2084.442
2025-11-07 21:16:00,163.53,163.64,163.52,163.53,1554.501
2025-11-07 21:17:00,163.53,163.69,163.52,163.64,1215.365
2025-11-07 21:18:00,163.64,163.65,163.44,163.64,1610.357
2025-11-07 21:19:00,163.65,163.73,163.53,163.54,2940.192
2025-11-07 21:20:00,163.54,163.67,163.49,163.67,1153.271
2025-11-07 21:21:00,163.66,163.72,163.62,163.71,773.07
2025-11-07 21:22:00,163.72,163.82,163.71,163.82,864.123
2025-11-07 21:23:00,163.81,163.82,163.6,163.64,841.803
2025-11-07 21:24:00,163.65,163.65,163.46,163.57,1008.426
2025-11-07 21:25:00,163.57,163.74,163.47,163.71,1308.681
2025-11-07 21:26:00,163.71,163.75,163.57,163.58,913.968
2025-11-07 21:27:00,163.57,163.67,163.48,163.66,946.271
2025-11-07 21:28:00,163.67,163.7,163.5,163.51,423.527
2025-11-07 21:29:00,163.51,163.61,163.36,163.47,2747.226
2025-11-07 21:30:00,163.48,163.65,163.48,163.55,1870.329
2025-11-07 21:31:00,163.55,163.63,163.47,163.58,1434.736
2025-11-07 21:32:00,163.57,163.6,163.5,163.55,1292.921
2025-11-07 21:33:00,163.55,163.58,163.45,163.47,1444.38
2025-11-07 21:34:00,163.48,163.5,163.35,163.5,1074.879
2025-11-07 21:35:00,163.49,163.64,163.27,163.27,1234.794
2025-11-07 21:36:00,163.28,163.38,163.21,163.29,1588.722
2025-11-07 21:37:00,163.3,163.36,163.19,163.36,1587.018
2025-11-07 21:38:00,163.36,163.41,163.29,163.34,1488.814
2025-11-07 21:39:00,163.35,163.35,163.17,163.3,1889.411
2025-11-07 21:40:00,163.29,163.6,163.24,163.6,4239.784
2025-11-07 21:41:00,163.6,163.64,163.36,163.47,1152.26
2025-11-07 21:42:00,163.47,163.67,163.47,163.51,1391.416
2025-11-07 21:43:00,163.51,163.61,163.5,163.5,718.103
2025-11-07 21:44:00,163.5,163.62,163.5,163.58,310.207
2025-11-07 21:45:00,163.58,163.65,163.49,163.57,922.84
2025-11-07 21:46:00,163.57,163.58,163.44,163.44,923.56
2025-11-07 21:47:00,163.45,163.53,163.33,163.42,1240.639
2025-11-07 21:48:00,163.43,163.53,163.34,163.42,1019.787
2025-11-07 21:49:00,163.42,163.5,163.33,163.5,594.113
2025-11-07 21:50:00,163.5,163.61,163.47,163.48,741.141
2025-11-07 21:51:00,163.47,163.51,163.43,163.44,515.129
2025-11-07 21:52:00,163.44,163.52,163.38,163.45,716.606
2025-11-07 21:53:00,163.44,163.5,163.32,163.33,816.045
2025-11-07 21:54:00,163.33,163.43,163.28,163.32,382.604
2025-11-07 21:55:00,163.33,163.54,163.33,163.54,327.508
2025-11-07 21:56:00,163.53,163.66,163.53,163.61,1094.126
2025-11-07 21:57:00,163.61,163.64,163.51,163.51,604.342
2025-11-07 21:58:00,163.5,163.52,163.39,163.42,1496.908
2025-11-07 21:59:00,163.42,163.52,163.4,163.52,436.782
2025-11-07 22:00:00,163.51,163.74,163.51,163.56,1790.247
2025-11-07 22:01:00,163.55,163.57,163.29,163.33,1959.083
2025-11-07 22:02:00,163.33,163.48,163.33,163.36,749.561
2025-11-07 22:03:00,163.36,163.41,163.33,163.36,572.019
2025-11-07 22:04:00,163.36,163.54,163.33,163.54,319.934
2025-11-07 22:05:00,163.53,163.8,163.45,163.45,3022.026
2025-11-07 22:06:00,163.45,163.54,163.4,163.52,3885.765
2025-11-07 22:07:00,163.51,163.84,163.51,163.73,5443.188
2025-11-07 22:08:00,163.73,163.8,163.59,163.72,5436.684
2025-11-07 22:09:00,163.72,163.75,163.67,163.75,1401.271
2025-11-07 22:10:00,163.75,163.75,163.66,163.67,1153.769
2025-11-07 22:11:00,163.67,163.73,163.61,163.73,1499.057
2025-11-07 22:12:00,163.73,163.91,163.69,163.69,992.831
2025-11-07 22:13:00,163.69,163.7,163.25,163.25,1304.874
2025-11-07 22:14:00,163.25,163.25,162.8,162.97,4369.605
2025-11-07 22:15:00,162.98,163.17,162.98,163.12,1017.565
2025-11-07 22:16:00,163.13,163.43,163.13,163.38,1117.833
2025-11-07 22:17:00,163.39,163.5,163.28,163.4,2899.498
2025-11-07 22:18:00,163.41,163.44,163.26,163.34,1317.139
2025-11-07 22:19:00,163.34,163.37,163.03,163.27,1624.889
2025-11-07 22:20:00,163.27,163.48,163.26,163.39,1854.01
2025-11-07 22:21:00,163.4,163.44,163.3,163.42,506.64
2025-11-07 22:22:00,163.42,163.43,163.35,163.39,1344.495
2025-11-07 22:23:00,163.4,163.46,163.33,163.34,1353.012
2025-11-07 22:24:00,163.35,163.35,163.26,163.26,572.006
2025-11-07 22:25:00,163.25,163.37,163.23,163.36,1127.68
2025-11-07 22:26:00,163.37,163.47,163.3,163.3,449.924
2025-11-07 22:27:00,163.3,163.36,163.3,163.36,457.365
2025-11-07 22:28:00,163.35,163.44,163.26,163.36,1243.912
2025-11-07 22:29:00,163.36,163.63,163.32,163.61,4446.352
2025-11-07 22:30:00,163.62,163.67,163.45,163.55,2093.382
2025-11-07 22:31:00,163.55,163.59,163.3,163.3,1488.172
2025-11-07 22:32:00,163.31,163.4,163.31,163.32,658.862
2025-11-07 22:33:00,163.32,163.36,163.06,163.06,1657.266
2025-11-07 22:34:00,163.06,163.29,163.06,163.28,751.758
2025-11-07 22:35:00,163.27,163.31,163.21,163.25,1360.311
2025-11-07 22:36:00,163.25,163.5,163.24,163.49,1488.769
2025-11-07 22:37:00,163.5,163.5,163.11,163.25,774.097
2025-11-07 22:38:00,163.24,163.25,162.8,162.8,1561.409
2025-11-07 22:39:00,162.81,162.99,162.8,162.99,1021.571
2025-11-07 22:40:00,162.99,163.03,162.96,163.01,971.166
2025-11-07 22:41:00,163.01,163.26,163.01,163.2,1311.574
2025-11-07 22:42:00,163.2,163.21,163.1,163.13,511.342
2025-11-07 22:43:00,163.13,163.13,162.79,162.79,1367.445
2025-11-07 22:44:00,162.79,162.93,162.76,162.89,1183.665
2025-11-07 22:45:00,162.9,163.04,162.83,163.04,1860.982
2025-11-07 22:46:00,163.04,163.08,163.0,163.04,513.285
2025-11-07 22:47:00,163.05,163.2,163.04,163.19,984.275
2025-11-07 22:48:00,163.19,163.28,163.16,163.27,1005.235
2025-11-07 22:49:00,163.27,163.32,163.17,163.23,893.221
2025-11-07 22:50:00,163.24,163.39,163.23,163.38,605.193
2025-11-07 22:51:00,163.38,163.41,163.3,163.4,924.193
2025-11-07 22:52:00,163.4,163.43,163.23,163.24,760.839
2025-11-07 22:53:00,163.24,163.24,163.08,163.24,1393.358
2025-11-07 22:54:00,163.25,163.26,163.24,163.26,185.766
2025-11-07 22:55:00,163.25,163.32,163.25,163.31,443.143
2025-11-07 22:56:00,163.31,163.48,163.25,163.42,2135.355
2025-11-07 22:57:00,163.43,163.43,163.33,163.34,710.555
2025-11-07 22:58:00,163.35,163.38,163.15,163.35,1725.867
2025-11-07 22:59:00,163.35,163.38,163.11,163.22,936.268
2025-11-07 23:00:00,163.23,163.27,163.16,163.21,1101.319
2025-11-07 23:01:00,163.22,163.24,163.13,163.13,567.057
2025-11-07 23:02:00,163.13,163.13,162.88,162.88,1975.299
2025-11-07 23:03:00,162.88,162.99,162.82,162.88,1803.297
2025-11-07 23:04:00,162.88,162.88,162.61,162.66,2563.78
2025-11-07 23:05:00,162.67,163.07,162.66,162.97,5663.237
2025-11-07 23:06:00,162.96,163.1,162.92,163.09,2015.123
2025-11-07 23:07:00,163.09,163.13,162.82,162.91,2600.894
2025-11-07 23:08:00,162.9,163.08,162.87,162.98,2230.558
2025-11-07 23:09:00,162.99,163.01,162.82,163.0,2877.174
2025-11-07 23:10:00,162.99,163.1,162.97,163.1,5693.969
2025-11-07 23:11:00,163.1,163.18,163.05,163.05,1940.236
2025-11-07 23:12:00,163.05,163.05,162.69,162.75,1280.123
2025-11-07 23:13:00,162.75,162.76,162.63,162.74,1937.397
2025-11-07 23:14:00,162.74,162.87,162.69,162.73,1956.871
2025-11-07 23:15:00,162.74,162.91,162.74,162.9,929.88
2025-11-07 23:16:00,162.9,162.97,162.88,162.91,1319.546
2025-11-07 23:17:00,162.91,162.93,162.79,162.87,2778.388
2025-11-07 23:18:00,162.87,162.87,162.74,162.8,683.127
2025-11-07 23:19:00,162.8,162.81,162.66,162.73,941.942
2025-11-07 23:20:00,162.72,162.72,162.54,162.68,2635.173
2025-11-07 23:21:00,162.69,162.74,162.39,162.67,13657.284
2025-11-07 23:22:00,162.66,162.66,162.32,162.37,1924.146
2025-11-07 23:23:00,162.37,162.45,162.34,162.35,1449.398
2025-11-07 23:24:00,162.35,162.45,162.35,162.44,1920.023
2025-11-07 23:25:00,162.43,162.45,162.33,162.33,1590.323
2025-11-07 23:26:00,162.33,162.39,162.33,162.35,1984.161
2025-11-07 23:27:00,162.36,162.41,162.29,162.29,2898.215
2025-11-07 23:28:00,162.3,162.35,161.95,161.99,7266.478
2025-11-07 23:29:00,161.99,162.04,161.95,162.01,2049.26
2025-11-07 23:30:00,162.02,162.25,162.02,162.21,1622.879
2025-11-07 23:31:00,162.22,162.4,162.21,162.39,1353.053
2025-11-07 23:32:00,162.4,162.43,162.21,162.43,1270.809
2025-11-07 23:33:00,162.42,162.54,162.39,162.4,1177.707
2025-11-07 23:34:00,162.4,162.5,162.4,162.5,1019.863
2025-11-07 23:35:00,162.51,162.52,162.3,162.32,1656.837
2025-11-07 23:36:00,162.32,162.48,162.27,162.29,1516.702
2025-11-07 23:37:00,162.29,162.41,162.26,162.36,851.584
2025-11-07 23:38:00,162.35,162.36,162.26,162.29,706.08
2025-11-07 23:39:00,162.29,162.53,162.29,162.52,1973.017
2025-11-07 23:40:00,162.52,162.56,162.51,162.52,510.498
2025-11-07 23:41:00,162.52,162.55,162.28,162.3,1222.73
2025-11-07 23:42:00,162.31,162.34,162.1,162.14,704.045
2025-11-07 23:43:00,162.14,162.16,161.98,162.04,1662.352
2025-11-07 23:44:00,162.04,162.11,161.98,162.1,681.051
2025-11-07 23:45:00,162.11,162.21,162.08,162.19,568.149
2025-11-07 23:46:00,162.18,162.24,162.02,162.14,3159.118
2025-11-07 23:47:00,162.15,162.37,162.14,162.14,4804.389
2025-11-07 23:48:00,162.15,162.26,162.02,162.02,738.122
2025-11-07 23:49:00,162.03,162.18,161.98,162.17,1643.569
2025-11-07 23:50:00,162.18,162.19,162.05,162.1,1157.467
2025-11-07 23:51:00,162.11,162.22,162.1,162.21,1933.275
2025-11-07 23:52:00,162.21,162.23,161.95,161.95,2282.003
2025-11-07 23:53:00,161.94,162.02,161.61,161.74,8252.938
2025-11-07 23:54:00,161.73,161.86,161.7,161.82,1914.177
2025-11-07 23:55:00,161.82,161.82,161.67,161.79,1283.363
2025-11-07 23:56:00,161.79,161.8,161.68,161.76,1148.536
2025-11-07 23:57:00,161.76,161.87,161.76,161.81,737.238
2025-11-07 23:58:00,161.81,161.85,161.8,161.8,480.857
2025-11-07 23:59:00,161.8,161.82,161.74,161.79,557.727
2025-11-08 00:00:00,161.8,162.0,161.79,161.98,2177.157
2025-11-08 00:01:00,161.98,162.1,161.96,161.96,1402.548
2025-11-08 00:02:00,161.95,161.95,161.63,161.67,3631.788
2025-11-08 00:03:00,161.67,161.67,161.43,161.54,4771.824
2025-11-08 00:04:00,161.54,161.76,161.54,161.71,1277.792
2025-11-08 00:05:00,161.7,161.93,161.57,161.92,4953.351
2025-11-08 00:06:00,161.92,162.09,161.82,162.09,2360.541
2025-11-08 00:07:00,162.1,162.14,161.92,161.92,5014.319
2025-11-08 00:08:00,161.92,161.92,161.66,161.68,1234.605
2025-11-08 00:09:00,161.68,161.93,161.66,161.92,1328.319
2025-11-08 00:10:00,161.91,162.04,161.81,161.87,1206.376
2025-11-08 00:11:00,161.87,161.95,161.73,161.77,1376.384
2025-11-08 00:12:00,161.77,161.77,161.62,161.65,1422.672
2025-11-08 00:13:00,161.66,161.77,161.6,161.76,1444.464
2025-11-08 00:14:00,161.76,162.04,161.72,162.03,1986.615
2025-11-08 00:15:00,162.04,162.28,162.0,162.24,2067.582
2025-11-08 00:16:00,162.24,162.3,162.03,162.05,3129.503
2025-11-08 00:17:00,162.04,162.24,162.01,162.23,1185.105
2025-11-08 00:18:00,162.23,162.3,162.03,162.29,2171.206
2025-11-08 00:19:00,162.29,162.52,162.24,162.43,2382.089
2025-11-08 00:20:00,162.44,162.44,162.17,162.24,738.122
2025-11-08 00:21:00,162.24,162.36,162.16,162.19,5452.741
2025-11-08 00:22:00,162.19,162.33,161.89,161.89,7002.354
2025-11-08 00:23:00,161.9,162.05,161.85,162.04,1317.856
2025-11-08 00:24:00,162.03,162.19,162.01,162.16,1949.44
2025-11-08 00:25:00,162.16,162.17,161.88,161.9,1074.83
2025-11-08 00:26:00,161.89,161.89,161.57,161.62,1222.284
2025-11-08 00:27:00,161.62,161.77,161.55,161.64,1178.096
2025-11-08 00:28:00,161.63,161.71,161.52,161.54,597.899
2025-11-08 00:29:00,161.54,161.57,161.42,161.56,3027.354
2025-11-08 00:30:00,161.56,161.74,161.55,161.55,1159.172
2025-11-08 00:31:00,161.55,161.68,161.28,161.51,2425.158
2025-11-08 00:32:00,161.51,161.66,161.37,161.38,790.192
2025-11-08 00:33:00,161.38,161.55,161.35,161.46,2928.523
2025-11-08 00:34:00,161.46,161.54,161.26,161.26,1779.03
2025-11-08 00:35:00,161.26,161.44,161.23,161.24,1397.33
2025-11-08 00:36:00,161.24,161.25,161.13,161.13,1964.202
2025-11-08 00:37:00,161.13,161.13,160.89,160.94,6297.971
2025-11-08 00:38:00,160.94,160.96,160.76,160.79,1921.815
2025-11-08 00:39:00,160.79,160.84,160.59,160.83,4531.355
2025-11-08 00:40:00,160.84,161.38,160.84,161.33,3252.234
2025-11-08 00:41:00,161.32,161.39,161.23,161.35,1298.257
2025-11-08 00:42:00,161.35,161.53,161.19,161.41,2370.187
2025-11-08 00:43:00,161.42,161.6,161.35,161.59,1791.936
2025-11-08 00:44:00,161.59,161.65,161.44,161.5,1850.858
2025-11-08 00:45:00,161.5,161.6,161.47,161.54,927.06
2025-11-08 00:46:00,161.54,161.83,161.54,161.78,1910.675
2025-11-08 00:47:00,161.77,162.1,161.74,162.07,1476.951
2025-11-08 00:48:00,162.06,162.26,162.02,162.26,1404.594
2025-11-08 00:49:00,162.25,162.6,162.25,162.5,2771.074
2025-11-08 00:50:00,162.49,162.49,162.03,162.07,1147.515
2025-11-08 00:51:00,162.08,162.1,161.7,161.81,1437.178
2025-11-08 00:52:00,161.8,161.84,161.51,161.57,1787.9
2025-11-08 00:53:00,161.57,161.8,161.55,161.76,2198.136
2025-11-08 00:54:00,161.75,161.75,161.55,161.69,631.911
2025-11-08 00:55:00,161.69,161.72,161.41,161.48,1240.951
2025-11-08 00:56:00,161.49,161.49,161.16,161.25,2021.011
2025-11-08 00:57:00,161.25,161.3,161.12,161.13,1207.399
2025-11-08 00:58:00,161.13,161.28,161.13,161.18,1514.55
2025-11-08 00:59:00,161.19,161.21,160.81,160.88,4036.957
2025-11-08 01:00:00,160.87,161.06,160.84,161.02,3012.797
2025-11-08 01:01:00,161.03,161.59,160.82,161.59,6492.484
2025-11-08 01:02:00,161.59,161.73,161.49,161.65,1587.7
2025-11-08 01:03:00,161.66,161.95,161.66,161.89,1126.318
2025-11-08 01:04:00,161.9,161.97,161.76,161.9,2411.092
2025-11-08 01:05:00,161.89,162.21,161.86,162.21,1704.498
2025-11-08 01:06:00,162.2,162.29,162.04,162.08,1638.902
2025-11-08 01:07:00,162.07,162.27,162.01,162.07,1731.361
2025-11-08 01:08:00,162.07,162.16,161.79,161.84,2372.94
2025-11-08 01:09:00,161.84,162.0,161.84,161.93,649.451
2025-11-08 01:10:00,161.93,162.06,161.8,161.8,1535.407
2025-11-08 01:11:00,161.81,162.0,161.8,161.83,889.119
2025-11-08 01:12:00,161.82,161.87,161.68,161.84,1707.626
2025-11-08 01:13:00,161.84,161.93,161.68,161.79,961.153
2025-11-08 01:14:00,161.79,161.87,161.65,161.77,1026.543
2025-11-08 01:15:00,161.77,162.1,161.76,162.05,2005.645
2025-11-08 01:16:00,162.05,162.16,162.04,162.12,951.282
2025-11-08 01:17:00,162.13,162.2,162.08,162.09,712.348
2025-11-08 01:18:00,162.09,162.16,162.01,162.14,1631.178
2025-11-08 01:19:00,162.15,162.28,162.15,162.23,693.285
2025-11-08 01:20:00,162.23,162.24,162.09,162.14,472.527
2025-11-08 01:21:00,162.13,162.28,162.13,162.25,901.031
2025-11-08 01:22:00,162.24,162.29,162.12,162.24,1664.565
2025-11-08 01:23:00,162.24,162.26,162.01,162.01,777.366
2025-11-08 01:24:00,162.01,162.37,161.96,162.31,5521.84
2025-11-08 01:25:00,162.31,162.47,162.27,162.31,1040.366
2025-11-08 01:26:00,162.32,162.37,162.22,162.35,3618.68
2025-11-08 01:27:00,162.34,162.46,162.21,162.45,2626.887
2025-11-08 01:28:00,162.46,162.48,162.41,162.48,757.36
2025-11-08 01:29:00,162.47,162.48,162.37,162.38,635.227
2025-11-08 01:30:00,162.37,162.37,162.0,162.02,2245.55
2025-11-08 01:31:00,162.03,162.1,161.96,162.02,1396.636
2025-11-08 01:32:00,162.01,162.1,161.89,162.07,1913.941
2025-11-08 01:33:00,162.07,162.1,161.89,161.97,1877.886
2025-11-08 01:34:00,161.97,161.98,161.76,161.82,1085.773
2025-11-08 01:35:00,161.81,161.92,161.75,161.8,894.209
2025-11-08 01:36:00,161.81,161.9,161.72,161.82,999.329
2025-11-08 01:37:00,161.81,161.93,161.66,161.86,647.716
2025-11-08 01:38:00,161.86,162.04,161.86,162.01,999.241
2025-11-08 01:39:00,162.02,162.11,161.99,162.05,2033.171
2025-11-08 01:40:00,162.06,162.22,162.05,162.17,590.481
2025-11-08 01:41:00,162.17,162.22,161.96,161.96,1366.348
2025-11-08 01:42:00,161.96,161.96,161.63,161.7,1027.248
2025-11-08 01:43:00,161.69,161.79,161.69,161.78,1534.791
2025-11-08 01:44:00,161.79,161.83,161.74,161.78,453.948
2025-11-08 01:45:00,161.77,161.77,161.63,161.7,828.788
2025-11-08 01:46:00,161.69,161.71,161.58,161.65,921.596
2025-11-08 01:47:00,161.66,161.73,161.53,161.73,487.114
2025-11-08 01:48:00,161.73,161.79,161.55,161.7,703.567
2025-11-08 01:49:00,161.69,161.84,161.64,161.81,793.815
2025-11-08 01:50:00,161.81,161.91,161.75,161.9,4850.97
2025-11-08 01:51:00,161.9,162.0,161.87,161.92,1146.587
2025-11-08 01:52:00,161.91,162.03,161.79,161.98,2793.302
2025-11-08 01:53:00,161.98,162.08,161.98,162.08,635.255
2025-11-08 01:54:00,162.08,162.08,161.9,162.0,1063.442
2025-11-08 01:55:00,162.01,162.04,161.63,161.63,1449.326
2025-11-08 01:56:00,161.64,161.66,161.48,161.55,3692.522
2025-11-08 01:57:00,161.55,161.64,161.51,161.6,447.294
2025-11-08 01:58:00,161.6,162.0,161.56,161.99,6613.476
2025-11-08 01:59:00,162.0,162.04,161.96,162.04,1354.597
2025-11-08 02:00:00,162.04,162.05,161.93,162.05,879.226
2025-11-08 02:01:00,162.05,162.16,162.04,162.16,547.797
2025-11-08 02:02:00,162.16,162.36,162.15,162.2,956.835
2025-11-08 02:03:00,162.2,162.23,162.12,162.23,1648.83
2025-11-08 02:04:00,162.23,162.42,162.23,162.42,1258.675
2025-11-08 02:05:00,162.41,162.47,162.3,162.3,1739.292
2025-11-08 02:06:00,162.3,162.3,162.01,162.08,913.241
2025-11-08 02:07:00,162.07,162.12,161.99,162.04,1104.147
2025-11-08 02:08:00,162.05,162.12,162.03,162.12,525.425
2025-11-08 02:09:00,162.12,162.21,162.08,162.15,858.355
2025-11-08 02:10:00,162.15,162.23,162.11,162.23,284.997
2025-11-08 02:11:00,162.23,162.5,162.22,162.5,406.478
2025-11-08 02:12:00,162.5,162.86,162.5,162.67,3195.598
2025-11-08 02:13:00,162.68,162.84,162.52,162.8,2093.231
2025-11-08 02:14:00,162.8,162.82,162.58,162.62,2412.319
2025-11-08 02:15:00,162.62,162.86,162.59,162.72,1705.443
2025-11-08 02:16:00,162.72,162.76,162.64,162.76,2505.813
2025-11-08 02:17:00,162.75,163.0,162.65,162.93,3783.648
2025-11-08 02:18:00,162.92,163.09,162.9,163.06,2398.019
2025-11-08 02:19:00,163.06,163.27,162.9,163.08,2936.435
2025-11-08 02:20:00,163.08,163.26,163.01,163.17,1754.482
2025-11-08 02:21:00,163.17,163.21,163.07,163.14,1602.909
2025-11-08 02:22:00,163.14,163.27,163.09,163.27,2295.334
2025-11-08 02:23:00,163.27,163.48,163.19,163.42,4707.047
2025-11-08 02:24:00,163.42,163.47,163.2,163.2,1473.338
2025-11-08 02:25:00,163.19,163.38,163.07,163.11,2555.21
2025-11-08 02:26:00,163.1,163.3,163.07,163.24,1435.968
2025-11-08 02:27:00,163.24,163.4,163.18,163.35,2576.331
2025-11-08 02:28:00,163.35,163.54,163.35,163.45,8114.748
2025-11-08 02:29:00,163.44,163.53,163.35,163.42,1369.804
2025-11-08 02:30:00,163.43,163.45,163.25,163.27,2107.882
2025-11-08 02:31:00,163.28,163.39,163.26,163.3,393.158
2025-11-08 02:32:00,163.3,163.57,163.29,163.52,895.216
2025-11-08 02:33:00,163.52,163.53,163.41,163.42,725.364
2025-11-08 02:34:00,163.42,163.79,163.42,163.75,3988.745
2025-11-08 02:35:00,163.76,163.82,163.7,163.8,3058.62
2025-11-08 02:36:00,163.79,163.87,163.67,163.87,3089.079
2025-11-08 02:37:00,163.87,163.96,163.77,163.85,3170.634
2025-11-08 02:38:00,163.84,164.11,163.84,164.05,6507.607
2025-11-08 02:39:00,164.06,164.2,164.03,164.16,4678.685
2025-11-08 02:40:00,164.16,164.44,164.1,164.43,6545.667
2025-11-08 02:41:00,164.43,164.43,164.12,164.27,2314.981
2025-11-08 02:42:00,164.26,164.35,164.14,164.24,2944.014
2025-11-08 02:43:00,164.24,164.3,164.12,164.26,2994.691
2025-11-08 02:44:00,164.26,164.33,163.99,164.11,8221.574
2025-11-08 02:45:00,164.12,164.12,163.76,163.93,12051.722
2025-11-08 02:46:00,163.93,164.09,163.92,163.99,900.659
2025-11-08 02:47:00,163.98,164.03,163.87,164.0,1816.988
2025-11-08 02:48:00,164.01,164.24,163.97,164.02,3426.127
2025-11-08 02:49:00,164.01,164.11,163.96,163.98,1286.16
2025-11-08 02:50:00,163.98,164.01,163.73,163.73,1652.904
2025-11-08 02:51:00,163.74,163.74,163.45,163.54,2069.44
2025-11-08 02:52:00,163.54,163.66,163.53,163.61,1805.217
2025-11-08 02:53:00,163.6,163.61,163.28,163.28,1843.116
2025-11-08 02:54:00,163.29,163.5,163.29,163.34,1718.381
2025-11-08 02:55:00,163.34,163.54,163.33,163.43,1217.671
2025-11-08 02:56:00,163.43,163.5,163.34,163.34,810.605
2025-11-08 02:57:00,163.34,163.48,163.26,163.47,633.744
2025-11-08 02:58:00,163.47,163.64,163.42,163.57,1216.069
2025-11-08 02:59:00,163.58,163.6,163.41,163.41,491.79
2025-11-08 03:00:00,163.41,163.6,163.36,163.56,1297.807
2025-11-08 03:01:00,163.57,163.85,163.56,163.83,1103.699
2025-11-08 03:02:00,163.84,164.24,163.84,164.24,1297.69
2025-11-08 03:03:00,164.24,164.52,164.18,164.51,10606.1
2025-11-08 03:04:00,164.5,164.89,164.5,164.87,4120.887
2025-11-08 03:05:00,164.87,164.88,164.67,164.75,2189.925
2025-11-08 03:06:00,164.75,164.88,164.55,164.79,3436.482
2025-11-08 03:07:00,164.79,164.82,164.65,164.71,1967.435
2025-11-08 03:08:00,164.71,164.75,164.43,164.55,1949.023
2025-11-08 03:09:00,164.54,164.71,164.47,164.58,2047.614
2025-11-08 03:10:00,164.57,164.57,164.15,164.23,1808.112
2025-11-08 03:11:00,164.24,164.54,164.24,164.51,12104.165
2025-11-08 03:12:00,164.5,164.75,164.4,164.41,6976.97
2025-11-08 03:13:00,164.41,164.41,164.26,164.28,1046.095
2025-11-08 03:14:00,164.29,164.29,164.02,164.1,1414.176
2025-11-08 03:15:00,164.09,164.28,164.09,164.2,4772.627
2025-11-08 03:16:00,164.2,164.23,164.08,164.11,1116.16
2025-11-08 03:17:00,164.1,164.15,163.92,164.0,3592.04
2025-11-08 03:18:00,164.0,164.19,163.92,164.16,3875.726
2025-11-08 03:19:00,164.16,164.42,164.16,164.34,2839.94
2025-11-08 03:20:00,164.34,164.4,164.24,164.31,4375.847
2025-11-08 03:21:00,164.31,164.44,164.24,164.24,4427.297
2025-11-08 03:22:00,164.24,164.39,164.2,164.21,1705.665
2025-11-08 03:23:00,164.21,164.26,163.97,164.03,2368.587
2025-11-08 03:24:00,164.04,164.04,163.93,164.01,766.746
2025-11-08 03:25:00,164.0,164.01,163.91,163.97,4011.238
2025-11-08 03:26:00,163.97,163.99,163.84,163.94,1319.592
2025-11-08 03:27:00,163.94,164.11,163.84,163.89,9544.88
2025-11-08 03:28:00,163.89,163.99,163.84,163.92,1399.903
2025-11-08 03:29:00,163.93,163.93,163.75,163.83,1082.719
2025-11-08 03:30:00,163.84,163.84,163.53,163.54,959.271
2025-11-08 03:31:00,163.53,163.83,163.53,163.72,779.637
2025-11-08 03:32:00,163.72,163.8,163.7,163.74,736.335
2025-11-08 03:33:00,163.75,164.04,163.72,164.02,3343.086
2025-11-08 03:34:00,164.01,164.01,163.7,163.81,1516.403
2025-11-08 03:35:00,163.81,163.81,163.51,163.52,1323.364
2025-11-08 03:36:00,163.52,163.69,163.51,163.55,1767.65
2025-11-08 03:37:00,163.54,163.72,163.51,163.69,1176.82
2025-11-08 03:38:00,163.69,163.7,163.51,163.56,1486.491
2025-11-08 03:39:00,163.57,163.7,163.53,163.61,960.851
2025-11-08 03:40:00,163.61,163.61,163.06,163.1,2601.057
2025-11-08 03:41:00,163.09,163.13,162.94,163.04,4247.399
2025-11-08 03:42:00,163.04,163.32,163.04,163.26,2398.035
2025-11-08 03:43:00,163.27,163.39,163.08,163.38,5428.104
2025-11-08 03:44:00,163.38,163.4,163.29,163.29,957.579
2025-11-08 03:45:00,163.28,163.46,163.27,163.3,5643.297
2025-11-08 03:46:00,163.29,163.42,163.29,163.36,1097.177
2025-11-08 03:47:00,163.37,163.49,163.36,163.47,480.244
2025-11-08 03:48:00,163.46,163.59,163.39,163.48,1049.926
2025-11-08 03:49:00,163.49,163.49,163.3,163.3,1137.508
2025-11-08 03:50:00,163.3,163.3,163.08,163.13,1893.631
2025-11-08 03:51:00,163.13,163.13,162.93,162.93,1918.573
2025-11-08 03:52:00,162.94,163.05,162.69,163.04,3110.349
2025-11-08 03:53:00,163.05,163.11,162.96,163.05,992.403
2025-11-08 03:54:00,163.05,163.05,162.83,162.85,1269.776
2025-11-08 03:55:00,162.85,162.88,162.54,162.65,15785.454
2025-11-08 03:56:00,162.65,162.85,162.63,162.74,2504.868
2025-11-08 03:57:00,162.75,162.87,162.69,162.69,810.552
2025-11-08 03:58:00,162.69,162.72,162.48,162.63,1875.058
2025-11-08 03:59:00,162.63,162.68,162.51,162.52,701.581
2025-11-08 04:00:00,162.52,162.96,162.51,162.95,500.938
2025-11-08 04:01:00,162.96,163.06,162.85,162.87,1211.01
2025-11-08 04:02:00,162.88,163.04,162.87,163.04,1897.957
2025-11-08 04:03:00,163.03,163.21,162.95,163.11,2217.623
2025-11-08 04:04:00,163.11,163.14,162.93,163.09,1465.804
2025-11-08 04:05:00,163.09,163.13,162.88,163.06,1222.56
2025-11-08 04:06:00,163.05,163.06,162.72,162.72,1437.764
2025-11-08 04:07:00,162.71,162.9,162.71,162.89,1152.032
2025-11-08 04:08:00,162.89,163.21,162.89,163.11,724.941
2025-11-08 04:09:00,163.11,163.2,163.01,163.03,1312.612
2025-11-08 04:10:00,163.04,163.21,162.99,163.0,1710.079
2025-11-08 04:11:00,163.0,163.21,162.95,163.21,738.888
2025-11-08 04:12:00,163.21,163.21,163.09,163.11,341.759
2025-11-08 04:13:00,163.11,163.23,163.06,163.1,401.423
2025-11-08 04:14:00,163.09,163.22,163.08,163.18,505.837
2025-11-08 04:15:00,163.17,163.38,163.11,163.38,405.194
2025-11-08 04:16:00,163.38,163.56,163.18,163.4,1054.075
2025-11-08 04:17:00,163.41,163.54,163.4,163.4,768.008
2025-11-08 04:18:00,163.41,163.56,163.25,163.46,823.432
2025-11-08 04:19:00,163.46,163.46,163.24,163.24,1099.097
2025-11-08 04:20:00,163.24,163.24,163.13,163.21,628.768
2025-11-08 04:21:00,163.21,163.33,163.1,163.33,1102.482
2025-11-08 04:22:00,163.34,163.37,163.18,163.24,2569.206
2025-11-08 04:23:00,163.24,163.28,163.17,163.17,548.474
2025-11-08 04:24:00,163.18,163.19,162.86,162.94,2595.815
2025-11-08 04:25:00,162.94,163.01,162.86,162.89,1288.348
2025-11-08 04:26:00,162.89,162.89,162.71,162.73,601.894
2025-11-08 04:27:00,162.72,162.73,162.57,162.59,1847.367
2025-11-08 04:28:00,162.59,162.73,162.59,162.68,1038.2
2025-11-08 04:29:00,162.67,162.75,162.61,162.62,1325.016
2025-11-08 04:30:00,162.62,162.71,162.61,162.62,877.434
2025-11-08 04:31:00,162.63,162.88,162.63,162.81,1438.437
2025-11-08 04:32:00,162.82,162.82,162.54,162.54,4849.673
2025-11-08 04:33:00,162.55,162.75,162.51,162.74,1989.373
2025-11-08 04:34:00,162.75,163.04,162.69,162.99,989.707
2025-11-08 04:35:00,162.98,163.01,162.9,162.91,1570.539
2025-11-08 04:36:00,162.91,163.11,162.91,163.11,2550.008
2025-11-08 04:37:00,163.11,163.22,163.11,163.15,975.644
2025-11-08 04:38:00,163.15,163.21,163.07,163.2,1163.909
2025-11-08 04:39:00,163.2,163.33,163.17,163.33,697.576
2025-11-08 04:40:00,163.32,163.45,163.28,163.44,474.054
2025-11-08 04:41:00,163.43,163.44,163.27,163.34,695.028
2025-11-08 04:42:00,163.34,163.54,163.25,163.53,3924.475
2025-11-08 04:43:00,163.54,163.66,163.26,163.34,1651.772
2025-11-08 04:44:00,163.34,163.47,163.32,163.4,532.61
2025-11-08 04:45:00,163.39,163.54,163.3,163.49,1248.012
2025-11-08 04:46:00,163.49,163.54,163.39,163.49,560.473
2025-11-08 04:47:00,163.49,163.56,163.44,163.44,947.065
2025-11-08 04:48:00,163.45,163.45,163.33,163.37,428.658
2025-11-08 04:49:00,163.36,163.38,163.25,163.26,575.064
2025-11-08 04:50:00,163.25,163.26,163.17,163.18,339.332
2025-11-08 04:51:00,163.19,163.38,163.19,163.32,447.657
2025-11-08 04:52:00,163.31,163.38,163.24,163.33,324.477
2025-11-08 04:53:00,163.34,163.34,163.12,163.12,489.309
2025-11-08 04:54:00,163.13,163.15,162.86,162.86,1009.998
2025-11-08 04:55:00,162.86,162.86,162.72,162.74,659.978
2025-11-08 04:56:00,162.73,162.77,162.64,162.66,792.405
2025-11-08 04:57:00,162.66,162.98,162.66,162.81,1040.968
2025-11-08 04:58:00,162.82,162.82,162.66,162.67,448.67
2025-11-08 04:59:00,162.67,162.76,162.67,162.71,583.891
2025-11-08 05:00:00,162.72,162.78,162.66,162.78,708.67
2025-11-08 05:01:00,162.77,162.8,162.67,162.68,792.646
2025-11-08 05:02:00,162.68,162.93,162.57,162.93,517.692
2025-11-08 05:03:00,162.94,162.98,162.76,162.8,502.131
2025-11-08 05:04:00,162.81,162.96,162.78,162.96,1040.428
2025-11-08 05:05:00,162.96,163.08,162.96,163.08,665.75
2025-11-08 05:06:00,163.08,163.08,162.92,162.93,253.267
2025-11-08 05:07:00,162.93,162.99,162.81,162.89,755.005
2025-11-08 05:08:00,162.89,162.91,162.8,162.8,685.009
2025-11-08 05:09:00,162.8,162.8,162.56,162.56,793.923
2025-11-08 05:10:00,162.57,162.57,162.09,162.36,5928.009
2025-11-08 05:11:00,162.36,162.45,162.24,162.25,685.235
2025-11-08 05:12:00,162.24,162.31,162.22,162.24,1335.199
2025-11-08 05:13:00,162.23,162.25,162.1,162.11,569.101
2025-11-08 05:14:00,162.11,162.18,161.85,162.06,3962.405
2025-11-08 05:15:00,162.05,162.2,161.96,162.2,749.421
2025-11-08 05:16:00,162.19,162.27,162.03,162.08,1108.279
2025-11-08 05:17:00,162.08,162.08,161.87,161.94,351.915
2025-11-08 05:18:00,161.93,161.98,161.75,161.85,1307.723
2025-11-08 05:19:00,161.86,161.95,161.82,161.92,649.063
2025-11-08 05:20:00,161.91,162.06,161.91,161.99,561.79
2025-11-08 05:21:00,161.99,162.23,161.97,162.09,1653.765
2025-11-08 05:22:00,162.09,162.25,162.08,162.17,540.79
2025-11-08 05:23:00,162.17,162.17,161.96,161.96,712.385
2025-11-08 05:24:00,161.96,162.03,161.88,162.0,965.806
2025-11-08 05:25:00,162.0,162.09,161.85,161.86,1465.395
2025-11-08 05:26:00,161.86,162.14,161.86,162.04,1149.545
2025-11-08 05:27:00,162.04,162.14,162.04,162.14,355.236
2025-11-08 05:28:00,162.14,162.16,162.06,162.09,309.296
2025-11-08 05:29:00,162.1,162.17,162.06,162.06,933.59
2025-11-08 05:30:00,162.06,162.12,161.96,161.96,649.09
2025-11-08 05:31:00,161.97,162.13,161.91,162.08,424.537
2025-11-08 05:32:00,162.08,162.2,162.05,162.05,491.769
2025-11-08 05:33:00,162.05,162.05,161.74,161.75,828.811
2025-11-08 05:34:00,161.75,161.87,161.7,161.84,622.543
2025-11-08 05:35:00,161.85,161.9,161.49,161.6,7515.841
2025-11-08 05:36:00,161.6,161.67,161.52,161.57,573.435
2025-11-08 05:37:00,161.57,161.57,161.4,161.51,3499.994
2025-11-08 05:38:00,161.51,161.57,161.24,161.4,2810.839
2025-11-08 05:39:00,161.41,161.49,161.36,161.38,2562.68
2025-11-08 05:40:00,161.38,161.56,161.35,161.51,2891.421
2025-11-08 05:41:00,161.51,161.59,161.4,161.57,1442.235
2025-11-08 05:42:00,161.57,161.58,161.33,161.37,1354.074
2025-11-08 05:43:00,161.37,161.4,161.19,161.3,2749.522
2025-11-08 05:44:00,161.31,161.44,161.27,161.42,1120.953
2025-11-08 05:45:00,161.42,161.52,161.42,161.49,419.304
2025-11-08 05:46:00,161.49,161.68,161.45,161.48,942.905
2025-11-08 05:47:00,161.48,161.48,161.34,161.34,782.25
2025-11-08 05:48:00,161.33,161.51,161.29,161.37,2318.831
2025-11-08 05:49:00,161.37,161.45,161.19,161.21,1616.688
2025-11-08 05:50:00,161.2,161.21,161.04,161.08,3284.972
2025-11-08 05:51:00,161.08,161.29,161.07,161.25,1275.098
2025-11-08 05:52:00,161.25,161.29,161.12,161.12,636.049
2025-11-08 05:53:00,161.12,161.15,161.03,161.14,2270.926
2025-11-08 05:54:00,161.14,161.27,161.06,161.17,981.603
2025-11-08 05:55:00,161.16,161.31,161.1,161.28,897.867
2025-11-08 05:56:00,161.28,161.37,161.24,161.37,584.341
2025-11-08 05:57:00,161.36,161.4,161.22,161.22,833.874
2025-11-08 05:58:00,161.22,161.34,161.2,161.31,412.827
2025-11-08 05:59:00,161.31,161.37,161.2,161.37,3127.47
2025-11-08 06:00:00,161.37,161.49,161.37,161.45,1142.595
2025-11-08 06:01:00,161.45,161.62,161.45,161.47,1286.323
2025-11-08 06:02:00,161.47,161.47,160.97,160.99,4140.419
2025-11-08 06:03:00,160.99,160.99,160.8,160.88,2669.773
2025-11-08 06:04:00,160.88,161.05,160.5,160.61,11329.97
2025-11-08 06:05:00,160.6,160.73,160.37,160.56,4707.69
2025-11-08 06:06:00,160.56,160.86,160.56,160.83,3900.622
2025-11-08 06:07:00,160.82,160.9,160.61,160.61,1686.484
2025-11-08 06:08:00,160.62,160.68,160.36,160.44,3970.629
2025-11-08 06:09:00,160.43,160.59,160.4,160.59,1972.776
2025-11-08 06:10:00,160.58,160.67,160.5,160.57,689.932
2025-11-08 06:11:00,160.57,160.67,160.52,160.62,1284.153
2025-11-08 06:12:00,160.62,160.74,160.58,160.6,1548.973
2025-11-08 06:13:00,160.59,160.65,160.38,160.43,2254.534
2025-11-08 06:14:00,160.44,160.58,160.16,160.23,3441.234
2025-11-08 06:15:00,160.23,160.59,160.22,160.55,3162.703
2025-11-08 06:16:00,160.55,160.86,160.55,160.85,1417.424
2025-11-08 06:17:00,160.86,161.08,160.81,161.03,1995.758
2025-11-08 06:18:00,161.02,161.1,160.97,160.99,1996.34
2025-11-08 06:19:00,160.98,161.04,160.81,160.82,1304.457
2025-11-08 06:20:00,160.82,160.99,160.8,160.94,644.975
2025-11-08 06:21:00,160.94,161.19,160.94,161.19,1157.801
2025-11-08 06:22:00,161.19,161.27,161.07,161.08,2134.883
2025-11-08 06:23:00,161.07,161.07,160.9,161.03,922.294
2025-11-08 06:24:00,161.03,161.23,161.0,161.23,642.818
2025-11-08 06:25:00,161.24,161.45,161.24,161.28,1555.956
2025-11-08 06:26:00,161.29,161.29,161.1,161.12,626.08
2025-11-08 06:27:00,161.12,161.23,161.04,161.04,1101.555
2025-11-08 06:28:00,161.04,161.13,161.0,161.08,867.616
2025-11-08 06:29:00,161.07,161.3,161.07,161.25,772.336
2025-11-08 06:30:00,161.25,161.35,161.17,161.35,710.929
2025-11-08 06:31:00,161.35,161.44,161.17,161.17,689.433
2025-11-08 06:32:00,161.16,161.16,160.98,161.14,1152.537
2025-11-08 06:33:00,161.14,161.37,161.14,161.34,500.242
2025-11-08 06:34:00,161.34,161.39,161.3,161.31,632.335
2025-11-08 06:35:00,161.31,161.34,161.2,161.32,745.362
2025-11-08 06:36:00,161.33,161.76,161.33,161.68,2317.628
2025-11-08 06:37:00,161.67,161.87,161.66,161.79,925.585
2025-11-08 06:38:00,161.8,161.89,161.77,161.84,1250.298
2025-11-08 06:39:00,161.84,161.84,161.65,161.74,446.275
2025-11-08 06:40:00,161.74,161.74,161.53,161.59,1295.127
2025-11-08 06:41:00,161.59,161.67,161.59,161.62,260.18
2025-11-08 06:42:00,161.61,161.66,161.61,161.65,160.187
2025-11-08 06:43:00,161.66,161.82,161.64,161.64,598.495
2025-11-08 06:44:00,161.64,161.68,161.62,161.62,189.126
2025-11-08 06:45:00,161.62,161.7,161.62,161.68,648.11
2025-11-08 06:46:00,161.69,161.81,161.65,161.71,479.725
2025-11-08 06:47:00,161.71,161.83,161.71,161.83,530.389
2025-11-08 06:48:00,161.82,161.97,161.82,161.88,2463.026
2025-11-08 06:49:00,161.88,161.88,161.71,161.8,1250.854
2025-11-08 06:50:00,161.81,161.81,161.55,161.55,1857.665
2025-11-08 06:51:00,161.55,161.56,161.35,161.35,815.623
2025-11-08 06:52:00,161.35,161.38,161.23,161.23,757.917
2025-11-08 06:53:00,161.23,161.28,161.15,161.26,1064.337
2025-11-08 06:54:00,161.26,161.3,161.2,161.21,465.627
2025-11-08 06:55:00,161.21,161.25,161.09,161.1,1180.914
2025-11-08 06:56:00,161.09,161.23,161.08,161.13,1050.378
2025-11-08 06:57:00,161.13,161.18,161.07,161.16,415.436
2025-11-08 06:58:00,161.15,161.16,161.09,161.12,298.069
2025-11-08 06:59:00,161.12,161.15,161.11,161.14,608.233
2025-11-08 07:00:00,161.14,161.2,161.11,161.15,742.481
2025-11-08 07:01:00,161.15,161.15,161.01,161.03,1295.661
2025-11-08 07:02:00,161.03,161.03,160.94,160.95,1006.259
2025-11-08 07:03:00,160.94,160.96,160.91,160.95,672.53
2025-11-08 07:04:00,160.96,161.08,160.92,161.07,981.293
2025-11-08 07:05:00,161.08,161.08,160.93,160.99,1560.346
2025-11-08 07:06:00,161.0,161.08,160.8,160.8,1539.069
2025-11-08 07:07:00,160.81,160.9,160.78,160.81,1498.001
2025-11-08 07:08:00,160.82,160.87,160.73,160.78,1149.473
2025-11-08 07:09:00,160.77,160.78,160.69,160.71,693.039
2025-11-08 07:10:00,160.72,160.82,160.71,160.81,454.265
2025-11-08 07:11:00,160.81,160.83,160.73,160.81,678.306
2025-11-08 07:12:00,160.81,160.88,160.79,160.84,1165.774
2025-11-08 07:13:00,160.84,160.92,160.8,160.8,1204.751
2025-11-08 07:14:00,160.81,160.88,160.79,160.88,246.888
2025-11-08 07:15:00,160.88,161.08,160.88,160.97,1937.373
2025-11-08 07:16:00,160.96,161.08,160.88,160.9,721.826
2025-11-08 07:17:00,160.89,160.9,160.73,160.8,1020.745
2025-11-08 07:18:00,160.8,160.96,160.77,160.9,596.489
2025-11-08 07:19:00,160.91,161.04,160.91,161.02,706.625
2025-11-08 07:20:00,161.02,161.03,160.82,160.89,1420.023
2025-11-08 07:21:00,160.88,160.98,160.57,160.62,9605.127
2025-11-08 07:22:00,160.62,160.67,160.41,160.49,3696.857
2025-11-08 07:23:00,160.49,160.5,160.2,160.23,3458.544
2025-11-08 07:24:00,160.24,160.32,160.19,160.26,1150.013
2025-11-08 07:25:00,160.26,160.26,159.58,159.76,17690.635
2025-11-08 07:26:00,159.76,159.92,159.76,159.88,2380.266
2025-11-08 07:27:00,159.88,160.06,159.88,160.05,712.914
2025-11-08 07:28:00,160.06,160.18,159.99,160.05,4731.867
2025-11-08 07:29:00,160.05,160.2,160.04,160.19,2852.395
2025-11-08 07:30:00,160.2,160.39,160.13,160.15,3160.279
2025-11-08 07:31:00,160.14,160.16,159.98,160.0,3554.026
2025-11-08 07:32:00,160.0,160.04,159.93,159.99,1280.416
2025-11-08 07:33:00,160.0,160.16,160.0,160.15,517.421
2025-11-08 07:34:00,160.15,160.38,160.15,160.28,1712.026
2025-11-08 07:35:00,160.29,160.43,160.29,160.34,1735.493
2025-11-08 07:36:00,160.35,160.42,160.32,160.37,675.457
2025-11-08 07:37:00,160.36,160.46,160.35,160.41,871.184
2025-11-08 07:38:00,160.41,160.5,160.4,160.48,684.696
2025-11-08 07:39:00,160.48,160.59,160.46,160.51,861.736
2025-11-08 07:40:00,160.51,160.58,160.47,160.52,2977.501
2025-11-08 07:41:00,160.52,160.53,160.4,160.45,2363.588
2025-11-08 07:42:00,160.44,160.5,160.42,160.46,625.809
2025-11-08 07:43:00,160.46,160.52,160.46,160.5,632.144
2025-11-08 07:44:00,160.49,160.5,160.42,160.45,2666.769
2025-11-08 07:45:00,160.44,160.62,160.37,160.57,1582.656
2025-11-08 07:46:00,160.57,160.71,160.53,160.7,1375.245
2025-11-08 07:47:00,160.71,160.74,160.59,160.71,1006.157
2025-11-08 07:48:00,160.71,160.77,160.67,160.76,329.27
2025-11-08 07:49:00,160.76,160.92,160.74,160.85,992.245
2025-11-08 07:50:00,160.84,160.87,160.72,160.85,2084.449
2025-11-08 07:51:00,160.84,160.98,160.82,160.95,714.702
2025-11-08 07:52:00,160.95,160.99,160.94,160.97,705.774
2025-11-08 07:53:00,160.97,160.99,160.96,160.99,168.305
2025-11-08 07:54:00,160.99,161.02,160.97,161.02,573.65
2025-11-08 07:55:00,161.01,161.07,161.01,161.06,414.405
2025-11-08 07:56:00,161.06,161.09,161.02,161.02,815.027
2025-11-08 07:57:00,161.02,161.08,161.01,161.08,162.727
2025-11-08 07:58:00,161.07,161.11,161.07,161.07,939.72
2025-11-08 07:59:00,161.07,161.08,161.05,161.06,357.402
2025-11-08 08:00:00,161.05,161.1,160.99,161.0,1608.102
2025-11-08 08:01:00,161.01,161.03,160.95,161.02,1587.05
2025-11-08 08:02:00,161.02,161.07,160.92,160.93,402.619
2025-11-08 08:03:00,160.93,161.07,160.9,160.9,382.933
2025-11-08 08:04:00,160.9,160.91,160.77,160.87,1204.682
2025-11-08 08:05:00,160.87,160.91,160.84,160.91,596.486
2025-11-08 08:06:00,160.91,160.98,160.85,160.95,845.162
2025-11-08 08:07:00,160.95,161.67,160.94,161.52,7106.991
2025-11-08 08:08:00,161.52,161.62,161.31,161.34,1035.482
2025-11-08 08:09:00,161.34,161.4,161.24,161.29,1206.578
2025-11-08 08:10:00,161.29,161.44,161.27,161.33,7516.47
2025-11-08 08:11:00,161.32,161.33,161.13,161.24,372.022
2025-11-08 08:12:00,161.25,161.28,161.23,161.26,675.006
2025-11-08 08:13:00,161.25,161.26,161.19,161.19,375.713
2025-11-08 08:14:00,161.19,161.23,161.13,161.14,398.749
2025-11-08 08:15:00,161.14,161.19,160.92,160.92,7186.396
2025-11-08 08:16:00,160.93,160.93,160.51,160.56,2131.033
2025-11-08 08:17:00,160.56,160.67,160.3,160.52,2809.482
2025-11-08 08:18:00,160.53,160.67,160.48,160.62,439.226
2025-11-08 08:19:00,160.62,160.69,160.53,160.59,635.901
2025-11-08 08:20:00,160.59,160.6,160.47,160.55,440.964
2025-11-08 08:21:00,160.55,160.73,160.55,160.72,663.862
2025-11-08 08:22:00,160.73,160.83,160.62,160.65,787.924
2025-11-08 08:23:00,160.66,160.88,160.65,160.88,471.035
2025-11-08 08:24:00,160.87,160.96,160.83,160.92,308.193
2025-11-08 08:25:00,160.91,161.11,160.88,161.1,1588.453
2025-11-08 08:26:00,161.1,161.36,161.1,161.36,902.849
2025-11-08 08:27:00,161.37,161.52,161.36,161.44,969.226
2025-11-08 08:28:00,161.45,161.78,161.45,161.59,15395.842
2025-11-08 08:29:00,161.58,161.59,161.45,161.48,995.925
2025-11-08 08:30:00,161.48,161.67,161.47,161.48,649.836
2025-11-08 08:31:00,161.48,161.55,161.44,161.54,3683.746
2025-11-08 08:32:00,161.53,161.56,161.48,161.55,560.062
2025-11-08 08:33:00,161.55,161.72,161.53,161.72,548.002
2025-11-08 08:34:00,161.72,161.78,161.64,161.72,426.848
2025-11-08 08:35:00,161.71,161.81,161.66,161.79,782.737
2025-11-08 08:36:00,161.8,161.99,161.64,161.69,1565.608
2025-11-08 08:37:00,161.7,161.82,161.64,161.77,1135.095
2025-11-08 08:38:00,161.76,161.87,161.66,161.71,1101.155
2025-11-08 08:39:00,161.71,161.76,161.64,161.75,575.422
2025-11-08 08:40:00,161.76,161.88,161.73,161.88,958.317
2025-11-08 08:41:00,161.87,161.88,161.75,161.84,552.524
2025-11-08 08:42:00,161.84,161.87,161.68,161.68,1700.139
2025-11-08 08:43:00,161.68,161.76,161.6,161.67,1413.015
2025-11-08 08:44:00,161.66,161.8,161.62,161.8,1715.508
2025-11-08 08:45:00,161.79,161.79,161.69,161.7,1094.034
2025-11-08 08:46:00,161.7,161.72,161.6,161.72,2754.25
2025-11-08 08:47:00,161.72,161.92,161.66,161.91,1149.232
2025-11-08 08:48:00,161.92,162.07,161.7,161.7,1733.998
2025-11-08 08:49:00,161.71,161.79,161.69,161.72,621.912
2025-11-08 08:50:00,161.72,161.72,161.64,161.64,629.213
2025-11-08 08:51:00,161.64,161.79,161.6,161.78,445.035
2025-11-08 08:52:00,161.77,161.83,161.75,161.81,553.59
2025-11-08 08:53:00,161.82,161.88,161.71,161.78,1114.519
2025-11-08 08:54:00,161.78,161.78,161.63,161.7,1321.087
2025-11-08 08:55:00,161.7,161.7,161.67,161.69,449.199
2025-11-08 08:56:00,161.69,161.75,161.62,161.7,749.486
2025-11-08 08:57:00,161.69,161.74,161.67,161.72,544.631
2025-11-08 08:58:00,161.72,161.75,161.71,161.72,489.837
2025-11-08 08:59:00,161.73,161.76,161.56,161.56,1690.685
2025-11-08 09:00:00,161.57,161.57,161.14,161.17,15076.803
2025-11-08 09:01:00,161.17,161.24,161.15,161.24,1103.873
2025-11-08 09:02:00,161.24,161.36,161.2,161.31,4010.762
2025-11-08 09:03:00,161.31,161.36,161.26,161.31,909.117
2025-11-08 09:04:00,161.3,161.3,161.13,161.19,707.841
2025-11-08 09:05:00,161.19,161.2,161.08,161.09,1229.48
2025-11-08 09:06:00,161.09,161.32,161.09,161.17,798.245
2025-11-08 09:07:00,161.16,161.23,161.15,161.2,519.27
2025-11-08 09:08:00,161.19,161.2,161.09,161.12,502.887
2025-11-08 09:09:00,161.12,161.22,161.11,161.14,242.913
2025-11-08 09:10:00,161.14,161.25,161.14,161.25,624.973
2025-11-08 09:11:00,161.25,161.3,161.23,161.3,577.283
2025-11-08 09:12:00,161.3,161.34,161.25,161.33,312.551
2025-11-08 09:13:00,161.33,161.34,161.22,161.32,1122.276
2025-11-08 09:14:00,161.33,161.33,161.25,161.26,182.058
2025-11-08 09:15:00,161.26,161.63,161.15,161.54,3809.765
2025-11-08 09:16:00,161.53,161.63,161.46,161.52,512.607
2025-11-08 09:17:00,161.51,161.59,161.42,161.59,585.01
2025-11-08 09:18:00,161.58,161.83,161.58,161.81,322.402
2025-11-08 09:19:00,161.8,161.91,161.76,161.79,1485.123
2025-11-08 09:20:00,161.79,161.94,161.74,161.92,389.758
2025-11-08 09:21:00,161.91,161.92,161.74,161.87,946.217
2025-11-08 09:22:00,161.87,161.9,161.74,161.78,1193.834
2025-11-08 09:23:00,161.78,161.95,161.78,161.93,695.884
2025-11-08 09:24:00,161.94,161.95,161.87,161.88,450.673
2025-11-08 09:25:00,161.88,161.9,161.88,161.89,148.325
2025-11-08 09:26:00,161.88,162.13,161.86,162.07,1114.618
2025-11-08 09:27:00,162.07,162.08,161.95,161.98,613.179
2025-11-08 09:28:00,161.98,162.03,161.96,162.02,782.671
2025-11-08 09:29:00,162.03,162.09,162.01,162.01,460.256
2025-11-08 09:30:00,162.0,162.03,161.94,162.03,414.873
2025-11-08 09:31:00,162.03,162.19,162.01,162.19,763.89
2025-11-08 09:32:00,162.18,162.28,162.16,162.18,968.704
2025-11-08 09:33:00,162.17,162.22,162.14,162.17,435.351
2025-11-08 09:34:00,162.17,162.22,162.14,162.22,184.271
2025-11-08 09:35:00,162.21,162.31,162.21,162.28,299.978
2025-11-08 09:36:00,162.27,162.28,162.15,162.17,1060.583
2025-11-08 09:37:00,162.17,162.25,162.17,162.24,416.601
2025-11-08 09:38:00,162.23,162.34,162.23,162.32,1847.367
2025-11-08 09:39:00,162.31,162.33,162.12,162.12,1681.107
2025-11-08 09:40:00,162.12,162.15,162.03,162.08,850.096
2025-11-08 09:41:00,162.08,162.28,162.08,162.22,2363.186
2025-11-08 09:42:00,162.22,162.23,162.16,162.21,167.94
2025-11-08 09:43:00,162.2,162.21,161.89,161.89,1537.809
2025-11-08 09:44:00,161.9,162.0,161.87,161.93,933.006
2025-11-08 09:45:00,161.93,162.0,161.91,161.96,1328.263
2025-11-08 09:46:00,161.96,161.99,161.89,161.89,1081.024
2025-11-08 09:47:00,161.89,161.89,161.52,161.58,2404.935
2025-11-08 09:48:00,161.59,161.6,161.35,161.4,1927.779
2025-11-08 09:49:00,161.41,161.53,161.35,161.37,5262.961
2025-11-08 09:50:00,161.38,161.54,161.34,161.49,1090.414
2025-11-08 09:51:00,161.48,161.49,161.28,161.31,1349.628
2025-11-08 09:52:00,161.31,161.33,161.16,161.17,1463.381
2025-11-08 09:53:00,161.17,161.27,161.0,161.07,4111.58
2025-11-08 09:54:00,161.07,161.2,161.07,161.08,1451.165
2025-11-08 09:55:00,161.08,161.24,161.05,161.17,1348.853
2025-11-08 09:56:00,161.17,161.27,161.08,161.11,1350.651
2025-11-08 09:57:00,161.11,161.29,161.08,161.17,1455.462
2025-11-08 09:58:00,161.17,161.21,161.12,161.17,941.217
2025-11-08 09:59:00,161.17,161.2,161.13,161.13,1025.769
2025-11-08 10:00:00,161.13,161.13,160.87,160.88,1832.562
2025-11-08 10:01:00,160.87,160.98,160.85,160.97,2273.149
2025-11-08 10:02:00,160.97,161.08,160.92,161.03,655.884
2025-11-08 10:03:00,161.03,161.05,160.96,161.04,758.194
2025-11-08 10:04:00,161.05,161.17,161.04,161.07,927.066
2025-11-08 10:05:00,161.07,161.12,161.02,161.03,781.618
2025-11-08 10:06:00,161.02,161.02,160.94,161.0,241.726
2025-11-08 10:07:00,160.99,161.05,160.92,161.05,568.979
2025-11-08 10:08:00,161.05,161.12,160.83,160.83,690.954
2025-11-08 10:09:00,160.83,160.83,160.76,160.78,535.168
2025-11-08 10:10:00,160.77,160.92,160.76,160.86,640.983
2025-11-08 10:11:00,160.86,160.92,160.83,160.83,477.089
2025-11-08 10:12:00,160.84,160.84,160.7,160.72,711.191
2025-11-08 10:13:00,160.73,160.82,160.72,160.77,1005.148
2025-11-08 10:14:00,160.77,160.84,160.68,160.68,344.17
2025-11-08 10:15:00,160.69,160.85,160.57,160.81,1420.674
2025-11-08 10:16:00,160.81,160.91,160.6,160.65,1714.757
2025-11-08 10:17:00,160.64,160.8,160.56,160.59,872.84
2025-11-08 10:18:00,160.58,160.67,160.52,160.67,945.071
2025-11-08 10:19:00,160.67,160.81,160.67,160.7,621.657
2025-11-08 10:20:00,160.7,160.84,160.63,160.84,429.455
2025-11-08 10:21:00,160.83,160.93,160.77,160.83,995.068
2025-11-08 10:22:00,160.83,160.83,160.69,160.82,535.283
2025-11-08 10:23:00,160.82,160.82,160.7,160.71,598.571
2025-11-08 10:24:00,160.71,160.74,160.65,160.7,533.914
2025-11-08 10:25:00,160.7,160.95,160.65,160.87,1206.556
2025-11-08 10:26:00,160.87,161.0,160.87,160.96,946.98
2025-11-08 10:27:00,160.96,161.11,160.96,161.11,629.675
2025-11-08 10:28:00,161.1,161.25,161.08,161.12,7016.761
2025-11-08 10:29:00,161.12,161.12,161.06,161.11,860.282
2025-11-08 10:30:00,161.1,161.1,160.99,161.06,656.675
2025-11-08 10:31:00,161.06,161.07,160.95,160.99,481.03
2025-11-08 10:32:00,161.0,161.08,160.99,161.05,456.573
2025-11-08 10:33:00,161.05,161.1,161.05,161.06,445.8
2025-11-08 10:34:00,161.06,161.17,161.06,161.16,666.007
2025-11-08 10:35:00,161.16,161.16,160.95,160.95,679.227
2025-11-08 10:36:00,160.96,161.0,160.95,160.99,5531.495
2025-11-08 10:37:00,161.0,161.06,160.95,160.99,4774.345
2025-11-08 10:38:00,161.0,161.02,160.95,161.0,777.844
2025-11-08 10:39:00,161.0,161.08,161.0,161.04,856.765
2025-11-08 10:40:00,161.04,161.04,160.95,160.95,862.309
2025-11-08 10:41:00,160.95,161.01,160.9,161.01,6523.742
2025-11-08 10:42:00,161.01,161.01,160.66,160.75,1924.85
2025-11-08 10:43:00,160.75,160.8,160.72,160.79,1109.058
2025-11-08 10:44:00,160.8,160.83,160.74,160.78,404.846
2025-11-08 10:45:00,160.79,160.98,160.79,160.95,379.509
2025-11-08 10:46:00,160.95,161.04,160.91,160.96,1805.679
2025-11-08 10:47:00,160.95,161.13,160.95,161.01,3260.63
2025-11-08 10:48:00,161.0,161.04,160.92,160.95,1992.544
2025-11-08 10:49:00,160.94,160.96,160.88,160.91,534.231
2025-11-08 10:50:00,160.92,160.96,160.85,160.88,858.685
2025-11-08 10:51:00,160.89,160.94,160.79,160.94,581.289
2025-11-08 10:52:00,160.94,161.02,160.92,161.02,422.768
2025-11-08 10:53:00,161.02,161.08,161.01,161.04,380.148
2025-11-08 10:54:00,161.04,161.05,160.86,160.96,1191.18
2025-11-08 10:55:00,160.95,160.95,160.83,160.86,698.879
2025-11-08 10:56:00,160.86,160.98,160.85,160.97,594.167
2025-11-08 10:57:00,160.98,161.13,160.97,161.1,562.74
2025-11-08 10:58:00,161.1,161.12,161.0,161.04,737.068
2025-11-08 10:59:00,161.04,161.05,160.81,160.82,576.683
2025-11-08 11:00:00,160.83,160.83,160.5,160.5,2003.069
2025-11-08 11:01:00,160.5,160.69,160.47,160.69,1029.684
2025-11-08 11:02:00,160.68,160.82,160.68,160.77,859.473
2025-11-08 11:03:00,160.78,161.03,160.78,160.99,651.126
2025-11-08 11:04:00,160.99,161.02,160.68,160.73,2682.385
2025-11-08 11:05:00,160.74,160.98,160.71,160.94,1293.593
2025-11-08 11:06:00,160.94,160.98,160.82,160.96,963.419
2025-11-08 11:07:00,160.97,160.98,160.73,160.82,1719.445
2025-11-08 11:08:00,160.83,160.86,160.75,160.84,1022.035
2025-11-08 11:09:00,160.83,160.84,160.71,160.81,444.252
2025-11-08 11:10:00,160.82,160.98,160.82,160.92,398.289
2025-11-08 11:11:00,160.93,160.93,160.88,160.91,314.879
2025-11-08 11:12:00,160.92,161.05,160.92,161.0,230.844
2025-11-08 11:13:00,161.0,161.17,160.99,161.13,1541.83
2025-11-08 11:14:00,161.12,161.14,161.08,161.12,602.922
2025-11-08 11:15:00,161.12,161.12,160.85,160.85,1259.404
2025-11-08 11:16:00,160.85,160.86,160.73,160.8,3536.588
2025-11-08 11:17:00,160.81,160.85,160.7,160.83,5234.766
2025-11-08 11:18:00,160.84,161.06,160.84,161.06,265.88
2025-11-08 11:19:00,161.06,161.08,160.95,161.05,725.53
2025-11-08 11:20:00,161.06,161.06,161.0,161.04,1671.069
2025-11-08 11:21:00,161.04,161.18,161.03,161.03,956.124
2025-11-08 11:22:00,161.04,161.08,160.95,161.07,1705.368
2025-11-08 11:23:00,161.07,161.11,160.89,160.9,742.92
2025-11-08 11:24:00,160.9,160.9,160.75,160.85,3674.485
2025-11-08 11:25:00,160.86,160.87,160.72,160.87,4429.322
2025-11-08 11:26:00,160.87,160.88,160.81,160.87,2693.06
2025-11-08 11:27:00,160.86,161.01,160.81,160.98,1875.216
2025-11-08 11:28:00,160.97,160.97,160.87,160.97,1331.591
2025-11-08 11:29:00,160.98,161.05,160.95,161.01,550.421
2025-11-08 11:30:00,161.0,161.01,160.85,160.85,3907.461
2025-11-08 11:31:00,160.85,160.85,160.7,160.7,1184.718
2025-11-08 11:32:00,160.7,160.77,160.66,160.75,1378.279
2025-11-08 11:33:00,160.76,160.81,160.55,160.55,2109.93
2025-11-08 11:34:00,160.55,160.55,160.41,160.42,1086.436
2025-11-08 11:35:00,160.42,160.43,160.35,160.36,1409.114
2025-11-08 11:36:00,160.36,160.37,160.16,160.18,1487.369
2025-11-08 11:37:00,160.17,160.18,159.84,159.87,5560.472
2025-11-08 11:38:00,159.86,160.03,159.81,159.97,2549.646
2025-11-08 11:39:00,159.96,159.97,159.64,159.67,12561.425
2025-11-08 11:40:00,159.68,159.68,159.46,159.65,3071.423
2025-11-08 11:41:00,159.65,159.77,159.58,159.61,3171.662
2025-11-08 11:42:00,159.61,159.64,159.42,159.55,11549.719
2025-11-08 11:43:00,159.54,159.7,159.5,159.66,2349.27
2025-11-08 11:44:00,159.65,159.69,159.56,159.57,2002.077
2025-11-08 11:45:00,159.56,159.56,159.42,159.52,1292.017
2025-11-08 11:46:00,159.52,159.96,159.52,159.8,5968.481
2025-11-08 11:47:00,159.81,159.84,159.43,159.44,3493.456
2025-11-08 11:48:00,159.44,159.46,159.21,159.22,2795.562
2025-11-08 11:49:00,159.22,159.58,159.22,159.51,1792.732
2025-11-08 11:50:00,159.51,159.6,159.38,159.51,1505.398
2025-11-08 11:51:00,159.51,159.79,159.49,159.75,1508.368
2025-11-08 11:52:00,159.75,159.76,159.45,159.47,15325.493
2025-11-08 11:53:00,159.47,159.49,159.34,159.44,5194.102
2025-11-08 11:54:00,159.45,159.45,159.01,159.23,16662.269
2025-11-08 11:55:00,159.23,159.33,159.14,159.25,7730.494
2025-11-08 11:56:00,159.24,159.37,159.15,159.36,2452.14
2025-11-08 11:57:00,159.36,159.44,159.29,159.35,1842.258
2025-11-08 11:58:00,159.35,159.44,159.28,159.44,1766.636
2025-11-08 11:59:00,159.44,159.52,159.34,159.39,1395.334
2025-11-08 12:00:00,159.39,159.51,159.36,159.44,1593.176
2025-11-08 12:01:00,159.45,159.59,159.34,159.56,1950.098
2025-11-08 12:02:00,159.57,159.58,159.49,159.53,1168.508
2025-11-08 12:03:00,159.53,159.53,159.26,159.51,2976.207
2025-11-08 12:04:00,159.52,159.55,159.35,159.52,1327.66
2025-11-08 12:05:00,159.53,159.61,159.53,159.57,1329.966
2025-11-08 12:06:00,159.56,159.7,159.44,159.7,1409.91
2025-11-08 12:07:00,159.7,159.7,159.52,159.62,976.917
2025-11-08 12:08:00,159.62,159.63,159.49,159.51,1862.913
2025-11-08 12:09:00,159.51,159.58,159.51,159.55,602.441
2025-11-08 12:10:00,159.55,159.62,159.51,159.61,623.428
2025-11-08 12:11:00,159.61,159.65,159.53,159.6,762.51
2025-11-08 12:12:00,159.6,159.61,159.26,159.26,4609.79
2025-11-08 12:13:00,159.26,159.26,158.86,159.0,9653.991
2025-11-08 12:14:00,158.99,159.0,158.78,158.85,3178.144
2025-11-08 12:15:00,158.86,159.14,158.86,159.14,3217.837
2025-11-08 12:16:00,159.15,159.33,159.14,159.2,831.348
2025-11-08 12:17:00,159.2,159.26,159.04,159.16,1271.504
2025-11-08 12:18:00,159.16,159.24,159.12,159.24,755.084
2025-11-08 12:19:00,159.23,159.29,159.19,159.26,1104.507
2025-11-08 12:20:00,159.26,159.35,159.11,159.3,1353.148
2025-11-08 12:21:00,159.31,159.5,159.31,159.36,1058.648
2025-11-08 12:22:00,159.36,159.49,159.34,159.44,1133.859
2025-11-08 12:23:00,159.44,159.44,159.31,159.35,1059.343
2025-11-08 12:24:00,159.36,159.36,159.23,159.3,3289.996
2025-11-08 12:25:00,159.3,159.5,159.29,159.49,2778.1
2025-11-08 12:26:00,159.48,159.54,159.46,159.52,559.363
2025-11-08 12:27:00,159.52,159.63,159.46,159.63,1694.512
2025-11-08 12:28:00,159.64,159.7,159.64,159.67,789.445
2025-11-08 12:29:00,159.66,159.7,159.51,159.51,852.178
2025-11-08 12:30:00,159.52,159.54,159.43,159.46,466.717
2025-11-08 12:31:00,159.47,159.52,159.3,159.41,1570.9
2025-11-08 12:32:00,159.42,159.43,159.37,159.41,568.991
2025-11-08 12:33:00,159.4,159.41,159.34,159.38,577.956
2025-11-08 12:34:00,159.39,159.59,159.38,159.59,1297.391
2025-11-08 12:35:00,159.58,159.64,159.56,159.56,554.274
2025-11-08 12:36:00,159.57,159.69,159.57,159.64,676.905
2025-11-08 12:37:00,159.63,159.66,159.56,159.66,311.024
2025-11-08 12:38:00,159.65,159.65,159.56,159.57,423.088
2025-11-08 12:39:00,159.56,159.57,159.32,159.32,890.537
2025-11-08 12:40:00,159.33,159.44,159.32,159.43,1409.786
2025-11-08 12:41:00,159.44,159.44,159.39,159.41,415.774
2025-11-08 12:42:00,159.4,159.45,159.31,159.32,1879.431
2025-11-08 12:43:00,159.32,159.32,159.2,159.2,2191.734
2025-11-08 12:44:00,159.2,159.25,159.11,159.13,2408.024
2025-11-08 12:45:00,159.12,159.12,159.0,159.07,1827.089
2025-11-08 12:46:00,159.08,159.28,159.06,159.06,1245.161
2025-11-08 12:47:00,159.06,159.3,159.01,159.28,591.321
2025-11-08 12:48:00,159.28,159.34,159.17,159.2,1265.192
2025-11-08 12:49:00,159.2,159.25,159.1,159.17,1137.642
2025-11-08 12:50:00,159.17,159.3,159.17,159.26,809.559
2025-11-08 12:51:00,159.26,159.31,159.24,159.24,453.294
2025-11-08 12:52:00,159.24,159.28,159.1,159.11,823.087
2025-11-08 12:53:00,159.1,159.22,159.1,159.21,369.876
2025-11-08 12:54:00,159.22,159.22,159.15,159.16,510.88
2025-11-08 12:55:00,159.17,159.26,159.17,159.24,680.228
2025-11-08 12:56:00,159.23,159.32,159.22,159.31,358.285
2025-11-08 12:57:00,159.3,159.37,159.3,159.37,727.016
2025-11-08 12:58:00,159.37,159.56,159.36,159.43,2011.896
2025-11-08 12:59:00,159.42,159.44,159.35,159.43,290.305
2025-11-08 13:00:00,159.44,159.48,159.3,159.38,1797.647
2025-11-08 13:01:00,159.37,159.38,159.22,159.3,769.193
2025-11-08 13:02:00,159.3,159.35,159.23,159.23,393.879
2025-11-08 13:03:00,159.22,159.22,159.12,159.13,1052.962
2025-11-08 13:04:00,159.12,159.19,159.11,159.11,976.913
2025-11-08 13:05:00,159.11,159.12,158.82,158.83,2340.832
2025-11-08 13:06:00,158.83,158.84,158.4,158.56,11483.808
2025-11-08 13:07:00,158.55,158.76,158.34,158.71,17845.578
2025-11-08 13:08:00,158.7,159.03,158.7,159.03,2925.276
2025-11-08 13:09:00,159.03,159.03,158.85,158.97,549.766
2025-11-08 13:10:00,158.97,158.97,158.9,158.96,2492.664
2025-11-08 13:11:00,158.95,159.2,158.95,158.97,2777.157
2025-11-08 13:12:00,158.97,158.97,158.76,158.96,1690.971
2025-11-08 13:13:00,158.96,159.17,158.96,159.15,786.202
2025-11-08 13:14:00,159.14,159.22,159.08,159.1,1053.624
2025-11-08 13:15:00,159.1,159.14,158.88,158.9,1384.63
2025-11-08 13:16:00,158.9,159.03,158.78,158.79,2780.642
2025-11-08 13:17:00,158.79,158.89,158.72,158.8,1164.215
2025-11-08 13:18:00,158.8,159.13,158.75,159.12,2025.011
2025-11-08 13:19:00,159.11,159.19,158.99,159.08,2189.087
2025-11-08 13:20:00,159.08,159.08,158.95,158.95,456.999
2025-11-08 13:21:00,158.96,159.27,158.95,159.26,2164.476
2025-11-08 13:22:00,159.27,159.35,159.2,159.2,388.717
2025-11-08 13:23:00,159.2,159.21,159.1,159.13,1364.169
2025-11-08 13:24:00,159.12,159.22,159.07,159.1,1606.914
2025-11-08 13:25:00,159.1,159.22,159.02,159.17,1955.793
2025-11-08 13:26:00,159.17,159.17,159.03,159.04,479.121
2025-11-08 13:27:00,159.03,159.15,159.02,159.15,1607.36
2025-11-08 13:28:00,159.15,159.19,159.13,159.18,1031.763
2025-11-08 13:29:00,159.18,159.18,159.13,159.15,934.958
2025-11-08 13:30:00,159.14,159.14,158.95,158.96,1732.156
2025-11-08 13:31:00,158.95,158.96,158.65,158.86,2319.16
2025-11-08 13:32:00,158.85,158.88,158.61,158.64,1846.209
2025-11-08 13:33:00,158.65,158.67,158.39,158.47,3547.22
2025-11-08 13:34:00,158.46,158.7,158.44,158.69,3013.662
2025-11-08 13:35:00,158.68,159.04,158.65,158.92,1733.529
2025-11-08 13:36:00,158.91,159.15,158.88,159.15,1147.172
2025-11-08 13:37:00,159.15,159.19,159.04,159.12,1795.737
2025-11-08 13:38:00,159.12,159.21,159.0,159.01,672.978
2025-11-08 13:39:00,159.0,159.14,158.98,159.02,2055.532
2025-11-08 13:40:00,159.02,159.07,158.92,159.06,2272.148
2025-11-08 13:41:00,159.05,159.32,159.0,159.3,1200.838
2025-11-08 13:42:00,159.3,159.42,159.29,159.29,542.596
2025-11-08 13:43:00,159.3,159.36,159.25,159.27,1920.301
2025-11-08 13:44:00,159.27,159.34,159.12,159.18,1575.011
2025-11-08 13:45:00,159.17,159.23,159.07,159.14,1627.068
2025-11-08 13:46:00,159.14,159.14,159.01,159.06,587.148
2025-11-08 13:47:00,159.05,159.16,159.03,159.08,2094.633
2025-11-08 13:48:00,159.08,159.08,158.76,158.77,703.553
2025-11-08 13:49:00,158.76,158.87,158.68,158.86,1850.189
2025-11-08 13:50:00,158.85,158.94,158.83,158.83,1059.641
2025-11-08 13:51:00,158.83,158.84,158.72,158.72,431.371
2025-11-08 13:52:00,158.73,158.78,158.71,158.71,562.123
2025-11-08 13:53:00,158.71,158.72,158.51,158.62,3045.899
2025-11-08 13:54:00,158.62,158.66,158.46,158.58,2817.109
2025-11-08 13:55:00,158.59,158.62,158.36,158.38,2591.76
2025-11-08 13:56:00,158.37,158.47,158.23,158.47,5363.436
2025-11-08 13:57:00,158.47,158.47,158.3,158.34,699.477
2025-11-08 13:58:00,158.35,158.39,158.22,158.24,1599.004
2025-11-08 13:59:00,158.24,158.28,158.12,158.21,4816.292
2025-11-08 14:00:00,158.22,158.29,158.14,158.29,1993.32
2025-11-08 14:01:00,158.29,158.46,158.26,158.26,5257.997
2025-11-08 14:02:00,158.26,158.4,158.13,158.33,1611.888
2025-11-08 14:03:00,158.33,158.53,158.25,158.25,1739.469
2025-11-08 14:04:00,158.25,158.25,157.99,158.11,4928.217
2025-11-08 14:05:00,158.1,158.11,157.87,158.04,2998.671
2025-11-08 14:06:00,158.05,158.13,157.9,158.04,2780.896
2025-11-08 14:07:00,158.05,158.11,157.75,157.85,9443.308
2025-11-08 14:08:00,157.84,157.84,157.54,157.58,3536.495
2025-11-08 14:09:00,157.59,157.65,157.5,157.55,3522.097
2025-11-08 14:10:00,157.56,157.86,157.5,157.54,5489.011
2025-11-08 14:11:00,157.54,157.54,157.18,157.34,5816.084
2025-11-08 14:12:00,157.34,157.59,157.21,157.55,8002.835
2025-11-08 14:13:00,157.54,157.54,157.24,157.31,2149.767
2025-11-08 14:14:00,157.31,157.39,157.24,157.31,2305.396
2025-11-08 14:15:00,157.31,157.49,157.28,157.31,2305.811
2025-11-08 14:16:00,157.31,157.48,157.3,157.46,1638.238
2025-11-08 14:17:00,157.46,157.46,157.2,157.25,1640.899
2025-11-08 14:18:00,157.25,157.33,156.87,156.93,14365.525
2025-11-08 14:19:00,156.92,156.95,156.8,156.84,5557.933
2025-11-08 14:20:00,156.85,157.36,156.85,157.29,10313.316
2025-11-08 14:21:00,157.28,157.34,157.1,157.15,5718.16
2025-11-08 14:22:00,157.16,157.34,157.08,157.34,2199.093
2025-11-08 14:23:00,157.35,157.39,157.25,157.31,2447.646
2025-11-08 14:24:00,157.32,157.36,157.17,157.2,1715.072
2025-11-08 14:25:00,157.2,157.45,157.19,157.45,2198.449
2025-11-08 14:26:00,157.45,157.49,157.35,157.47,2909.431
2025-11-08 14:27:00,157.47,157.65,157.42,157.52,1942.572
2025-11-08 14:28:00,157.52,157.53,157.32,157.32,438.835
2025-11-08 14:29:00,157.32,157.39,157.29,157.38,1495.791
2025-11-08 14:30:00,157.37,157.57,157.35,157.53,2983.675
2025-11-08 14:31:00,157.53,157.54,157.3,157.36,1027.761
2025-11-08 14:32:00,157.36,157.48,157.34,157.44,2938.509
2025-11-08 14:33:00,157.44,157.77,157.42,157.77,2299.586
2025-11-08 14:34:00,157.77,158.18,157.75,157.97,3011.768
2025-11-08 14:35:00,157.97,158.05,157.85,157.89,1476.818
2025-11-08 14:36:00,157.88,157.96,157.76,157.77,1400.819
2025-11-08 14:37:00,157.77,157.86,157.62,157.83,1409.438
2025-11-08 14:38:00,157.83,157.95,157.75,157.95,4187.67
2025-11-08 14:39:00,157.95,158.16,157.77,157.81,6076.878
2025-11-08 14:40:00,157.8,157.85,157.66,157.83,3002.991
2025-11-08 14:41:00,157.82,158.02,157.7,158.02,2350.876
2025-11-08 14:42:00,158.03,158.08,157.88,157.89,393.08
2025-11-08 14:43:00,157.88,157.92,157.84,157.86,1111.244
2025-11-08 14:44:00,157.86,157.86,157.63,157.66,1844.808
2025-11-08 14:45:00,157.65,157.71,157.59,157.64,1912.56
2025-11-08 14:46:00,157.64,157.79,157.58,157.61,1924.325
2025-11-08 14:47:00,157.62,157.64,157.45,157.55,2500.091
2025-11-08 14:48:00,157.55,157.59,157.49,157.55,403.586
2025-11-08 14:49:00,157.56,157.78,157.55,157.7,1752.013
2025-11-08 14:50:00,157.7,157.94,157.68,157.94,1393.654
2025-11-08 14:51:00,157.94,158.0,157.86,157.88,894.286
2025-11-08 14:52:00,157.88,157.97,157.85,157.94,1053.325
2025-11-08 14:53:00,157.93,157.93,157.63,157.63,1628.532
2025-11-08 14:54:00,157.63,157.78,157.63,157.71,1249.484
2025-11-08 14:55:00,157.7,157.87,157.7,157.85,2185.28
2025-11-08 14:56:00,157.84,157.85,157.78,157.83,919.102
2025-11-08 14:57:00,157.82,157.82,157.76,157.78,667.243
2025-11-08 14:58:00,157.78,157.78,157.68,157.72,984.601
2025-11-08 14:59:00,157.72,157.72,157.66,157.67,703.549
2025-11-08 15:00:00,157.67,157.74,157.53,157.57,1766.106
2025-11-08 15:01:00,157.57,157.63,157.42,157.54,1469.172
2025-11-08 15:02:00,157.54,157.77,157.54,157.69,1474.249
2025-11-08 15:03:00,157.69,157.83,157.67,157.78,1221.089
2025-11-08 15:04:00,157.78,157.8,157.59,157.59,1660.793
2025-11-08 15:05:00,157.6,157.67,157.48,157.49,3557.464
2025-11-08 15:06:00,157.49,157.53,157.37,157.42,4683.127
2025-11-08 15:07:00,157.43,157.5,157.39,157.5,2725.658
2025-11-08 15:08:00,157.5,157.53,157.47,157.51,791.54
2025-11-08 15:09:00,157.51,157.51,157.4,157.4,782.559
2025-11-08 15:10:00,157.4,157.49,157.4,157.43,1692.008
2025-11-08 15:11:00,157.44,157.47,157.29,157.29,6874.94
2025-11-08 15:12:00,157.3,157.3,157.13,157.15,1594.682
2025-11-08 15:13:00,157.15,157.21,157.13,157.14,1620.621
2025-11-08 15:14:00,157.14,157.32,157.12,157.32,1262.979
2025-11-08 15:15:00,157.32,157.55,157.32,157.42,810.939
2025-11-08 15:16:00,157.42,157.56,157.19,157.2,3874.106
2025-11-08 15:17:00,157.2,157.2,156.9,156.96,5148.984
2025-11-08 15:18:00,156.95,156.95,156.45,156.51,20623.452
2025-11-08 15:19:00,156.52,156.62,156.4,156.47,6858.783
2025-11-08 15:20:00,156.47,156.56,156.31,156.4,3047.823
2025-11-08 15:21:00,156.4,156.46,156.2,156.31,4392.796
2025-11-08 15:22:00,156.31,156.44,156.17,156.25,1924.012
2025-11-08 15:23:00,156.24,156.6,156.2,156.39,3909.691
2025-11-08 15:24:00,156.39,156.4,156.08,156.21,4357.511
2025-11-08 15:25:00,156.22,156.37,156.21,156.37,4077.547
2025-11-08 15:26:00,156.36,156.48,156.33,156.42,1446.565
2025-11-08 15:27:00,156.43,156.53,156.38,156.52,1904.449
2025-11-08 15:28:00,156.52,156.56,156.4,156.44,1311.981
2025-11-08 15:29:00,156.44,156.59,156.43,156.57,1606.893
2025-11-08 15:30:00,156.56,156.7,156.54,156.56,1809.361
2025-11-08 15:31:00,156.55,156.64,156.42,156.62,1927.884
2025-11-08 15:32:00,156.61,156.71,156.5,156.71,1325.172
2025-11-08 15:33:00,156.71,156.86,156.71,156.81,2170.104
2025-11-08 15:34:00,156.8,156.85,156.29,156.31,1114.239
2025-11-08 15:35:00,156.31,156.36,156.22,156.22,1013.402
2025-11-08 15:36:00,156.22,156.37,156.11,156.34,3851.853
2025-11-08 15:37:00,156.34,156.62,156.33,156.55,2395.343
2025-11-08 15:38:00,156.56,156.67,156.55,156.61,3835.223
2025-11-08 15:39:00,156.62,156.72,156.56,156.58,3404.887
2025-11-08 15:40:00,156.58,156.58,156.27,156.29,1714.079
2025-11-08 15:41:00,156.29,156.41,156.08,156.29,23006.651
2025-11-08 15:42:00,156.3,156.44,156.25,156.26,3014.136
2025-11-08 15:43:00,156.26,156.26,156.12,156.13,3142.733
2025-11-08 15:44:00,156.13,156.24,155.9,156.24,4761.233
2025-11-08 15:45:00,156.25,156.31,156.04,156.16,2283.699
2025-11-08 15:46:00,156.15,156.26,156.08,156.23,1171.17
2025-11-08 15:47:00,156.23,156.44,156.18,156.37,1213.269
2025-11-08 15:48:00,156.37,156.62,156.32,156.59,2233.394
2025-11-08 15:49:00,156.59,156.75,156.59,156.7,2107.142
2025-11-08 15:50:00,156.69,156.81,156.59,156.64,1420.234
2025-11-08 15:51:00,156.64,156.74,156.54,156.54,1528.564
2025-11-08 15:52:00,156.55,156.72,156.52,156.69,1544.104
2025-11-08 15:53:00,156.69,156.81,156.65,156.68,2419.773
2025-11-08 15:54:00,156.68,156.72,156.55,156.59,2060.481
2025-11-08 15:55:00,156.58,156.69,156.54,156.57,2015.057
2025-11-08 15:56:00,156.57,156.58,156.48,156.48,850.284
2025-11-08 15:57:00,156.49,156.53,156.37,156.45,4351.175
2025-11-08 15:58:00,156.45,156.52,156.44,156.48,1865.861
2025-11-08 15:59:00,156.48,156.65,156.47,156.65,2236.953
2025-11-08 16:00:00,156.65,156.76,156.59,156.76,1760.598
2025-11-08 16:01:00,156.76,156.76,156.61,156.63,2289.483
2025-11-08 16:02:00,156.63,156.65,156.47,156.47,1055.334
2025-11-08 16:03:00,156.47,156.52,156.32,156.33,1251.87
2025-11-08 16:04:00,156.32,156.52,156.17,156.52,3787.227
2025-11-08 16:05:00,156.53,156.87,156.53,156.68,4722.594
2025-11-08 16:06:00,156.68,156.69,156.51,156.59,790.793
2025-11-08 16:07:00,156.58,156.58,156.16,156.27,1860.728
2025-11-08 16:08:00,156.26,156.27,155.98,156.06,3003.797
2025-11-08 16:09:00,156.05,156.18,155.8,156.14,3497.263
2025-11-08 16:10:00,156.15,156.38,156.11,156.33,1543.334
2025-11-08 16:11:00,156.33,156.49,156.3,156.34,1593.457
2025-11-08 16:12:00,156.34,156.73,156.29,156.68,2078.064
2025-11-08 16:13:00,156.67,156.91,156.66,156.83,2602.62
2025-11-08 16:14:00,156.84,157.19,156.78,157.03,7149.729
2025-11-08 16:15:00,157.02,157.28,156.93,157.1,3328.725
2025-11-08 16:16:00,157.09,157.1,156.92,157.05,17246.067
2025-11-08 16:17:00,157.04,157.08,156.89,157.0,9769.868
2025-11-08 16:18:00,156.99,156.99,156.81,156.83,876.426
2025-11-08 16:19:00,156.83,156.83,156.53,156.61,1338.845
2025-11-08 16:20:00,156.61,156.63,156.24,156.28,5125.678
2025-11-08 16:21:00,156.28,156.53,156.25,156.49,1553.583
2025-11-08 16:22:00,156.48,156.65,156.41,156.48,1002.073
2025-11-08 16:23:00,156.48,156.56,156.43,156.56,1281.043
2025-11-08 16:24:00,156.56,156.97,156.56,156.87,3870.082
2025-11-08 16:25:00,156.87,157.13,156.86,157.08,550.406
2025-11-08 16:26:00,157.09,157.09,156.94,156.96,2322.362
2025-11-08 16:27:00,156.97,157.03,156.96,156.96,540.022
2025-11-08 16:28:00,156.96,157.05,156.88,156.91,1229.113
2025-11-08 16:29:00,156.9,157.0,156.75,156.94,1409.339
2025-11-08 16:30:00,156.94,157.0,156.78,156.93,1496.811
2025-11-08 16:31:00,156.93,156.94,156.77,156.81,421.353
2025-11-08 16:32:00,156.8,156.83,156.69,156.79,2194.381
2025-11-08 16:33:00,156.78,156.95,156.77,156.81,508.483
2025-11-08 16:34:00,156.8,157.02,156.8,156.99,1357.397
2025-11-08 16:35:00,157.0,157.21,156.94,157.21,622.98
2025-11-08 16:36:00,157.2,157.38,157.14,157.19,2467.307
2025-11-08 16:37:00,157.19,157.24,157.07,157.2,1277.267
2025-11-08 16:38:00,157.2,157.34,157.2,157.32,820.648
2025-11-08 16:39:00,157.32,157.32,157.14,157.29,1185.749
2025-11-08 16:40:00,157.29,157.31,157.04,157.1,1013.289
2025-11-08 16:41:00,157.09,157.2,157.06,157.13,957.009
2025-11-08 16:42:00,157.12,157.16,157.07,157.09,595.742
2025-11-08 16:43:00,157.1,157.1,157.0,157.01,2208.157
2025-11-08 16:44:00,157.0,157.04,156.76,156.79,1881.735
2025-11-08 16:45:00,156.79,156.83,156.63,156.7,1124.382
2025-11-08 16:46:00,156.7,156.78,156.63,156.67,956.707
2025-11-08 16:47:00,156.66,156.74,156.57,156.74,947.476
2025-11-08 16:48:00,156.74,156.74,156.57,156.7,2632.676
2025-11-08 16:49:00,156.71,156.96,156.71,156.71,1122.613
2025-11-08 16:50:00,156.71,156.76,156.55,156.62,686.485
2025-11-08 16:51:00,156.61,156.7,156.5,156.66,1827.494
2025-11-08 16:52:00,156.66,156.8,156.19,156.35,4918.615
2025-11-08 16:53:00,156.34,156.46,156.13,156.46,1653.1
2025-11-08 16:54:00,156.46,156.5,156.3,156.36,1707.442
2025-11-08 16:55:00,156.36,156.53,156.23,156.53,3112.118
2025-11-08 16:56:00,156.52,156.55,156.43,156.47,735.949
2025-11-08 16:57:00,156.47,156.6,156.39,156.58,1602.966
2025-11-08 16:58:00,156.58,156.69,156.55,156.69,1026.301
2025-11-08 16:59:00,156.69,156.87,156.69,156.76,888.888
2025-11-08 17:00:00,156.75,156.78,156.6,156.78,810.379
2025-11-08 17:01:00,156.78,156.8,156.58,156.66,472.061
2025-11-08 17:02:00,156.66,156.77,156.6,156.63,950.845
2025-11-08 17:03:00,156.63,156.77,156.51,156.69,2447.755
2025-11-08 17:04:00,156.69,156.87,156.63,156.85,600.818
2025-11-08 17:05:00,156.84,156.85,156.73,156.8,341.162
2025-11-08 17:06:00,156.8,156.87,156.51,156.53,1833.898
2025-11-08 17:07:00,156.53,156.55,156.25,156.27,2400.061
2025-11-08 17:08:00,156.28,156.32,156.03,156.18,6018.401
2025-11-08 17:09:00,156.18,156.36,156.1,156.3,1577.29
2025-11-08 17:10:00,156.3,156.36,156.19,156.21,429.039
2025-11-08 17:11:00,156.22,156.45,156.18,156.44,1029.719
2025-11-08 17:12:00,156.45,156.54,156.39,156.45,1011.678
2025-11-08 17:13:00,156.45,156.5,156.36,156.39,557.709
2025-11-08 17:14:00,156.4,156.43,156.29,156.33,364.245
2025-11-08 17:15:00,156.34,156.47,156.34,156.43,495.671
2025-11-08 17:16:00,156.43,156.79,156.43,156.6,1142.593
2025-11-08 17:17:00,156.59,156.65,156.47,156.47,777.283
2025-11-08 17:18:00,156.48,156.62,156.48,156.51,278.76
2025-11-08 17:19:00,156.52,156.79,156.52,156.73,697.014
2025-11-08 17:20:00,156.73,156.9,156.73,156.85,1614.951
2025-11-08 17:21:00,156.85,157.03,156.85,156.98,2150.227
2025-11-08 17:22:00,156.99,157.09,156.89,157.06,1844.157
2025-11-08 17:23:00,157.06,157.35,157.04,157.35,3076.076
2025-11-08 17:24:00,157.34,157.35,157.11,157.11,1511.412
2025-11-08 17:25:00,157.1,157.23,157.1,157.16,954.815
2025-11-08 17:26:00,157.16,157.35,157.16,157.32,919.991
2025-11-08 17:27:00,157.32,157.37,157.11,157.22,2212.6
2025-11-08 17:28:00,157.22,157.22,157.07,157.08,190.07
2025-11-08 17:29:00,157.08,157.15,157.08,157.11,353.143
2025-11-08 17:30:00,157.11,157.13,157.05,157.12,517.824
2025-11-08 17:31:00,157.13,157.16,156.95,157.1,615.028
2025-11-08 17:32:00,157.1,157.26,157.09,157.26,974.16
2025-11-08 17:33:00,157.26,157.32,157.21,157.3,599.314
2025-11-08 17:34:00,157.3,157.46,157.29,157.45,969.153
2025-11-08 17:35:00,157.46,157.48,157.28,157.28,2071.554
2025-11-08 17:36:00,157.29,157.29,157.1,157.14,730.225
2025-11-08 17:37:00,157.15,157.35,157.15,157.28,606.396
2025-11-08 17:38:00,157.28,157.32,157.15,157.2,745.111
2025-11-08 17:39:00,157.19,157.34,157.19,157.25,349.158
2025-11-08 17:40:00,157.25,157.43,157.25,157.38,3118.618
2025-11-08 17:41:00,157.38,157.54,157.38,157.45,693.559
2025-11-08 17:42:00,157.45,157.56,157.44,157.45,924.016
2025-11-08 17:43:00,157.44,157.51,157.42,157.45,459.179
2025-11-08 17:44:00,157.45,157.49,157.42,157.48,573.182
2025-11-08 17:45:00,157.47,157.47,157.32,157.37,276.302
2025-11-08 17:46:00,157.38,157.38,157.27,157.29,342.267
2025-11-08 17:47:00,157.28,157.39,157.28,157.38,507.63
2025-11-08 17:48:00,157.39,157.61,157.38,157.55,1496.045
2025-11-08 17:49:00,157.54,157.55,157.49,157.54,1326.62
2025-11-08 17:50:00,157.54,157.54,157.42,157.44,371.698
2025-11-08 17:51:00,157.44,157.47,157.34,157.38,676.236
2025-11-08 17:52:00,157.38,157.46,157.31,157.31,713.014
2025-11-08 17:53:00,157.3,157.43,157.2,157.43,819.239
2025-11-08 17:54:00,157.43,157.56,157.4,157.51,2198.638
2025-11-08 17:55:00,157.51,157.62,157.5,157.61,3033.596
2025-11-08 17:56:00,157.61,157.67,157.49,157.51,1007.316
2025-11-08 17:57:00,157.52,157.69,157.47,157.6,4363.371
2025-11-08 17:58:00,157.59,157.68,157.58,157.58,1178.79
2025-11-08 17:59:00,157.59,157.6,157.56,157.6,544.28
2025-11-08 18:00:00,157.59,157.59,157.33,157.38,2019.794
2025-11-08 18:01:00,157.38,157.53,157.37,157.45,1406.783
2025-11-08 18:02:00,157.44,157.46,157.31,157.41,1063.178
2025-11-08 18:03:00,157.41,157.47,157.35,157.41,693.086
2025-11-08 18:04:00,157.41,157.5,157.39,157.44,626.356
2025-11-08 18:05:00,157.44,157.44,157.32,157.33,568.731
2025-11-08 18:06:00,157.32,157.41,157.3,157.36,387.622
2025-11-08 18:07:00,157.37,157.37,157.25,157.26,419.194
2025-11-08 18:08:00,157.26,157.49,157.26,157.38,661.485
2025-11-08 18:09:00,157.38,157.43,157.33,157.42,205.162
2025-11-08 18:10:00,157.43,157.66,157.42,157.65,880.592
2025-11-08 18:11:00,157.66,157.71,157.63,157.71,897.46
2025-11-08 18:12:00,157.7,157.7,157.44,157.44,2911.159
2025-11-08 18:13:00,157.45,157.67,157.45,157.66,397.63
2025-11-08 18:14:00,157.66,157.75,157.62,157.62,596.661
2025-11-08 18:15:00,157.63,157.64,157.41,157.41,582.573
2025-11-08 18:16:00,157.41,157.47,157.4,157.44,602.409
2025-11-08 18:17:00,157.43,157.53,157.41,157.44,204.834
2025-11-08 18:18:00,157.45,157.47,157.33,157.39,353.868
2025-11-08 18:19:00,157.39,157.46,157.39,157.4,340.247
2025-11-08 18:20:00,157.4,157.4,157.13,157.13,1717.343
2025-11-08 18:21:00,157.13,157.25,157.06,157.25,974.086
2025-11-08 18:22:00,157.26,157.26,157.12,157.15,656.012
2025-11-08 18:23:00,157.15,157.22,157.1,157.1,343.837
2025-11-08 18:24:00,157.11,157.15,157.04,157.04,223.829
2025-11-08 18:25:00,157.05,157.11,157.03,157.07,878.778
2025-11-08 18:26:00,157.06,157.07,156.99,157.0,1701.464
2025-11-08 18:27:00,157.0,157.07,156.94,157.07,590.653
2025-11-08 18:28:00,157.07,157.17,157.07,157.16,406.285
2025-11-08 18:29:00,157.16,157.19,157.12,157.18,402.193
2025-11-08 18:30:00,157.18,157.74,157.18,157.7,1258.733
2025-11-08 18:31:00,157.7,157.8,157.6,157.64,2010.703
2025-11-08 18:32:00,157.65,157.74,157.65,157.72,564.258
2025-11-08 18:33:00,157.72,157.76,157.64,157.66,2446.468
2025-11-08 18:34:00,157.66,157.68,157.53,157.61,1269.024
2025-11-08 18:35:00,157.62,157.63,157.55,157.58,957.367
2025-11-08 18:36:00,157.59,157.59,157.33,157.37,1213.729
2025-11-08 18:37:00,157.38,157.52,157.36,157.52,1784.399
2025-11-08 18:38:00,157.52,157.67,157.48,157.67,951.31
2025-11-08 18:39:00,157.66,157.81,157.65,157.8,1890.726
2025-11-08 18:40:00,157.8,157.89,157.75,157.83,1403.896
2025-11-08 18:41:00,157.83,157.84,157.72,157.72,2936.241
2025-11-08 18:42:00,157.72,157.73,157.67,157.69,1063.035
2025-11-08 18:43:00,157.7,157.78,157.69,157.73,2013.273
2025-11-08 18:44:00,157.72,157.78,157.67,157.78,1297.425
2025-11-08 18:45:00,157.78,157.93,157.77,157.84,2666.557
2025-11-08 18:46:00,157.85,157.92,157.83,157.85,1444.046
2025-11-08 18:47:00,157.86,157.91,157.76,157.9,1744.982
2025-11-08 18:48:00,157.9,157.98,157.86,157.88,3543.047
2025-11-08 18:49:00,157.88,158.0,157.83,157.99,861.875
2025-11-08 18:50:00,157.99,158.07,157.97,158.05,3549.804
2025-11-08 18:51:00,158.06,158.07,157.99,158.03,1859.064
2025-11-08 18:52:00,158.02,158.09,158.02,158.09,2089.332
2025-11-08 18:53:00,158.08,158.1,158.06,158.1,2360.377
2025-11-08 18:54:00,158.1,158.14,158.08,158.09,1524.892
2025-11-08 18:55:00,158.09,158.09,158.02,158.06,1483.728
2025-11-08 18:56:00,158.07,158.11,158.02,158.07,1577.564
2025-11-08 18:57:00,158.07,158.15,158.03,158.14,618.127
2025-11-08 18:58:00,158.14,158.18,158.07,158.13,3039.365
2025-11-08 18:59:00,158.12,158.13,157.94,157.96,1921.374
2025-11-08 19:00:00,157.95,157.95,157.72,157.85,2435.48
2025-11-08 19:01:00,157.84,157.84,157.69,157.76,1436.231
2025-11-08 19:02:00,157.75,157.81,157.71,157.72,1093.229
2025-11-08 19:03:00,157.73,157.8,157.72,157.77,864.92
2025-11-08 19:04:00,157.78,157.94,157.77,157.94,639.555
2025-11-08 19:05:00,157.93,157.94,157.83,157.93,827.61
2025-11-08 19:06:00,157.93,158.04,157.93,158.02,1628.574
2025-11-08 19:07:00,158.02,158.02,157.82,157.88,2762.178
2025-11-08 19:08:00,157.87,158.04,157.87,158.02,946.637
2025-11-08 19:09:00,158.02,158.03,157.85,157.86,876.313
2025-11-08 19:10:00,157.86,157.92,157.85,157.91,1771.608
2025-11-08 19:11:00,157.9,157.91,157.75,157.76,2587.96
2025-11-08 19:12:00,157.75,157.86,157.75,157.86,1713.337
2025-11-08 19:13:00,157.86,157.95,157.86,157.88,454.947
2025-11-08 19:14:00,157.87,157.9,157.86,157.87,1459.436
2025-11-08 19:15:00,157.87,157.91,157.81,157.81,1840.259
2025-11-08 19:16:00,157.81,157.82,157.68,157.76,1051.539
2025-11-08 19:17:00,157.76,157.76,157.64,157.66,1728.128
2025-11-08 19:18:00,157.66,157.67,157.39,157.39,2304.803
2025-11-08 19:19:00,157.39,157.39,157.13,157.23,3127.32
2025-11-08 19:20:00,157.23,157.24,157.06,157.13,1853.591
2025-11-08 19:21:00,157.13,157.15,156.73,156.76,6051.624
2025-11-08 19:22:00,156.75,156.76,156.47,156.48,2697.077
2025-11-08 19:23:00,156.49,156.52,156.3,156.37,2981.57
2025-11-08 19:24:00,156.37,156.42,156.22,156.36,3547.052
2025-11-08 19:25:00,156.35,156.62,156.29,156.57,1842.527
2025-11-08 19:26:00,156.57,156.62,156.42,156.56,1275.606
2025-11-08 19:27:00,156.56,156.59,156.54,156.58,1335.433
2025-11-08 19:28:00,156.57,156.65,156.54,156.57,687.923
2025-11-08 19:29:00,156.58,156.69,156.57,156.65,597.735
2025-11-08 19:30:00,156.66,156.66,156.43,156.44,865.429
2025-11-08 19:31:00,156.43,156.73,156.35,156.73,2072.572
2025-11-08 19:32:00,156.73,156.77,156.59,156.61,1460.842
2025-11-08 19:33:00,156.61,156.71,156.51,156.51,1235.34
2025-11-08 19:34:00,156.51,156.69,156.48,156.64,1134.489
2025-11-08 19:35:00,156.63,156.73,156.55,156.73,739.41
2025-11-08 19:36:00,156.72,156.85,156.68,156.76,571.294
2025-11-08 19:37:00,156.76,156.87,156.69,156.87,1369.267
2025-11-08 19:38:00,156.87,156.96,156.86,156.94,1064.763
2025-11-08 19:39:00,156.94,157.11,156.91,157.11,1962.741
2025-11-08 19:40:00,157.11,157.32,157.11,157.31,878.287
2025-11-08 19:41:00,157.31,157.43,157.27,157.3,2150.179
2025-11-08 19:42:00,157.31,157.35,157.3,157.33,849.103
2025-11-08 19:43:00,157.33,157.37,157.32,157.37,318.607
2025-11-08 19:44:00,157.37,157.4,157.34,157.38,1018.428
2025-11-08 19:45:00,157.37,157.51,157.37,157.5,1072.225
2025-11-08 19:46:00,157.5,157.54,157.5,157.52,1590.62
2025-11-08 19:47:00,157.52,157.53,157.15,157.23,3397.178
2025-11-08 19:48:00,157.23,157.24,157.08,157.11,1425.924
2025-11-08 19:49:00,157.1,157.22,157.09,157.2,1116.879
2025-11-08 19:50:00,157.2,157.25,157.16,157.25,1217.998
2025-11-08 19:51:00,157.24,157.25,157.19,157.25,1423.845
2025-11-08 19:52:00,157.25,157.35,157.24,157.25,1773.691
2025-11-08 19:53:00,157.25,157.29,157.2,157.27,1661.05
2025-11-08 19:54:00,157.27,157.31,157.22,157.22,1651.359
2025-11-08 19:55:00,157.22,157.25,157.2,157.23,433.856
2025-11-08 19:56:00,157.23,157.29,157.13,157.29,1336.561
2025-11-08 19:57:00,157.29,157.33,157.25,157.33,519.969
2025-11-08 19:58:00,157.33,157.43,157.32,157.43,255.733
2025-11-08 19:59:00,157.43,157.5,157.36,157.36,1634.743
2025-11-08 20:00:00,157.36,157.47,157.36,157.44,3912.746
2025-11-08 20:01:00,157.44,157.49,157.31,157.43,1515.43
2025-11-08 20:02:00,157.43,157.59,157.43,157.5,1958.05
2025-11-08 20:03:00,157.51,157.6,157.48,157.6,490.627
2025-11-08 20:04:00,157.6,157.6,157.53,157.58,550.505
2025-11-08 20:05:00,157.58,157.75,157.5,157.5,1134.411
2025-11-08 20:06:00,157.5,157.5,157.4,157.41,943.269
2025-11-08 20:07:00,157.41,157.48,157.38,157.47,1063.67
2025-11-08 20:08:00,157.47,157.51,157.34,157.41,948.517
2025-11-08 20:09:00,157.41,157.47,157.4,157.44,490.436
2025-11-08 20:10:00,157.44,157.45,157.33,157.4,1317.899
2025-11-08 20:11:00,157.4,157.6,157.39,157.58,303.638
2025-11-08 20:12:00,157.59,157.61,157.4,157.44,1415.792
2025-11-08 20:13:00,157.44,157.5,157.24,157.25,992.769
2025-11-08 20:14:00,157.25,157.34,157.22,157.32,1266.167
2025-11-08 20:15:00,157.32,157.33,157.24,157.24,621.534
2025-11-08 20:16:00,157.24,157.45,157.24,157.45,1013.288
2025-11-08 20:17:00,157.45,157.59,157.44,157.59,432.919
2025-11-08 20:18:00,157.58,157.73,157.56,157.73,498.013
2025-11-08 20:19:00,157.72,157.81,157.71,157.81,762.982
2025-11-08 20:20:00,157.82,157.84,157.71,157.71,1076.404
2025-11-08 20:21:00,157.7,157.7,157.47,157.55,525.792
2025-11-08 20:22:00,157.54,157.67,157.47,157.66,351.322
2025-11-08 20:23:00,157.67,157.77,157.66,157.67,1306.72
2025-11-08 20:24:00,157.68,157.73,157.66,157.73,816.545
2025-11-08 20:25:00,157.73,157.93,157.73,157.9,2288.238
2025-11-08 20:26:00,157.89,157.9,157.76,157.79,2109.306
2025-11-08 20:27:00,157.79,157.8,157.78,157.78,489.895
2025-11-08 20:28:00,157.79,157.87,157.78,157.86,565.456
2025-11-08 20:29:00,157.86,157.91,157.86,157.9,715.993
2025-11-08 20:30:00,157.91,157.91,157.84,157.86,4211.782
2025-11-08 20:31:00,157.87,157.92,157.84,157.9,1783.61
2025-11-08 20:32:00,157.89,158.0,157.88,158.0,760.218
2025-11-08 20:33:00,158.0,158.11,157.88,157.88,5266.782
2025-11-08 20:34:00,157.88,157.99,157.87,157.91,1821.892
2025-11-08 20:35:00,157.91,158.08,157.91,157.98,923.263
2025-11-08 20:36:00,157.99,158.1,157.98,158.1,1395.108
2025-11-08 20:37:00,158.1,158.12,157.86,157.87,2384.902
2025-11-08 20:38:00,157.88,157.92,157.87,157.92,891.281
2025-11-08 20:39:00,157.91,158.04,157.91,158.03,3546.906
2025-11-08 20:40:00,158.03,158.07,157.94,158.05,2382.784
2025-11-08 20:41:00,158.04,158.1,158.04,158.05,642.942
2025-11-08 20:42:00,158.05,158.13,158.04,158.13,1278.015
2025-11-08 20:43:00,158.13,158.15,158.03,158.03,1728.928
2025-11-08 20:44:00,158.03,158.1,158.0,158.1,658.183
2025-11-08 20:45:00,158.1,158.21,157.99,158.14,1982.113
2025-11-08 20:46:00,158.15,158.28,158.07,158.1,1937.941
2025-11-08 20:47:00,158.09,158.1,157.95,157.96,962.79
2025-11-08 20:48:00,157.96,157.96,157.78,157.82,884.222
2025-11-08 20:49:00,157.81,157.91,157.81,157.91,829.774
2025-11-08 20:50:00,157.91,157.92,157.91,157.91,779.123
2025-11-08 20:51:00,157.92,157.97,157.77,157.77,2493.655
2025-11-08 20:52:00,157.77,157.77,157.58,157.62,1499.634
2025-11-08 20:53:00,157.63,157.68,157.53,157.61,2786.507
2025-11-08 20:54:00,157.61,157.64,157.38,157.5,17633.477
2025-11-08 20:55:00,157.5,157.62,157.48,157.55,9008.305
2025-11-08 20:56:00,157.56,157.72,157.56,157.71,313.657
2025-11-08 20:57:00,157.72,157.72,157.66,157.68,970.141
2025-11-08 20:58:00,157.69,157.69,157.65,157.66,1208.465
2025-11-08 20:59:00,157.66,157.72,157.57,157.69,1300.966
2025-11-08 21:00:00,157.69,157.7,157.6,157.7,815.59
2025-11-08 21:01:00,157.7,157.75,157.65,157.74,593.51
2025-11-08 21:02:00,157.74,157.75,157.69,157.69,219.669
2025-11-08 21:03:00,157.7,157.84,157.69,157.81,940.144
2025-11-08 21:04:00,157.82,157.91,157.78,157.85,1389.948
2025-11-08 21:05:00,157.84,157.9,157.79,157.8,320.472
2025-11-08 21:06:00,157.8,157.81,157.75,157.8,626.809
2025-11-08 21:07:00,157.81,157.84,157.68,157.78,4204.93
2025-11-08 21:08:00,157.79,157.86,157.69,157.73,565.335
2025-11-08 21:09:00,157.73,157.79,157.73,157.75,571.937
2025-11-08 21:10:00,157.75,157.84,157.71,157.72,643.813
2025-11-08 21:11:00,157.72,157.85,157.71,157.84,305.491
2025-11-08 21:12:00,157.83,157.85,157.79,157.82,554.75
2025-11-08 21:13:00,157.82,157.88,157.82,157.84,139.442
2025-11-08 21:14:00,157.85,157.85,157.62,157.69,398.493
2025-11-08 21:15:00,157.69,157.77,157.69,157.75,242.939
2025-11-08 21:16:00,157.75,157.78,157.69,157.77,276.371
2025-11-08 21:17:00,157.77,157.83,157.72,157.8,551.64
2025-11-08 21:18:00,157.81,157.89,157.76,157.84,355.885
2025-11-08 21:19:00,157.85,157.94,157.85,157.93,133.671
2025-11-08 21:20:00,157.93,157.93,157.71,157.78,519.472
2025-11-08 21:21:00,157.78,157.89,157.77,157.88,364.918
2025-11-08 21:22:00,157.89,157.98,157.88,157.91,424.71
2025-11-08 21:23:00,157.91,157.92,157.88,157.88,74.077
2025-11-08 21:24:00,157.88,157.91,157.88,157.9,105.232
2025-11-08 21:25:00,157.91,157.94,157.86,157.88,953.423
2025-11-08 21:26:00,157.88,158.0,157.87,158.0,257.582
2025-11-08 21:27:00,157.99,158.06,157.93,158.05,496.782
2025-11-08 21:28:00,158.06,158.07,157.94,157.98,540.812
2025-11-08 21:29:00,157.97,158.0,157.9,157.96,823.524
2025-11-08 21:30:00,157.97,157.98,157.75,157.78,941.023
2025-11-08 21:31:00,157.78,157.81,157.72,157.74,350.35
2025-11-08 21:32:00,157.75,157.96,157.71,157.94,693.55
2025-11-08 21:33:00,157.95,158.08,157.95,158.07,806.922
2025-11-08 21:34:00,158.07,158.07,158.04,158.04,200.912
2025-11-08 21:35:00,158.04,158.07,158.01,158.07,334.664
2025-11-08 21:36:00,158.06,158.2,158.03,158.07,910.392
2025-11-08 21:37:00,158.08,158.09,158.02,158.08,383.64
2025-11-08 21:38:00,158.07,158.16,158.07,158.13,759.418
2025-11-08 21:39:00,158.13,158.13,157.88,157.92,1414.984
2025-11-08 21:40:00,157.92,158.07,157.92,158.06,416.893
2025-11-08 21:41:00,158.06,158.14,158.06,158.1,785.995
2025-11-08 21:42:00,158.09,158.12,158.09,158.11,278.427
2025-11-08 21:43:00,158.12,158.16,158.07,158.14,932.671
2025-11-08 21:44:00,158.15,158.17,158.13,158.13,325.717
2025-11-08 21:45:00,158.14,158.14,158.01,158.1,1882.233
2025-11-08 21:46:00,158.1,158.11,158.03,158.05,425.105
2025-11-08 21:47:00,158.04,158.05,157.98,158.0,1576.815
2025-11-08 21:48:00,157.99,158.11,157.99,158.08,1228.4
2025-11-08 21:49:00,158.09,158.22,158.09,158.22,602.056
2025-11-08 21:50:00,158.23,158.26,158.08,158.08,469.824
2025-11-08 21:51:00,158.08,158.1,158.01,158.03,423.179
2025-11-08 21:52:00,158.02,158.07,157.94,158.07,1569.275
2025-11-08 21:53:00,158.07,158.1,157.95,157.95,294.936
2025-11-08 21:54:00,157.94,158.02,157.92,158.01,740.597
2025-11-08 21:55:00,158.02,158.19,158.02,158.12,292.651
2025-11-08 21:56:00,158.11,158.11,158.01,158.01,295.048
2025-11-08 21:57:00,158.01,158.03,158.0,158.01,454.698
2025-11-08 21:58:00,158.02,158.02,157.95,157.96,1295.491
2025-11-08 21:59:00,157.96,158.05,157.95,158.05,661.049
2025-11-08 22:00:00,158.05,158.05,157.94,157.94,619.401
2025-11-08 22:01:00,157.94,157.95,157.85,157.85,352.354
2025-11-08 22:02:00,157.86,157.86,157.81,157.82,438.579
2025-11-08 22:03:00,157.81,157.91,157.79,157.84,501.017
2025-11-08 22:04:00,157.85,157.95,157.82,157.82,652.976
2025-11-08 22:05:00,157.82,157.86,157.79,157.79,305.737
2025-11-08 22:06:00,157.8,157.8,157.7,157.7,522.938
2025-11-08 22:07:00,157.71,157.8,157.7,157.79,829.705
2025-11-08 22:08:00,157.8,157.84,157.79,157.82,445.163
2025-11-08 22:09:00,157.82,157.86,157.82,157.86,398.56
2025-11-08 22:10:00,157.86,157.86,157.75,157.77,802.855
2025-11-08 22:11:00,157.78,157.86,157.77,157.8,516.125
2025-11-08 22:12:00,157.81,157.9,157.81,157.87,580.138
2025-11-08 22:13:00,157.87,157.91,157.87,157.9,382.497
2025-11-08 22:14:00,157.89,157.93,157.85,157.9,850.378
2025-11-08 22:15:00,157.89,157.89,157.74,157.74,1015.379
2025-11-08 22:16:00,157.75,157.75,157.64,157.65,912.348
2025-11-08 22:17:00,157.65,157.73,157.62,157.63,755.254
2025-11-08 22:18:00,157.63,157.82,157.63,157.81,319.345
2025-11-08 22:19:00,157.82,157.83,157.77,157.83,481.673
2025-11-08 22:20:00,157.83,158.04,157.83,157.95,1095.999
2025-11-08 22:21:00,157.95,157.95,157.84,157.85,523.434
2025-11-08 22:22:00,157.84,157.99,157.84,157.94,737.218
2025-11-08 22:23:00,157.94,158.01,157.93,158.0,533.11
2025-11-08 22:24:00,158.0,158.06,157.97,157.97,534.323
2025-11-08 22:25:00,157.98,157.98,157.91,157.92,205.353
2025-11-08 22:26:00,157.92,158.03,157.91,158.03,445.698
2025-11-08 22:27:00,158.02,158.02,157.96,157.98,402.478
2025-11-08 22:28:00,157.97,158.08,157.97,158.08,142.273
2025-11-08 22:29:00,158.08,158.11,158.03,158.04,397.722
2025-11-08 22:30:00,158.04,158.04,157.95,157.96,1255.318
2025-11-08 22:31:00,157.96,157.96,157.92,157.93,885.137
2025-11-08 22:32:00,157.92,157.93,157.87,157.88,1435.394
2025-11-08 22:33:00,157.88,157.88,157.82,157.83,372.29
2025-11-08 22:34:00,157.84,157.84,157.79,157.79,354.951
2025-11-08 22:35:00,157.79,157.79,157.73,157.74,696.267
2025-11-08 22:36:00,157.74,157.74,157.72,157.72,807.664
2025-11-08 22:37:00,157.72,157.73,157.7,157.72,483.28
2025-11-08 22:38:00,157.72,157.73,157.67,157.72,1060.228
2025-11-08 22:39:00,157.71,157.72,157.62,157.63,659.126
2025-11-08 22:40:00,157.63,157.81,157.63,157.81,1964.914
2025-11-08 22:41:00,157.8,157.84,157.74,157.84,1045.214
2025-11-08 22:42:00,157.84,157.84,157.81,157.82,192.235
2025-11-08 22:43:00,157.82,157.82,157.8,157.81,437.985
2025-11-08 22:44:00,157.81,157.81,157.71,157.72,476.22
2025-11-08 22:45:00,157.72,157.83,157.71,157.83,572.028
2025-11-08 22:46:00,157.82,158.04,157.82,158.03,991.686
2025-11-08 22:47:00,158.03,158.04,158.0,158.01,136.599
2025-11-08 22:48:00,158.01,158.06,158.0,158.05,102.913
2025-11-08 22:49:00,158.06,158.08,158.02,158.07,744.681
2025-11-08 22:50:00,158.08,158.1,158.06,158.1,287.481
2025-11-08 22:51:00,158.1,158.11,158.09,158.11,60.102
2025-11-08 22:52:00,158.11,158.2,158.11,158.19,442.873
2025-11-08 22:53:00,158.19,158.4,158.19,158.38,2496.311
2025-11-08 22:54:00,158.39,158.39,158.2,158.2,848.045
2025-11-08 22:55:00,158.19,158.19,158.11,158.11,723.038
2025-11-08 22:56:00,158.12,158.14,158.11,158.11,243.596
2025-11-08 22:57:00,158.11,158.16,158.11,158.11,686.342
2025-11-08 22:58:00,158.12,158.12,158.04,158.04,355.107
2025-11-08 22:59:00,158.03,158.08,158.02,158.02,1236.187
2025-11-08 23:00:00,158.02,158.02,157.86,157.93,985.051
2025-11-08 23:01:00,157.94,157.97,157.94,157.96,297.625
2025-11-08 23:02:00,157.97,158.1,157.88,158.04,1112.823
2025-11-08 23:03:00,158.04,158.11,157.91,157.98,1504.906
2025-11-08 23:04:00,157.97,158.05,157.94,158.05,676.675
2025-11-08 23:05:00,158.04,158.09,157.99,158.0,298.229
2025-11-08 23:06:00,158.0,158.06,157.99,158.04,670.58
2025-11-08 23:07:00,158.03,158.03,157.85,157.91,1408.453
2025-11-08 23:08:00,157.91,158.04,157.91,158.0,1188.211
2025-11-08 23:09:00,158.0,158.07,157.99,158.01,265.818
2025-11-08 23:10:00,158.01,158.1,157.96,158.08,733.928
2025-11-08 23:11:00,158.09,158.1,158.05,158.08,289.993
2025-11-08 23:12:00,158.07,158.11,158.07,158.1,280.784
2025-11-08 23:13:00,158.1,158.12,158.07,158.11,248.996
2025-11-08 23:14:00,158.11,158.14,158.09,158.1,376.045
2025-11-08 23:15:00,158.09,158.13,158.09,158.1,274.374
2025-11-08 23:16:00,158.11,158.11,157.95,158.02,996.048
2025-11-08 23:17:00,158.02,158.15,158.02,158.04,362.452
2025-11-08 23:18:00,158.05,158.1,158.04,158.1,601.165
2025-11-08 23:19:00,158.1,158.1,158.03,158.03,579.964
2025-11-08 23:20:00,158.04,158.28,158.03,158.22,4298.687
2025-11-08 23:21:00,158.23,158.23,158.17,158.18,492.635
2025-11-08 23:22:00,158.19,158.24,158.18,158.24,215.815
2025-11-08 23:23:00,158.24,158.31,158.23,158.23,909.849
2025-11-08 23:24:00,158.23,158.29,158.23,158.29,483.164
2025-11-08 23:25:00,158.29,158.33,158.25,158.25,1073.525
2025-11-08 23:26:00,158.25,158.28,158.22,158.27,819.26
2025-11-08 23:27:00,158.28,158.28,158.2,158.2,609.16
2025-11-08 23:28:00,158.2,158.27,158.2,158.24,719.311
2025-11-08 23:29:00,158.24,158.27,158.24,158.27,744.992
2025-11-08 23:30:00,158.27,158.31,158.26,158.28,948.979
2025-11-08 23:31:00,158.28,158.44,158.26,158.33,2121.702
2025-11-08 23:32:00,158.33,158.37,158.3,158.33,1322.903
2025-11-08 23:33:00,158.33,158.34,158.27,158.33,836.22
2025-11-08 23:34:00,158.33,158.41,158.27,158.33,4610.481
2025-11-08 23:35:00,158.33,158.33,158.19,158.2,657.501
2025-11-08 23:36:00,158.21,158.22,158.14,158.21,786.057
2025-11-08 23:37:00,158.2,158.22,158.12,158.22,771.278
2025-11-08 23:38:00,158.21,158.22,158.19,158.19,811.415
2025-11-08 23:39:00,158.19,158.36,158.19,158.36,1117.985
2025-11-08 23:40:00,158.36,158.41,158.29,158.3,1068.439
2025-11-08 23:41:00,158.29,158.42,158.29,158.37,1443.394
2025-11-08 23:42:00,158.37,158.43,158.34,158.37,4319.893
2025-11-08 23:43:00,158.37,158.38,158.3,158.32,785.722
2025-11-08 23:44:00,158.32,158.35,158.32,158.33,607.276
2025-11-08 23:45:00,158.33,158.36,158.33,158.35,211.092
2025-11-08 23:46:00,158.35,158.37,158.31,158.32,892.553
2025-11-08 23:47:00,158.32,158.32,158.19,158.21,441.497
2025-11-08 23:48:00,158.21,158.32,158.21,158.32,183.256
2025-11-08 23:49:00,158.32,158.39,158.31,158.38,241.921
2025-11-08 23:50:00,158.39,158.39,158.26,158.27,1010.538
2025-11-08 23:51:00,158.27,158.27,158.21,158.24,337.513
2025-11-08 23:52:00,158.25,158.26,158.19,158.19,902.919
2025-11-08 23:53:00,158.19,158.25,158.16,158.24,377.564
2025-11-08 23:54:00,158.25,158.25,158.24,158.24,32.835
2025-11-08 23:55:00,158.24,158.25,158.02,158.03,2372.192
2025-11-08 23:56:00,158.04,158.07,158.03,158.06,239.142
2025-11-08 23:57:00,158.07,158.07,158.05,158.06,224.304
2025-11-08 23:58:00,158.05,158.08,158.05,158.08,252.777
2025-11-08 23:59:00,158.08,158.08,157.98,158.02,826.148
2025-11-09 00:00:00,158.01,158.02,157.74,157.75,1659.798
2025-11-09 00:01:00,157.74,157.78,157.74,157.77,449.772
2025-11-09 00:02:00,157.76,157.87,157.74,157.86,175.088
2025-11-09 00:03:00,157.87,157.97,157.79,157.85,1874.678
2025-11-09 00:04:00,157.85,157.85,157.78,157.78,358.842
2025-11-09 00:05:00,157.79,157.83,157.71,157.74,1513.942
2025-11-09 00:06:00,157.73,157.84,157.69,157.71,2691.268
2025-11-09 00:07:00,157.7,157.93,157.65,157.87,3918.953
2025-11-09 00:08:00,157.87,157.87,157.66,157.71,266.458
2025-11-09 00:09:00,157.71,157.85,157.71,157.85,222.59
2025-11-09 00:10:00,157.85,157.85,157.74,157.8,2398.501
2025-11-09 00:11:00,157.8,157.95,157.8,157.95,188.856
2025-11-09 00:12:00,157.95,157.95,157.79,157.82,858.028
2025-11-09 00:13:00,157.82,157.82,157.68,157.73,930.201
2025-11-09 00:14:00,157.72,157.72,157.5,157.51,851.402
2025-11-09 00:15:00,157.5,157.51,157.46,157.5,359.079
2025-11-09 00:16:00,157.49,157.58,157.49,157.54,1657.888
2025-11-09 00:17:00,157.53,157.53,157.3,157.3,1408.18
2025-11-09 00:18:00,157.31,157.31,157.12,157.13,3591.912
2025-11-09 00:19:00,157.13,157.21,157.01,157.05,1541.885
2025-11-09 00:20:00,157.05,157.05,156.89,157.02,2979.461
2025-11-09 00:21:00,157.03,157.1,156.93,157.1,962.417
2025-11-09 00:22:00,157.1,157.29,157.1,157.24,820.022
2025-11-09 00:23:00,157.24,157.26,157.11,157.13,486.985
2025-11-09 00:24:00,157.13,157.19,157.11,157.12,526.763
2025-11-09 00:25:00,157.12,157.17,157.04,157.14,376.738
2025-11-09 00:26:00,157.14,157.14,156.95,157.0,511.708
2025-11-09 00:27:00,157.01,157.01,156.94,156.95,274.494
2025-11-09 00:28:00,156.95,157.05,156.91,157.05,947.776
2025-11-09 00:29:00,157.04,157.06,156.98,157.0,463.426
2025-11-09 00:30:00,157.01,157.23,156.99,157.23,838.266
2025-11-09 00:31:00,157.23,157.23,157.13,157.17,172.472
2025-11-09 00:32:00,157.16,157.18,157.08,157.18,214.849
2025-11-09 00:33:00,157.18,157.2,157.18,157.19,217.191
2025-11-09 00:34:00,157.18,157.39,157.18,157.39,439.471
2025-11-09 00:35:00,157.4,157.53,157.4,157.46,1173.231
2025-11-09 00:36:00,157.46,157.46,157.4,157.42,234.159
2025-11-09 00:37:00,157.42,157.42,157.33,157.33,183.238
2025-11-09 00:38:00,157.33,157.37,157.33,157.33,623.549
2025-11-09 00:39:00,157.34,157.48,157.33,157.47,325.965
2025-11-09 00:40:00,157.47,157.55,157.47,157.51,1855.389
2025-11-09 00:41:00,157.5,157.53,157.44,157.44,500.625
2025-11-09 00:42:00,157.43,157.47,157.36,157.37,152.821
2025-11-09 00:43:00,157.36,157.38,157.33,157.37,224.706
2025-11-09 00:44:00,157.38,157.45,157.32,157.33,340.955
2025-11-09 00:45:00,157.33,157.37,157.3,157.36,233.087
2025-11-09 00:46:00,157.36,157.36,157.25,157.28,359.768
2025-11-09 00:47:00,157.28,157.3,157.26,157.29,392.776
2025-11-09 00:48:00,157.29,157.31,157.28,157.31,301.308
2025-11-09 00:49:00,157.3,157.31,157.14,157.15,244.288
2025-11-09 00:50:00,157.14,157.15,157.03,157.03,128.041
2025-11-09 00:51:00,157.03,157.03,156.81,156.83,1663.49
2025-11-09 00:52:00,156.82,156.86,156.71,156.79,3897.044
2025-11-09 00:53:00,156.79,156.84,156.77,156.84,275.666
2025-11-09 00:54:00,156.84,156.91,156.84,156.91,252.305
2025-11-09 00:55:00,156.91,156.91,156.68,156.68,866.651
2025-11-09 00:56:00,156.67,156.68,156.6,156.63,778.53
2025-11-09 00:57:00,156.63,156.66,156.61,156.66,768.143
2025-11-09 00:58:00,156.66,156.84,156.65,156.83,1729.188
2025-11-09 00:59:00,156.83,156.85,156.81,156.84,309.713
2025-11-09 01:00:00,156.84,156.94,156.79,156.93,1102.006
2025-11-09 01:01:00,156.94,157.09,156.94,157.02,299.899
2025-11-09 01:02:00,157.02,157.05,157.0,157.01,583.21
2025-11-09 01:03:00,157.01,157.15,157.0,157.15,206.558
2025-11-09 01:04:00,157.15,157.43,157.15,157.22,663.966
2025-11-09 01:05:00,157.22,157.22,157.1,157.17,447.243
2025-11-09 01:06:00,157.17,157.44,157.17,157.43,864.451
2025-11-09 01:07:00,157.43,157.43,157.32,157.41,259.012
2025-11-09 01:08:00,157.41,157.52,157.41,157.47,362.34
2025-11-09 01:09:00,157.46,157.58,157.46,157.5,778.331
2025-11-09 01:10:00,157.49,157.68,157.49,157.62,1535.94
2025-11-09 01:11:00,157.61,157.62,157.46,157.47,317.219
2025-11-09 01:12:00,157.46,157.47,157.33,157.34,460.952
2025-11-09 01:13:00,157.34,157.37,157.29,157.37,303.589
2025-11-09 01:14:00,157.38,157.49,157.33,157.49,110.002
2025-11-09 01:15:00,157.49,157.59,157.49,157.54,325.101
2025-11-09 01:16:00,157.55,157.55,157.43,157.51,406.541
2025-11-09 01:17:00,157.5,157.51,157.36,157.39,273.211
2025-11-09 01:18:00,157.4,157.48,157.38,157.48,160.022
2025-11-09 01:19:00,157.47,157.54,157.41,157.47,411.077
2025-11-09 01:20:00,157.48,157.51,157.44,157.5,156.866
2025-11-09 01:21:00,157.51,157.53,157.47,157.52,524.077
2025-11-09 01:22:00,157.53,157.59,157.52,157.58,770.334
2025-11-09 01:23:00,157.59,157.66,157.57,157.6,192.743
2025-11-09 01:24:00,157.6,157.6,157.47,157.47,152.463
2025-11-09 01:25:00,157.47,157.47,157.33,157.34,323.292
2025-11-09 01:26:00,157.35,157.37,157.2,157.21,630.963
2025-11-09 01:27:00,157.21,157.23,157.18,157.2,171.891
2025-11-09 01:28:00,157.19,157.19,157.12,157.13,601.534
2025-11-09 01:29:00,157.13,157.24,157.13,157.23,287.869
2025-11-09 01:30:00,157.24,157.26,157.15,157.25,496.996
2025-11-09 01:31:00,157.25,157.25,157.06,157.06,576.694
2025-11-09 01:32:00,157.05,157.05,156.78,156.79,875.792
2025-11-09 01:33:00,156.78,156.94,156.77,156.88,456.03
2025-11-09 01:34:00,156.89,157.0,156.85,156.9,307.384
2025-11-09 01:35:00,156.89,157.0,156.89,156.99,422.68
2025-11-09 01:36:00,156.99,157.14,156.99,157.14,529.354
2025-11-09 01:37:00,157.15,157.49,157.15,157.44,501.732
2025-11-09 01:38:00,157.43,157.43,157.25,157.25,339.782
2025-11-09 01:39:00,157.24,157.4,157.22,157.4,434.743
2025-11-09 01:40:00,157.4,157.4,157.3,157.31,296.421
2025-11-09 01:41:00,157.31,157.36,157.3,157.33,49.106
2025-11-09 01:42:00,157.34,157.56,157.33,157.55,126.017
2025-11-09 01:43:00,157.56,157.65,157.56,157.64,491.989
2025-11-09 01:44:00,157.63,157.75,157.63,157.7,396.932
2025-11-09 01:45:00,157.69,158.0,157.69,157.95,1232.565
2025-11-09 01:46:00,157.94,158.09,157.93,157.93,455.286
2025-11-09 01:47:00,157.94,157.97,157.76,157.82,449.965
2025-11-09 01:48:00,157.81,157.89,157.8,157.8,521.958
2025-11-09 01:49:00,157.81,157.9,157.8,157.9,319.392
2025-11-09 01:50:00,157.9,158.01,157.85,157.85,407.851
2025-11-09 01:51:00,157.85,157.86,157.79,157.85,729.807
2025-11-09 01:52:00,157.85,157.86,157.77,157.77,211.243
2025-11-09 01:53:00,157.76,157.79,157.72,157.78,180.156
2025-11-09 01:54:00,157.79,157.87,157.71,157.86,264.422
2025-11-09 01:55:00,157.87,158.15,157.86,158.15,2674.991
2025-11-09 01:56:00,158.15,158.28,158.1,158.23,1303.099
2025-11-09 01:57:00,158.23,158.28,158.18,158.28,604.467
2025-11-09 01:58:00,158.27,158.32,158.17,158.18,594.373
2025-11-09 01:59:00,158.18,158.23,158.15,158.18,982.664
2025-11-09 02:00:00,158.17,158.18,157.98,158.04,1222.657
2025-11-09 02:01:00,158.03,158.11,157.92,157.96,7872.871
2025-11-09 02:02:00,157.96,158.04,157.94,158.02,2488.767
2025-11-09 02:03:00,158.02,158.06,157.96,157.99,925.452
2025-11-09 02:04:00,158.0,158.05,157.98,157.99,3474.18
2025-11-09 02:05:00,157.98,158.08,157.98,158.06,1714.476
2025-11-09 02:06:00,158.06,158.06,157.71,157.77,3611.372
2025-11-09 02:07:00,157.76,157.77,157.68,157.69,562.398
2025-11-09 02:08:00,157.7,157.88,157.66,157.88,1320.022
2025-11-09 02:09:00,157.89,157.91,157.66,157.78,2857.746
2025-11-09 02:10:00,157.78,157.85,157.76,157.79,757.564
2025-11-09 02:11:00,157.8,157.85,157.77,157.83,317.424
2025-11-09 02:12:00,157.82,157.85,157.75,157.76,3336.839
2025-11-09 02:13:00,157.76,157.79,157.62,157.68,788.242
2025-11-09 02:14:00,157.67,157.69,157.63,157.63,291.003
2025-11-09 02:15:00,157.63,157.66,157.48,157.49,674.17
2025-11-09 02:16:00,157.49,157.74,157.48,157.74,322.676
2025-11-09 02:17:00,157.74,157.77,157.67,157.67,332.044
2025-11-09 02:18:00,157.68,157.78,157.6,157.78,459.767
2025-11-09 02:19:00,157.79,157.97,157.79,157.87,4202.218
2025-11-09 02:20:00,157.86,157.89,157.81,157.83,176.061
2025-11-09 02:21:00,157.83,157.9,157.83,157.89,172.849
2025-11-09 02:22:00,157.89,157.95,157.8,157.94,832.758
2025-11-09 02:23:00,157.94,158.01,157.91,157.92,3237.852
2025-11-09 02:24:00,157.92,158.06,157.92,158.06,245.169
2025-11-09 02:25:00,158.06,158.06,158.04,158.06,1199.874
2025-11-09 02:26:00,158.06,158.06,157.95,157.95,709.226
2025-11-09 02:27:00,157.94,157.98,157.6,157.61,2657.427
2025-11-09 02:28:00,157.62,157.62,157.48,157.49,1948.842
2025-11-09 02:29:00,157.49,157.55,157.29,157.29,1774.487
2025-11-09 02:30:00,157.3,157.3,157.1,157.11,2004.719
2025-11-09 02:31:00,157.11,157.16,156.9,156.91,1273.199
2025-11-09 02:32:00,156.91,156.98,156.87,156.88,1693.488
2025-11-09 02:33:00,156.87,156.88,156.55,156.57,3002.543
2025-11-09 02:34:00,156.56,156.73,156.41,156.46,3825.295
2025-11-09 02:35:00,156.47,156.61,156.44,156.51,1548.463
2025-11-09 02:36:00,156.52,156.88,156.52,156.66,1745.192
2025-11-09 02:37:00,156.66,156.69,156.46,156.57,630.208
2025-11-09 02:38:00,156.57,156.57,156.28,156.29,2274.518
2025-11-09 02:39:00,156.3,156.38,156.14,156.23,4052.835
2025-11-09 02:40:00,156.23,156.32,156.16,156.22,561.133
2025-11-09 02:41:00,156.22,156.35,156.21,156.29,633.733
2025-11-09 02:42:00,156.29,156.41,156.29,156.33,761.018
2025-11-09 02:43:00,156.33,156.56,156.18,156.19,2315.479
2025-11-09 02:44:00,156.19,156.35,156.04,156.25,2894.365
2025-11-09 02:45:00,156.26,156.41,156.26,156.29,865.978
2025-11-09 02:46:00,156.29,156.42,156.26,156.3,592.009
2025-11-09 02:47:00,156.31,156.33,156.14,156.32,2198.8
2025-11-09 02:48:00,156.33,156.58,156.33,156.46,2400.707
2025-11-09 02:49:00,156.47,156.47,156.2,156.33,1659.605
2025-11-09 02:50:00,156.33,156.43,156.3,156.39,316.225
2025-11-09 02:51:00,156.39,156.4,156.21,156.34,10313.2
2025-11-09 02:52:00,156.34,156.34,155.98,156.03,6185.782
2025-11-09 02:53:00,156.03,156.17,155.9,156.07,3275.82
2025-11-09 02:54:00,156.08,156.25,156.08,156.12,1006.914
2025-11-09 02:55:00,156.11,156.17,155.91,156.1,2434.031
2025-11-09 02:56:00,156.1,156.2,156.0,156.04,883.471
2025-11-09 02:57:00,156.05,156.05,155.83,155.87,1143.619
2025-11-09 02:58:00,155.87,155.99,155.72,155.99,7467.809
2025-11-09 02:59:00,155.98,156.06,155.96,156.02,571.166
2025-11-09 03:00:00,156.03,156.21,155.96,156.16,946.046
2025-11-09 03:01:00,156.17,156.24,156.1,156.12,296.549
2025-11-09 03:02:00,156.12,156.13,155.98,156.07,937.032
2025-11-09 03:03:00,156.07,156.11,155.99,156.11,1019.623
2025-11-09 03:04:00,156.11,156.19,156.07,156.13,955.306
2025-11-09 03:05:00,156.13,156.18,156.04,156.08,1450.222
2025-11-09 03:06:00,156.09,156.18,156.06,156.06,200.388
2025-11-09 03:07:00,156.05,156.14,156.03,156.04,1025.611
2025-11-09 03:08:00,156.04,156.17,156.03,156.1,1269.973
2025-11-09 03:09:00,156.11,156.17,156.05,156.17,776.11
2025-11-09 03:10:00,156.18,156.21,156.09,156.12,510.789
2025-11-09 03:11:00,156.11,156.44,156.1,156.37,1236.097
2025-11-09 03:12:00,156.37,156.37,156.24,156.29,350.077
2025-11-09 03:13:00,156.3,156.36,156.25,156.36,639.438
2025-11-09 03:14:00,156.36,156.43,156.33,156.34,434.509
2025-11-09 03:15:00,156.33,156.35,156.17,156.25,257.209
2025-11-09 03:16:00,156.26,156.51,156.26,156.32,934.227
2025-11-09 03:17:00,156.32,156.41,156.21,156.21,1571.685
2025-11-09 03:18:00,156.2,156.29,156.16,156.29,672.188
2025-11-09 03:19:00,156.29,156.38,156.11,156.18,15463.735
2025-11-09 03:20:00,156.18,156.34,156.18,156.33,341.197
2025-11-09 03:21:00,156.34,156.39,156.11,156.12,437.159
2025-11-09 03:22:00,156.11,156.11,155.91,155.99,1381.528
2025-11-09 03:23:00,155.99,156.04,155.89,155.89,967.51
2025-11-09 03:24:00,155.89,155.89,155.31,155.38,13094.0
2025-11-09 03:25:00,155.37,155.56,155.37,155.42,1446.215
2025-11-09 03:26:00,155.43,155.46,155.19,155.33,3990.265
2025-11-09 03:27:00,155.32,155.4,155.11,155.31,5193.73
2025-11-09 03:28:00,155.32,155.49,155.3,155.46,1036.692
2025-11-09 03:29:00,155.46,155.64,155.34,155.53,2384.691
2025-11-09 03:30:00,155.54,155.83,155.52,155.83,889.804
2025-11-09 03:31:00,155.83,155.84,155.67,155.77,1219.27
2025-11-09 03:32:00,155.76,155.89,155.6,155.88,1497.871
2025-11-09 03:33:00,155.89,155.91,155.55,155.62,2849.597
2025-11-09 03:34:00,155.62,155.67,155.51,155.64,505.53
2025-11-09 03:35:00,155.64,155.64,155.3,155.36,1490.263
2025-11-09 03:36:00,155.37,155.5,155.24,155.44,1905.233
2025-11-09 03:37:00,155.45,155.6,155.43,155.59,826.149
2025-11-09 03:38:00,155.59,155.7,155.56,155.57,635.089
2025-11-09 03:39:00,155.57,155.57,155.45,155.46,6231.913
2025-11-09 03:40:00,155.46,155.63,155.46,155.56,1825.315
2025-11-09 03:41:00,155.56,155.82,155.55,155.82,748.487
2025-11-09 03:42:00,155.82,155.84,155.71,155.75,549.08
2025-11-09 03:43:00,155.76,156.02,155.76,155.95,574.967
2025-11-09 03:44:00,155.94,155.95,155.7,155.71,975.421
2025-11-09 03:45:00,155.7,155.76,155.61,155.62,1156.743
2025-11-09 03:46:00,155.62,155.74,155.5,155.5,2691.812
2025-11-09 03:47:00,155.51,155.75,155.44,155.73,883.23
2025-11-09 03:48:00,155.74,155.89,155.71,155.88,2008.327
2025-11-09 03:49:00,155.88,155.95,155.69,155.74,596.224
2025-11-09 03:50:00,155.74,155.87,155.72,155.86,184.046
2025-11-09 03:51:00,155.87,155.97,155.86,155.92,483.583
2025-11-09 03:52:00,155.93,156.03,155.88,156.02,1055.673
2025-11-09 03:53:00,156.01,156.12,156.0,156.07,1699.047
2025-11-09 03:54:00,156.06,156.14,156.0,156.02,433.252
2025-11-09 03:55:00,156.01,156.02,155.83,155.86,1512.018
2025-11-09 03:56:00,155.85,155.91,155.81,155.9,1090.046
2025-11-09 03:57:00,155.9,155.99,155.89,155.98,844.661
2025-11-09 03:58:00,155.98,155.98,155.85,155.89,332.262
2025-11-09 03:59:00,155.89,155.89,155.83,155.88,267.427
2025-11-09 04:00:00,155.89,156.02,155.86,156.01,1036.1
2025-11-09 04:01:00,156.02,156.08,155.93,155.93,363.344
2025-11-09 04:02:00,155.92,156.04,155.85,156.03,308.043
2025-11-09 04:03:00,156.04,156.09,155.96,156.09,898.577
2025-11-09 04:04:00,156.08,156.19,156.05,156.06,816.9
2025-11-09 04:05:00,156.05,156.05,155.85,156.03,990.263
2025-11-09 04:06:00,156.03,156.26,156.01,156.24,2487.952
2025-11-09 04:07:00,156.24,156.27,156.16,156.16,1083.905
2025-11-09 04:08:00,156.15,156.28,156.05,156.23,7386.431
2025-11-09 04:09:00,156.23,156.42,156.22,156.42,2430.053
2025-11-09 04:10:00,156.42,156.91,156.37,156.56,31539.138
2025-11-09 04:11:00,156.57,156.71,156.55,156.7,2110.737
2025-11-09 04:12:00,156.71,156.75,156.66,156.67,437.751
2025-11-09 04:13:00,156.66,156.68,156.58,156.65,1628.326
2025-11-09 04:14:00,156.64,156.67,156.54,156.66,431.975
2025-11-09 04:15:00,156.65,156.95,156.54,156.94,12447.459
2025-11-09 04:16:00,156.95,156.99,156.91,156.95,1192.16
2025-11-09 04:17:00,156.95,157.24,156.95,157.17,6733.916
2025-11-09 04:18:00,157.16,157.3,157.16,157.3,1552.192
2025-11-09 04:19:00,157.29,157.45,157.2,157.22,2182.337
2025-11-09 04:20:00,157.23,157.44,157.23,157.44,1878.237
2025-11-09 04:21:00,157.44,157.5,157.35,157.36,2881.476
2025-11-09 04:22:00,157.35,157.64,157.25,157.43,24991.8
2025-11-09 04:23:00,157.43,157.46,157.31,157.36,1348.171
2025-11-09 04:24:00,157.36,157.39,157.23,157.34,1020.749
2025-11-09 04:25:00,157.34,157.38,157.31,157.37,374.646
2025-11-09 04:26:00,157.37,157.44,157.35,157.35,394.453
2025-11-09 04:27:00,157.34,157.35,157.13,157.16,2173.83
2025-11-09 04:28:00,157.16,157.25,157.15,157.24,751.837
2025-11-09 04:29:00,157.24,157.33,157.24,157.32,235.111
2025-11-09 04:30:00,157.32,157.35,157.28,157.29,513.634
2025-11-09 04:31:00,157.3,157.31,157.2,157.21,525.002
2025-11-09 04:32:00,157.21,157.22,157.13,157.13,336.287
2025-11-09 04:33:00,157.13,157.21,157.11,157.16,599.596
2025-11-09 04:34:00,157.16,157.17,157.01,157.01,1960.832
2025-11-09 04:35:00,157.02,157.06,156.97,157.0,688.659
2025-11-09 04:36:00,157.01,157.16,157.01,157.13,563.483
2025-11-09 04:37:00,157.14,157.2,157.09,157.15,1076.176
2025-11-09 04:38:00,157.16,157.16,156.94,156.94,378.812
2025-11-09 04:39:00,156.95,157.04,156.88,156.99,715.081
2025-11-09 04:40:00,156.99,157.06,156.98,157.06,298.445
2025-11-09 04:41:00,157.05,157.09,156.87,156.87,773.15
2025-11-09 04:42:00,156.87,156.88,156.8,156.86,1372.578
2025-11-09 04:43:00,156.87,157.02,156.87,156.92,402.64
2025-11-09 04:44:00,156.93,157.01,156.92,156.99,222.471
2025-11-09 04:45:00,156.99,157.0,156.87,156.88,1163.797
2025-11-09 04:46:00,156.87,156.98,156.87,156.9,910.983
2025-11-09 04:47:00,156.89,156.95,156.74,156.75,792.996
2025-11-09 04:48:00,156.75,156.85,156.7,156.85,613.903
2025-11-09 04:49:00,156.84,156.87,156.8,156.87,519.307
2025-11-09 04:50:00,156.87,157.0,156.86,156.98,316.203
2025-11-09 04:51:00,156.98,157.08,156.98,157.02,710.185
2025-11-09 04:52:00,157.02,157.13,157.01,157.05,2696.811
2025-11-09 04:53:00,157.05,157.06,156.98,156.99,1042.971
2025-11-09 04:54:00,156.98,157.08,156.96,157.07,950.212
2025-11-09 04:55:00,157.07,157.16,157.07,157.11,355.847
2025-11-09 04:56:00,157.12,157.24,157.1,157.24,1454.379
2025-11-09 04:57:00,157.23,157.29,157.17,157.25,1367.053
2025-11-09 04:58:00,157.25,157.26,157.16,157.21,1560.881
2025-11-09 04:59:00,157.22,157.26,157.21,157.23,1295.387
2025-11-09 05:00:00,157.23,157.24,157.19,157.19,297.436
2025-11-09 05:01:00,157.19,157.24,157.19,157.19,653.597
2025-11-09 05:02:00,157.2,157.2,157.13,157.16,984.3
2025-11-09 05:03:00,157.17,157.19,157.15,157.18,498.166
2025-11-09 05:04:00,157.18,157.33,157.16,157.33,2635.823
2025-11-09 05:05:00,157.33,157.52,157.33,157.51,3010.094
2025-11-09 05:06:00,157.51,157.55,157.5,157.55,2553.466
2025-11-09 05:07:00,157.55,157.73,157.55,157.72,3862.409
2025-11-09 05:08:00,157.71,157.71,157.56,157.57,3210.845
2025-11-09 05:09:00,157.56,157.65,157.56,157.64,1206.056
2025-11-09 05:10:00,157.64,157.73,157.64,157.67,287.323
2025-11-09 05:11:00,157.68,157.77,157.66,157.77,2124.124
2025-11-09 05:12:00,157.76,157.78,157.59,157.59,8335.75
2025-11-09 05:13:00,157.59,157.59,157.46,157.53,1380.645
2025-11-09 05:14:00,157.54,157.58,157.49,157.55,2843.301
2025-11-09 05:15:00,157.55,157.68,157.54,157.58,508.427
2025-11-09 05:16:00,157.58,157.72,157.57,157.68,3745.209
2025-11-09 05:17:00,157.68,157.85,157.56,157.56,1056.399
2025-11-09 05:18:00,157.57,157.68,157.56,157.57,1750.813
2025-11-09 05:19:00,157.58,157.68,157.58,157.67,274.82
2025-11-09 05:20:00,157.68,157.78,157.66,157.67,1265.99
2025-11-09 05:21:00,157.66,157.66,157.46,157.47,1696.738
2025-11-09 05:22:00,157.47,157.47,157.37,157.45,730.439
2025-11-09 05:23:00,157.46,157.52,157.44,157.51,561.338
2025-11-09 05:24:00,157.52,157.57,157.49,157.56,568.12
2025-11-09 05:25:00,157.55,157.64,157.55,157.62,303.417
2025-11-09 05:26:00,157.61,157.68,157.56,157.62,1235.129
2025-11-09 05:27:00,157.61,157.65,157.5,157.58,431.838
2025-11-09 05:28:00,157.57,157.66,157.57,157.64,449.351
2025-11-09 05:29:00,157.64,157.8,157.63,157.8,453.25
2025-11-09 05:30:00,157.8,157.92,157.77,157.77,1442.096
2025-11-09 05:31:00,157.78,157.82,157.65,157.82,2032.113
2025-11-09 05:32:00,157.82,157.82,157.7,157.72,1451.028
2025-11-09 05:33:00,157.71,157.73,157.62,157.62,1401.415
2025-11-09 05:34:00,157.61,157.63,157.52,157.52,630.117
2025-11-09 05:35:00,157.52,157.56,157.44,157.48,1437.31
2025-11-09 05:36:00,157.47,157.58,157.38,157.49,1212.687
2025-11-09 05:37:00,157.49,157.66,157.49,157.66,399.453
2025-11-09 05:38:00,157.65,157.7,157.65,157.69,634.966
2025-11-09 05:39:00,157.68,157.77,157.68,157.76,811.042
2025-11-09 05:40:00,157.76,157.88,157.76,157.87,1115.548
2025-11-09 05:41:00,157.86,157.86,157.8,157.8,2077.66
2025-11-09 05:42:00,157.8,157.89,157.8,157.88,673.191
2025-11-09 05:43:00,157.88,157.89,157.8,157.89,1445.268
2025-11-09 05:44:00,157.89,157.9,157.87,157.89,278.329
2025-11-09 05:45:00,157.9,157.97,157.88,157.88,2526.898
2025-11-09 05:46:00,157.88,157.98,157.83,157.97,1456.281
2025-11-09 05:47:00,157.97,158.05,157.96,158.04,1350.611
2025-11-09 05:48:00,158.04,158.14,158.02,158.02,2393.391
2025-11-09 05:49:00,158.02,158.08,158.02,158.08,686.187
2025-11-09 05:50:00,158.08,158.08,158.05,158.05,778.913
2025-11-09 05:51:00,158.06,158.09,158.0,158.04,3110.798
2025-11-09 05:52:00,158.05,158.16,158.05,158.15,379.78
2025-11-09 05:53:00,158.16,158.2,158.15,158.19,370.334
2025-11-09 05:54:00,158.19,158.23,158.17,158.17,2742.989
2025-11-09 05:55:00,158.17,158.21,158.17,158.2,2501.759
2025-11-09 05:56:00,158.2,158.3,158.2,158.3,677.418
2025-11-09 05:57:00,158.3,158.33,158.3,158.32,609.716
2025-11-09 05:58:00,158.32,158.33,158.3,158.3,3632.001
2025-11-09 05:59:00,158.3,158.31,158.11,158.11,1977.096
2025-11-09 06:00:00,158.12,158.21,158.07,158.07,2814.306
2025-11-09 06:01:00,158.07,158.09,157.96,157.99,794.567
2025-11-09 06:02:00,157.98,158.08,157.97,158.05,902.364
2025-11-09 06:03:00,158.06,158.18,158.06,158.12,1307.578
2025-11-09 06:04:00,158.12,158.14,157.94,157.95,2811.92
2025-11-09 06:05:00,157.94,157.99,157.88,157.98,1544.428
2025-11-09 06:06:00,157.97,158.07,157.94,158.05,1227.891
2025-11-09 06:07:00,158.06,158.18,158.05,158.13,472.595
2025-11-09 06:08:00,158.14,158.14,157.85,157.91,2692.515
2025-11-09 06:09:00,157.92,158.08,157.92,158.01,911.875
2025-11-09 06:10:00,158.02,158.1,158.01,158.04,821.634
2025-11-09 06:11:00,158.04,158.08,158.03,158.07,767.019
2025-11-09 06:12:00,158.06,158.06,158.03,158.03,100.625
2025-11-09 06:13:00,158.03,158.08,157.96,158.08,1604.219
2025-11-09 06:14:00,158.08,158.19,158.08,158.17,933.703
2025-11-09 06:15:00,158.17,158.18,158.1,158.1,1648.302
2025-11-09 06:16:00,158.1,158.1,158.02,158.05,660.084
2025-11-09 06:17:00,158.05,158.15,158.05,158.13,954.72
2025-11-09 06:18:00,158.12,158.25,158.12,158.24,1287.309
2025-11-09 06:19:00,158.24,158.31,158.22,158.31,1186.767
2025-11-09 06:20:00,158.32,158.35,158.25,158.25,486.792
2025-11-09 06:21:00,158.26,158.28,158.25,158.26,1039.654
2025-11-09 06:22:00,158.25,158.31,158.25,158.31,906.265
2025-11-09 06:23:00,158.31,158.36,158.28,158.36,297.091
2025-11-09 06:24:00,158.35,158.5,158.35,158.49,734.907
2025-11-09 06:25:00,158.49,158.52,158.49,158.5,1388.139
2025-11-09 06:26:00,158.5,158.51,158.35,158.36,3258.5
2025-11-09 06:27:00,158.37,158.42,158.36,158.42,407.479
2025-11-09 06:28:00,158.43,158.47,158.36,158.36,2974.508
2025-11-09 06:29:00,158.37,158.42,158.36,158.41,630.056
2025-11-09 06:30:00,158.42,158.49,158.41,158.42,1196.651
2025-11-09 06:31:00,158.42,158.43,158.31,158.35,1039.978
2025-11-09 06:32:00,158.35,158.36,158.29,158.29,1401.567
2025-11-09 06:33:00,158.3,158.3,158.18,158.28,823.831
2025-11-09 06:34:00,158.27,158.37,158.27,158.37,219.413
2025-11-09 06:35:00,158.37,158.45,158.37,158.37,972.562
2025-11-09 06:36:00,158.38,158.4,158.36,158.36,566.396
2025-11-09 06:37:00,158.37,158.5,158.37,158.5,347.291
2025-11-09 06:38:00,158.49,158.54,158.49,158.54,428.562
2025-11-09 06:39:00,158.53,158.83,158.53,158.83,4196.911
2025-11-09 06:40:00,158.82,158.99,158.82,158.98,1675.971
2025-11-09 06:41:00,158.99,159.12,158.98,159.08,2934.551
2025-11-09 06:42:00,159.08,159.1,158.95,158.96,5034.295
2025-11-09 06:43:00,158.96,159.04,158.84,158.87,4445.738
2025-11-09 06:44:00,158.87,158.93,158.77,158.89,4115.214
2025-11-09 06:45:00,158.9,158.96,158.64,158.64,1496.476
2025-11-09 06:46:00,158.64,158.66,158.56,158.56,2476.732
2025-11-09 06:47:00,158.56,158.56,158.47,158.51,940.417
2025-11-09 06:48:00,158.51,158.56,158.51,158.53,515.838
2025-11-09 06:49:00,158.52,158.55,158.5,158.52,526.449
2025-11-09 06:50:00,158.53,158.54,158.44,158.44,1359.39
2025-11-09 06:51:00,158.45,158.45,158.31,158.33,516.655
2025-11-09 06:52:00,158.33,158.35,158.2,158.22,856.532
2025-11-09 06:53:00,158.22,158.23,158.14,158.16,5181.772
2025-11-09 06:54:00,158.16,158.17,158.14,158.15,645.816
2025-11-09 06:55:00,158.15,158.23,158.14,158.16,786.911
2025-11-09 06:56:00,158.16,158.2,158.13,158.14,1095.772
2025-11-09 06:57:00,158.14,158.21,158.13,158.21,238.07
2025-11-09 06:58:00,158.21,158.26,158.21,158.25,133.745
2025-11-09 06:59:00,158.26,158.31,158.25,158.26,180.815
2025-11-09 07:00:00,158.26,158.32,158.25,158.29,274.658
2025-11-09 07:01:00,158.28,158.34,158.21,158.25,883.837
2025-11-09 07:02:00,158.25,158.28,158.18,158.27,324.525
2025-11-09 07:03:00,158.28,158.44,158.28,158.38,924.649
2025-11-09 07:04:00,158.39,158.5,158.3,158.36,3889.252
2025-11-09 07:05:00,158.36,158.37,158.26,158.37,1137.445
2025-11-09 07:06:00,158.38,158.46,158.37,158.46,250.024
2025-11-09 07:07:00,158.46,158.47,158.19,158.19,393.833
2025-11-09 07:08:00,158.2,158.27,158.14,158.27,234.754
2025-11-09 07:09:00,158.26,158.27,158.19,158.24,691.164
2025-11-09 07:10:00,158.23,158.23,158.14,158.15,861.857
2025-11-09 07:11:00,158.16,158.26,158.15,158.26,149.379
2025-11-09 07:12:00,158.25,158.3,158.25,158.3,356.346
2025-11-09 07:13:00,158.3,158.34,158.29,158.33,113.203
2025-11-09 07:14:00,158.33,158.39,158.28,158.33,746.758
2025-11-09 07:15:00,158.32,158.38,158.3,158.37,173.187
2025-11-09 07:16:00,158.37,158.5,158.35,158.36,396.227
2025-11-09 07:17:00,158.35,158.38,158.26,158.36,214.608
2025-11-09 07:18:00,158.36,158.45,158.25,158.29,504.037
2025-11-09 07:19:00,158.3,158.41,158.28,158.41,1092.624
2025-11-09 07:20:00,158.42,158.44,158.37,158.43,331.287
2025-11-09 07:21:00,158.44,158.44,158.28,158.38,900.376
2025-11-09 07:22:00,158.37,158.38,157.88,158.03,4362.92
2025-11-09 07:23:00,158.03,158.04,157.91,158.0,517.654
2025-11-09 07:24:00,158.01,158.01,157.86,157.88,1098.945
2025-11-09 07:25:00,157.87,158.03,157.85,158.03,1535.953
2025-11-09 07:26:00,158.03,158.11,158.0,158.0,1447.457
2025-11-09 07:27:00,158.0,158.03,157.95,158.02,142.229
2025-11-09 07:28:00,158.03,158.06,157.95,157.95,344.642
2025-11-09 07:29:00,157.95,157.99,157.92,157.94,314.401
2025-11-09 07:30:00,157.93,158.23,157.92,158.19,989.146
2025-11-09 07:31:00,158.19,158.37,158.17,158.35,404.725
2025-11-09 07:32:00,158.36,158.45,158.35,158.41,558.012
2025-11-09 07:33:00,158.42,158.59,158.41,158.59,3500.375
2025-11-09 07:34:00,158.59,158.85,158.58,158.73,1824.499
2025-11-09 07:35:00,158.73,158.85,158.69,158.85,387.651
2025-11-09 07:36:00,158.84,158.89,158.82,158.88,659.879
2025-11-09 07:37:00,158.88,158.89,158.75,158.86,1180.143
2025-11-09 07:38:00,158.85,158.88,158.8,158.81,1654.162
2025-11-09 07:39:00,158.8,159.49,158.8,159.45,23733.469
2025-11-09 07:40:00,159.45,159.54,159.3,159.3,10862.606
2025-11-09 07:41:00,159.3,159.49,159.18,159.42,15694.024
2025-11-09 07:42:00,159.42,159.56,159.34,159.49,3671.536
2025-11-09 07:43:00,159.5,159.51,159.26,159.27,3244.626
2025-11-09 07:44:00,159.27,159.49,159.27,159.35,3996.155
2025-11-09 07:45:00,159.35,159.5,159.35,159.41,832.033
2025-11-09 07:46:00,159.4,159.58,159.4,159.41,1598.062
2025-11-09 07:47:00,159.41,159.42,159.24,159.32,863.179
2025-11-09 07:48:00,159.32,159.51,159.32,159.51,1012.199
2025-11-09 07:49:00,159.52,159.55,159.42,159.48,2246.411
2025-11-09 07:50:00,159.48,159.55,159.33,159.47,1913.543
2025-11-09 07:51:00,159.47,159.54,159.36,159.37,1372.083
2025-11-09 07:52:00,159.36,159.37,159.23,159.24,1172.551
2025-11-09 07:53:00,159.24,159.25,159.2,159.23,2249.285
2025-11-09 07:54:00,159.23,159.3,159.22,159.27,1000.517
2025-11-09 07:55:00,159.27,159.28,159.22,159.27,708.923
2025-11-09 07:56:00,159.27,159.34,159.23,159.28,1209.104
2025-11-09 07:57:00,159.28,159.33,159.27,159.29,324.188
2025-11-09 07:58:00,159.3,159.41,159.22,159.26,699.376
2025-11-09 07:59:00,159.26,159.3,159.23,159.3,341.127
2025-11-09 08:00:00,159.29,159.35,159.25,159.3,1195.421
2025-11-09 08:01:00,159.29,159.3,159.14,159.15,734.102
2025-11-09 08:02:00,159.16,159.3,159.15,159.16,707.985
2025-11-09 08:03:00,159.16,159.17,159.02,159.11,1927.856
2025-11-09 08:04:00,159.11,159.12,158.97,159.09,655.83
2025-11-09 08:05:00,159.09,159.11,158.99,158.99,819.784
2025-11-09 08:06:00,159.0,159.06,158.99,159.05,1165.191
2025-11-09 08:07:00,159.05,159.05,158.95,158.96,958.491
2025-11-09 08:08:00,158.96,159.13,158.96,159.12,424.284
2025-11-09 08:09:00,159.12,159.21,159.1,159.21,402.814
2025-11-09 08:10:00,159.21,159.22,159.16,159.17,715.011
2025-11-09 08:11:00,159.17,159.23,159.16,159.16,462.517
2025-11-09 08:12:00,159.17,159.35,159.16,159.35,1208.29
2025-11-09 08:13:00,159.35,159.5,159.35,159.46,1265.355
2025-11-09 08:14:00,159.46,159.58,159.46,159.52,1140.23
2025-11-09 08:15:00,159.52,159.65,159.38,159.38,2215.04
2025-11-09 08:16:00,159.38,159.47,159.37,159.45,726.548
2025-11-09 08:17:00,159.46,159.49,159.38,159.41,1298.749
2025-11-09 08:18:00,159.4,159.48,159.35,159.35,722.56
2025-11-09 08:19:00,159.36,159.41,159.33,159.35,1087.971
2025-11-09 08:20:00,159.35,159.35,159.08,159.11,473.754
2025-11-09 08:21:00,159.11,159.12,159.02,159.03,405.288
2025-11-09 08:22:00,159.03,159.03,158.89,158.89,1349.3
2025-11-09 08:23:00,158.89,158.95,158.76,158.94,2951.737
2025-11-09 08:24:00,158.95,159.11,158.93,159.07,1980.884
2025-11-09 08:25:00,159.06,159.06,158.96,158.96,1088.359
2025-11-09 08:26:00,158.97,159.1,158.96,159.09,1305.744
2025-11-09 08:27:00,159.1,159.13,159.09,159.12,356.056
2025-11-09 08:28:00,159.12,159.13,159.04,159.04,2863.095
2025-11-09 08:29:00,159.05,159.13,159.01,159.1,546.57
2025-11-09 08:30:00,159.09,159.36,159.09,159.36,1026.628
2025-11-09 08:31:00,159.36,159.54,159.36,159.46,553.726
2025-11-09 08:32:00,159.47,159.69,159.47,159.55,1912.569
2025-11-09 08:33:00,159.54,159.61,159.45,159.47,1025.831
2025-11-09 08:34:00,159.46,159.46,159.29,159.29,458.027
2025-11-09 08:35:00,159.29,159.3,159.2,159.2,615.157
2025-11-09 08:36:00,159.2,159.46,159.18,159.38,1070.965
2025-11-09 08:37:00,159.38,159.39,159.12,159.25,618.823
2025-11-09 08:38:00,159.25,159.38,159.25,159.35,1303.173
2025-11-09 08:39:00,159.36,159.36,159.27,159.28,735.756
2025-11-09 08:40:00,159.29,159.5,159.28,159.49,577.978
2025-11-09 08:41:00,159.49,159.57,159.46,159.49,2993.455
2025-11-09 08:42:00,159.48,159.48,159.33,159.34,1060.256
2025-11-09 08:43:00,159.34,159.48,159.33,159.47,732.434
2025-11-09 08:44:00,159.48,159.57,159.47,159.53,675.198
2025-11-09 08:45:00,159.53,159.53,159.38,159.42,312.934
2025-11-09 08:46:00,159.41,159.41,159.18,159.19,916.966
2025-11-09 08:47:00,159.18,159.27,159.17,159.26,498.838
2025-11-09 08:48:00,159.27,159.29,159.12,159.13,455.758
2025-11-09 08:49:00,159.13,159.15,158.89,159.1,2872.917
2025-11-09 08:50:00,159.11,159.12,159.02,159.02,374.259
2025-11-09 08:51:00,159.03,159.09,158.98,159.02,816.626
2025-11-09 08:52:00,159.02,159.13,159.02,159.11,482.712
2025-11-09 08:53:00,159.12,159.17,159.1,159.16,732.734
2025-11-09 08:54:00,159.16,159.2,159.16,159.18,182.352
2025-11-09 08:55:00,159.17,159.29,159.17,159.22,588.657
2025-11-09 08:56:00,159.22,159.33,159.22,159.32,840.256
2025-11-09 08:57:00,159.31,159.32,159.18,159.19,506.624
2025-11-09 08:58:00,159.19,159.24,159.19,159.24,100.423
2025-11-09 08:59:00,159.24,159.46,159.22,159.46,849.904
2025-11-09 09:00:00,159.46,159.68,159.46,159.67,2200.115
2025-11-09 09:01:00,159.67,159.72,159.56,159.56,1544.38
2025-11-09 09:02:00,159.56,159.77,159.54,159.65,1422.454
2025-11-09 09:03:00,159.64,159.77,159.64,159.73,926.433
2025-11-09 09:04:00,159.72,159.72,159.52,159.65,692.72
2025-11-09 09:05:00,159.65,159.65,159.58,159.62,476.089
2025-11-09 09:06:00,159.61,159.71,159.59,159.61,375.385
2025-11-09 09:07:00,159.62,159.7,159.6,159.69,492.555
2025-11-09 09:08:00,159.7,159.72,159.62,159.64,358.669
2025-11-09 09:09:00,159.64,159.94,159.6,159.62,2768.205
2025-11-09 09:10:00,159.61,159.63,159.51,159.52,335.285
2025-11-09 09:11:00,159.51,159.62,159.51,159.59,515.554
2025-11-09 09:12:00,159.6,159.76,159.6,159.62,868.023
2025-11-09 09:13:00,159.63,159.69,159.57,159.63,1570.723
2025-11-09 09:14:00,159.63,159.64,159.4,159.43,903.326
2025-11-09 09:15:00,159.43,159.47,159.37,159.4,827.946
2025-11-09 09:16:00,159.39,159.39,159.23,159.25,1126.048
2025-11-09 09:17:00,159.25,159.39,159.15,159.34,864.068
2025-11-09 09:18:00,159.34,159.48,159.34,159.48,704.204
2025-11-09 09:19:00,159.48,159.69,159.48,159.67,3128.015
2025-11-09 09:20:00,159.66,159.82,159.66,159.78,956.681
2025-11-09 09:21:00,159.78,159.87,159.76,159.86,1227.792
2025-11-09 09:22:00,159.86,159.86,159.71,159.78,683.232
2025-11-09 09:23:00,159.78,159.87,159.78,159.8,1039.363
2025-11-09 09:24:00,159.8,159.87,159.78,159.85,600.009
2025-11-09 09:25:00,159.85,159.86,159.53,159.53,3029.719
2025-11-09 09:26:00,159.53,159.53,159.23,159.23,1255.023
2025-11-09 09:27:00,159.23,159.23,159.01,159.02,744.174
2025-11-09 09:28:00,159.02,159.1,158.93,159.06,2025.45
2025-11-09 09:29:00,159.06,159.08,158.94,159.08,3721.667
2025-11-09 09:30:00,159.08,159.14,159.03,159.06,1251.534
2025-11-09 09:31:00,159.06,159.06,158.84,158.87,2994.666
2025-11-09 09:32:00,158.87,158.88,158.77,158.86,1315.098
2025-11-09 09:33:00,158.87,158.91,158.77,158.8,890.668
2025-11-09 09:34:00,158.8,159.0,158.76,158.99,2135.295
2025-11-09 09:35:00,159.0,159.0,158.86,158.98,647.494
2025-11-09 09:36:00,158.99,159.1,158.96,158.98,911.115
2025-11-09 09:37:00,158.97,158.98,158.81,158.97,1211.291
2025-11-09 09:38:00,158.97,159.03,158.89,159.03,375.394
2025-11-09 09:39:00,159.03,159.15,159.03,159.07,693.134
2025-11-09 09:40:00,159.06,159.07,158.95,159.01,856.056
2025-11-09 09:41:00,159.0,159.04,158.99,159.03,437.972
2025-11-09 09:42:00,159.03,159.04,159.0,159.0,738.686
2025-11-09 09:43:00,159.01,159.01,158.91,158.91,743.835
2025-11-09 09:44:00,158.91,158.91,158.73,158.76,1104.222
2025-11-09 09:45:00,158.76,158.76,158.52,158.69,2288.428
2025-11-09 09:46:00,158.69,158.82,158.69,158.82,861.483
2025-11-09 09:47:00,158.82,158.84,158.56,158.63,431.352
2025-11-09 09:48:00,158.64,158.72,158.54,158.57,1743.638
2025-11-09 09:49:00,158.57,158.78,158.57,158.75,1076.364
2025-11-09 09:50:00,158.74,158.81,158.73,158.79,395.188
2025-11-09 09:51:00,158.79,158.86,158.71,158.83,629.95
2025-11-09 09:52:00,158.83,158.83,158.33,158.46,2097.968
2025-11-09 09:53:00,158.46,158.51,158.42,158.43,739.423
2025-11-09 09:54:00,158.44,158.44,158.3,158.3,707.359
2025-11-09 09:55:00,158.31,158.39,158.23,158.33,1813.424
2025-11-09 09:56:00,158.33,158.33,158.2,158.21,2713.981
2025-11-09 09:57:00,158.22,158.39,158.17,158.29,1688.22
2025-11-09 09:58:00,158.29,158.39,158.22,158.38,1313.727
2025-11-09 09:59:00,158.38,158.41,158.23,158.27,1409.932
2025-11-09 10:00:00,158.26,158.27,157.81,158.09,4655.239
2025-11-09 10:01:00,158.09,158.09,157.87,157.96,1284.581
2025-11-09 10:02:00,157.96,158.22,157.96,158.2,1541.504
2025-11-09 10:03:00,158.21,158.25,158.08,158.15,790.424
2025-11-09 10:04:00,158.16,158.25,158.04,158.18,914.4
2025-11-09 10:05:00,158.19,158.19,157.9,157.98,719.694
2025-11-09 10:06:00,157.98,158.04,157.73,157.75,1571.638
2025-11-09 10:07:00,157.75,157.86,157.56,157.82,2108.237
2025-11-09 10:08:00,157.82,157.93,157.8,157.93,656.207
2025-11-09 10:09:00,157.93,157.96,157.87,157.92,1430.097
2025-11-09 10:10:00,157.91,158.03,157.84,158.03,922.081
2025-11-09 10:11:00,158.03,158.05,157.96,157.96,277.48
2025-11-09 10:12:00,157.96,157.97,157.84,157.85,456.08
2025-11-09 10:13:00,157.86,157.95,157.79,157.91,636.177
2025-11-09 10:14:00,157.91,157.95,157.81,157.93,818.507
2025-11-09 10:15:00,157.92,158.14,157.92,158.13,734.373
2025-11-09 10:16:00,158.14,158.17,158.06,158.07,486.335
2025-11-09 10:17:00,158.07,158.08,157.55,157.59,662.001
2025-11-09 10:18:00,157.58,157.63,157.46,157.63,1006.874
2025-11-09 10:19:00,157.62,157.65,157.46,157.5,3140.863
2025-11-09 10:20:00,157.49,157.56,157.35,157.45,1497.373
2025-11-09 10:21:00,157.45,157.6,157.31,157.32,1068.163
2025-11-09 10:22:00,157.32,157.57,157.28,157.47,1046.803
2025-11-09 10:23:00,157.48,157.66,157.46,157.63,595.793
2025-11-09 10:24:00,157.64,157.75,157.63,157.71,657.383
2025-11-09 10:25:00,157.71,157.71,157.5,157.51,564.808
2025-11-09 10:26:00,157.51,157.65,157.44,157.65,753.233
2025-11-09 10:27:00,157.65,157.82,157.62,157.82,1406.246
2025-11-09 10:28:00,157.82,157.95,157.7,157.73,1043.902
2025-11-09 10:29:00,157.73,157.84,157.7,157.7,1096.898
2025-11-09 10:30:00,157.7,157.75,157.65,157.66,536.338
2025-11-09 10:31:00,157.65,157.69,157.54,157.68,492.782
2025-11-09 10:32:00,157.68,157.68,157.52,157.61,637.962
2025-11-09 10:33:00,157.62,157.65,157.4,157.45,1038.122
2025-11-09 10:34:00,157.46,157.46,157.33,157.35,805.977
2025-11-09 10:35:00,157.36,157.41,157.28,157.4,320.506
2025-11-09 10:36:00,157.4,157.51,157.39,157.45,533.893
2025-11-09 10:37:00,157.46,157.53,157.4,157.43,695.285
2025-11-09 10:38:00,157.43,157.62,157.43,157.54,759.815
2025-11-09 10:39:00,157.53,157.56,157.51,157.56,107.284
2025-11-09 10:40:00,157.55,157.7,157.55,157.7,327.899
2025-11-09 10:41:00,157.69,157.74,157.68,157.69,320.172
2025-11-09 10:42:00,157.69,157.7,157.56,157.58,1097.747
2025-11-09 10:43:00,157.58,157.67,157.57,157.63,274.657
2025-11-09 10:44:00,157.63,157.77,157.63,157.77,375.778
2025-11-09 10:45:00,157.77,157.84,157.75,157.82,653.687
2025-11-09 10:46:00,157.82,157.94,157.82,157.91,353.84
2025-11-09 10:47:00,157.91,158.09,157.87,158.08,1428.217
2025-11-09 10:48:00,158.07,158.25,158.06,158.09,4255.608
2025-11-09 10:49:00,158.09,158.23,158.06,158.19,842.525
2025-11-09 10:50:00,158.19,158.19,158.08,158.1,424.535
2025-11-09 10:51:00,158.11,158.24,158.04,158.21,644.401
2025-11-09 10:52:00,158.2,158.24,158.07,158.08,452.97
2025-11-09 10:53:00,158.07,158.07,157.95,158.01,603.988
2025-11-09 10:54:00,158.0,158.09,157.99,158.07,545.091
2025-11-09 10:55:00,158.07,158.09,158.03,158.09,1713.713
2025-11-09 10:56:00,158.09,158.11,158.02,158.11,419.25
2025-11-09 10:57:00,158.1,158.18,158.1,158.17,379.182
2025-11-09 10:58:00,158.18,158.3,158.17,158.29,358.118
2025-11-09 10:59:00,158.29,158.45,158.29,158.44,632.611
2025-11-09 11:00:00,158.44,158.74,158.44,158.66,1277.931
2025-11-09 11:01:00,158.66,158.8,158.59,158.61,751.46
2025-11-09 11:02:00,158.61,158.68,158.61,158.67,311.488
2025-11-09 11:03:00,158.67,158.99,158.65,158.94,1310.453
2025-11-09 11:04:00,158.94,159.22,158.94,159.19,2369.714
2025-11-09 11:05:00,159.19,159.19,158.95,159.08,1444.314
2025-11-09 11:06:00,159.08,159.09,158.87,159.02,733.359
2025-11-09 11:07:00,159.03,159.31,158.91,158.96,1286.052
2025-11-09 11:08:00,158.97,159.33,158.97,159.31,1071.904
2025-11-09 11:09:00,159.32,159.32,159.0,159.07,1225.399
2025-11-09 11:10:00,159.06,159.24,159.06,159.21,705.104
2025-11-09 11:11:00,159.22,159.24,159.13,159.2,1440.064
2025-11-09 11:12:00,159.2,159.21,158.91,158.93,1019.481
2025-11-09 11:13:00,158.93,159.02,158.85,158.92,553.4
2025-11-09 11:14:00,158.91,159.35,158.91,159.34,4175.811
2025-11-09 11:15:00,159.34,159.5,159.24,159.29,3619.059
2025-11-09 11:16:00,159.28,159.47,159.28,159.42,453.066
2025-11-09 11:17:00,159.43,159.43,159.28,159.3,3457.149
2025-11-09 11:18:00,159.3,159.41,159.03,159.08,1210.466
2025-11-09 11:19:00,159.07,159.08,158.98,159.03,4863.633
2025-11-09 11:20:00,159.02,159.22,159.01,159.22,1376.395
2025-11-09 11:21:00,159.21,159.3,159.01,159.05,979.779
2025-11-09 11:22:00,159.04,159.06,158.93,158.93,2937.273
2025-11-09 11:23:00,158.93,158.93,158.86,158.91,579.584
2025-11-09 11:24:00,158.92,159.01,158.85,159.01,1434.326
2025-11-09 11:25:00,159.0,159.11,158.98,159.05,4870.701
2025-11-09 11:26:00,159.06,159.35,159.06,159.29,497.325
2025-11-09 11:27:00,159.3,159.36,159.13,159.13,1446.278
2025-11-09 11:28:00,159.13,159.21,159.12,159.16,1193.998
2025-11-09 11:29:00,159.15,159.16,158.98,159.08,324.267
2025-11-09 11:30:00,159.07,159.08,158.82,158.84,1002.052
2025-11-09 11:31:00,158.83,159.0,158.8,158.93,1140.956
2025-11-09 11:32:00,158.93,159.11,158.93,159.04,1493.004
2025-11-09 11:33:00,159.03,159.03,158.78,158.84,372.486
2025-11-09 11:34:00,158.84,158.86,158.7,158.8,1068.539
2025-11-09 11:35:00,158.8,158.9,158.73,158.75,596.5
2025-11-09 11:36:00,158.76,158.87,158.7,158.8,1889.882
2025-11-09 11:37:00,158.81,158.89,158.78,158.85,395.075
2025-11-09 11:38:00,158.85,158.91,158.83,158.84,750.049
2025-11-09 11:39:00,158.83,158.91,158.73,158.9,431.028
2025-11-09 11:40:00,158.9,158.94,158.86,158.87,296.536
2025-11-09 11:41:00,158.87,158.88,158.79,158.84,365.946
2025-11-09 11:42:00,158.84,159.06,158.84,159.02,2107.394
2025-11-09 11:43:00,159.01,159.02,158.95,158.99,238.827
2025-11-09 11:44:00,159.0,159.11,159.0,159.09,168.73
2025-11-09 11:45:00,159.1,159.16,159.05,159.15,342.028
2025-11-09 11:46:00,159.16,159.28,159.05,159.24,1080.014
2025-11-09 11:47:00,159.25,159.28,159.11,159.13,824.93
2025-11-09 11:48:00,159.13,159.19,159.04,159.12,497.884
2025-11-09 11:49:00,159.11,159.21,159.09,159.18,1044.808
2025-11-09 11:50:00,159.18,159.18,159.07,159.12,711.163
2025-11-09 11:51:00,159.13,159.23,159.12,159.15,767.993
2025-11-09 11:52:00,159.16,159.3,159.15,159.19,1556.459
2025-11-09 11:53:00,159.19,159.25,159.1,159.21,734.555
2025-11-09 11:54:00,159.22,159.22,158.96,158.98,1819.63
2025-11-09 11:55:00,158.98,159.04,158.88,158.9,1681.834
2025-11-09 11:56:00,158.89,158.99,158.84,158.93,891.304
2025-11-09 11:57:00,158.93,159.04,158.91,159.03,400.937
2025-11-09 11:58:00,159.02,159.02,158.89,158.96,183.588
2025-11-09 11:59:00,158.95,159.07,158.95,159.06,581.498
2025-11-09 12:00:00,159.06,159.08,158.83,158.93,418.482
2025-11-09 12:01:00,158.93,158.94,158.84,158.86,520.853
2025-11-09 12:02:00,158.87,158.89,158.72,158.77,742.04
2025-11-09 12:03:00,158.78,158.88,158.63,158.71,1186.009
2025-11-09 12:04:00,158.71,158.77,158.66,158.76,1159.717
2025-11-09 12:05:00,158.77,158.9,158.77,158.78,448.217
2025-11-09 12:06:00,158.78,158.78,158.59,158.73,899.806
2025-11-09 12:07:00,158.73,158.92,158.73,158.91,346.319
2025-11-09 12:08:00,158.9,158.91,158.76,158.77,636.309
2025-11-09 12:09:00,158.77,158.85,158.73,158.81,597.078
2025-11-09 12:10:00,158.81,158.87,158.77,158.87,487.362
2025-11-09 12:11:00,158.88,159.0,158.87,158.89,523.748
2025-11-09 12:12:00,158.9,158.95,158.84,158.95,483.515
2025-11-09 12:13:00,158.96,159.06,158.95,159.06,1254.077
2025-11-09 12:14:00,159.06,159.08,158.91,158.95,2618.991
2025-11-09 12:15:00,158.96,159.29,158.96,159.13,3442.447
2025-11-09 12:16:00,159.12,159.29,159.0,159.25,1267.981
2025-11-09 12:17:00,159.24,159.41,159.11,159.17,4691.042
2025-11-09 12:18:00,159.16,159.44,159.1,159.38,3438.872
2025-11-09 12:19:00,159.39,159.5,159.39,159.46,2715.113
2025-11-09 12:20:00,159.46,159.77,159.42,159.74,2756.493
2025-11-09 12:21:00,159.75,159.97,159.57,159.67,7312.121
2025-11-09 12:22:00,159.67,159.67,159.46,159.51,7875.285
2025-11-09 12:23:00,159.51,159.79,159.5,159.79,2074.09
2025-11-09 12:24:00,159.78,159.84,159.69,159.71,6129.109
2025-11-09 12:25:00,159.71,159.71,159.25,159.3,6756.58
2025-11-09 12:26:00,159.31,159.5,159.29,159.45,1615.878
2025-11-09 12:27:00,159.44,159.44,159.14,159.15,1238.713
2025-11-09 12:28:00,159.16,159.27,158.95,159.0,6359.293
2025-11-09 12:29:00,159.0,159.11,158.99,159.08,1879.251
2025-11-09 12:30:00,159.08,159.13,158.96,159.06,557.955
2025-11-09 12:31:00,159.06,159.28,159.05,159.23,1025.02
2025-11-09 12:32:00,159.23,159.24,159.1,159.23,1028.24
2025-11-09 12:33:00,159.23,159.32,159.13,159.32,636.081
2025-11-09 12:34:00,159.31,159.31,159.14,159.14,863.236
2025-11-09 12:35:00,159.15,159.21,159.11,159.12,544.441
2025-11-09 12:36:00,159.11,159.27,159.07,159.27,607.148
2025-11-09 12:37:00,159.27,159.43,159.26,159.4,892.829
2025-11-09 12:38:00,159.4,159.48,159.32,159.35,1046.552
2025-11-09 12:39:00,159.36,159.4,159.25,159.3,697.47
2025-11-09 12:40:00,159.3,159.37,159.27,159.36,442.136
2025-11-09 12:41:00,159.37,159.44,159.36,159.4,1103.53
2025-11-09 12:42:00,159.4,159.48,159.39,159.48,287.571
2025-11-09 12:43:00,159.48,159.48,159.42,159.43,504.57
2025-11-09 12:44:00,159.42,159.42,159.32,159.39,391.822
2025-11-09 12:45:00,159.39,159.46,159.31,159.31,1029.017
2025-11-09 12:46:00,159.31,159.49,159.27,159.49,387.94
2025-11-09 12:47:00,159.49,159.54,159.23,159.25,1753.216
2025-11-09 12:48:00,159.25,159.34,159.25,159.34,521.827
2025-11-09 12:49:00,159.34,159.38,159.28,159.28,514.107
2025-11-09 12:50:00,159.27,159.27,159.11,159.13,812.018
2025-11-09 12:51:00,159.13,159.25,159.13,159.24,779.59
2025-11-09 12:52:00,159.25,159.25,159.19,159.24,779.445
2025-11-09 12:53:00,159.25,159.33,159.2,159.32,784.59
2025-11-09 12:54:00,159.33,159.34,159.06,159.1,1191.429
2025-11-09 12:55:00,159.11,159.19,159.1,159.19,328.568
2025-11-09 12:56:00,159.19,159.19,159.05,159.06,567.728
2025-11-09 12:57:00,159.05,159.13,159.05,159.08,680.091
2025-11-09 12:58:00,159.08,159.12,159.02,159.11,506.757
2025-11-09 12:59:00,159.11,159.14,159.05,159.1,1063.87
2025-11-09 13:00:00,159.1,159.11,159.0,159.0,606.162
2025-11-09 13:01:00,159.0,159.18,159.0,159.05,2429.613
2025-11-09 13:02:00,159.05,159.27,159.05,159.21,783.606
2025-11-09 13:03:00,159.22,159.28,159.17,159.23,775.479
2025-11-09 13:04:00,159.22,159.22,159.11,159.22,965.422
2025-11-09 13:05:00,159.23,159.63,159.23,159.63,2250.363
2025-11-09 13:06:00,159.64,159.8,159.6,159.62,953.005
2025-11-09 13:07:00,159.61,159.64,159.56,159.56,322.806
2025-11-09 13:08:00,159.56,159.59,159.4,159.49,1138.347
2025-11-09 13:09:00,159.5,159.58,159.45,159.56,1878.936
2025-11-09 13:10:00,159.55,159.64,159.42,159.42,1932.37
2025-11-09 13:11:00,159.42,159.62,159.32,159.6,1286.587
2025-11-09 13:12:00,159.6,159.82,159.6,159.71,1407.551
2025-11-09 13:13:00,159.71,159.94,159.71,159.85,2421.352
2025-11-09 13:14:00,159.86,159.88,159.77,159.82,1835.017
2025-11-09 13:15:00,159.82,159.9,159.67,159.68,2048.146
2025-11-09 13:16:00,159.68,159.76,159.5,159.55,1374.383
2025-11-09 13:17:00,159.56,159.83,159.55,159.74,6003.111
2025-11-09 13:18:00,159.74,159.76,159.62,159.64,1380.039
2025-11-09 13:19:00,159.65,159.77,159.51,159.68,5873.497
2025-11-09 13:20:00,159.67,159.78,159.61,159.63,2335.602
2025-11-09 13:21:00,159.64,159.64,159.39,159.56,5594.642
2025-11-09 13:22:00,159.55,159.72,159.53,159.72,1562.472
2025-11-09 13:23:00,159.72,159.87,159.72,159.85,2071.889
2025-11-09 13:24:00,159.84,159.85,159.68,159.68,5344.738
2025-11-09 13:25:00,159.69,159.76,159.61,159.64,2350.116
2025-11-09 13:26:00,159.64,159.7,159.55,159.59,1437.329
2025-11-09 13:27:00,159.58,159.77,159.58,159.75,1510.939
2025-11-09 13:28:00,159.76,159.77,159.69,159.7,840.815
2025-11-09 13:29:00,159.7,159.79,159.64,159.79,1332.069
2025-11-09 13:30:00,159.78,159.85,159.58,159.61,1448.137
2025-11-09 13:31:00,159.62,159.7,159.44,159.44,2494.859
2025-11-09 13:32:00,159.45,159.7,159.45,159.62,1659.933
2025-11-09 13:33:00,159.62,160.04,159.59,160.03,2832.986
2025-11-09 13:34:00,160.04,160.26,159.96,159.96,4733.591
2025-11-09 13:35:00,159.96,160.0,159.79,159.94,2621.346
2025-11-09 13:36:00,159.93,159.94,159.8,159.92,5850.723
2025-11-09 13:37:00,159.92,159.95,159.85,159.89,1313.724
2025-11-09 13:38:00,159.9,160.05,159.89,160.01,1903.753
2025-11-09 13:39:00,160.01,160.36,160.01,160.31,5664.508
2025-11-09 13:40:00,160.3,160.3,160.05,160.08,2054.506
2025-11-09 13:41:00,160.08,160.34,159.94,160.26,5847.36
2025-11-09 13:42:00,160.26,160.35,160.11,160.11,5655.11
2025-11-09 13:43:00,160.11,160.39,160.11,160.27,3453.703
2025-11-09 13:44:00,160.27,160.29,160.14,160.28,2669.008
2025-11-09 13:45:00,160.29,160.31,160.13,160.14,4387.355
2025-11-09 13:46:00,160.13,160.22,159.92,160.2,10331.925
2025-11-09 13:47:00,160.2,160.32,160.2,160.23,1973.396
2025-11-09 13:48:00,160.22,160.37,160.14,160.31,2895.673
2025-11-09 13:49:00,160.31,160.4,160.17,160.39,2512.66
2025-11-09 13:50:00,160.39,160.51,160.39,160.46,1050.229
2025-11-09 13:51:00,160.47,160.49,160.39,160.48,3204.999
2025-11-09 13:52:00,160.48,160.48,160.33,160.34,1931.695
2025-11-09 13:53:00,160.33,160.33,160.17,160.2,6729.433
2025-11-09 13:54:00,160.21,160.25,160.08,160.11,1559.391
2025-11-09 13:55:00,160.11,160.22,160.08,160.13,6269.033
2025-11-09 13:56:00,160.13,160.13,159.87,159.88,3181.976
2025-11-09 13:57:00,159.87,160.1,159.84,160.07,5342.829
2025-11-09 13:58:00,160.08,160.08,159.9,160.0,2974.003
2025-11-09 13:59:00,160.01,160.1,160.0,160.06,1909.009
2025-11-09 14:00:00,160.05,160.05,159.77,159.78,1870.38
2025-11-09 14:01:00,159.78,159.78,159.52,159.75,12809.602
2025-11-09 14:02:00,159.75,159.84,159.59,159.73,3877.821
2025-11-09 14:03:00,159.72,159.73,159.58,159.62,1844.215
2025-11-09 14:04:00,159.61,159.61,159.38,159.42,1929.385
2025-11-09 14:05:00,159.41,159.5,159.26,159.33,2069.016
2025-11-09 14:06:00,159.32,159.54,159.3,159.54,2763.048
2025-11-09 14:07:00,159.54,159.74,159.44,159.73,1812.371
2025-11-09 14:08:00,159.73,159.84,159.65,159.81,10756.972
2025-11-09 14:09:00,159.8,160.45,159.79,160.16,5893.724
2025-11-09 14:10:00,160.17,160.29,160.04,160.08,3121.126
2025-11-09 14:11:00,160.09,160.72,160.09,160.44,10979.691
2025-11-09 14:12:00,160.45,160.47,160.23,160.32,4165.669
2025-11-09 14:13:00,160.32,160.36,160.16,160.16,1184.093
2025-11-09 14:14:00,160.15,160.27,160.13,160.14,2513.61
2025-11-09 14:15:00,160.13,160.14,160.01,160.02,2273.271
2025-11-09 14:16:00,160.02,160.2,160.0,160.01,3218.812
2025-11-09 14:17:00,160.01,160.06,159.6,159.68,14644.461
2025-11-09 14:18:00,159.67,160.35,159.49,160.29,19237.208
2025-11-09 14:19:00,160.3,160.53,160.25,160.38,7650.482
2025-11-09 14:20:00,160.37,160.38,160.12,160.18,2778.248
2025-11-09 14:21:00,160.18,160.23,159.96,159.98,4011.19
2025-11-09 14:22:00,159.98,160.19,159.98,160.11,2383.952
2025-11-09 14:23:00,160.1,160.18,160.06,160.06,1836.655
2025-11-09 14:24:00,160.07,160.16,160.0,160.11,1752.053
2025-11-09 14:25:00,160.11,160.52,160.1,160.49,2877.109
2025-11-09 14:26:00,160.49,161.5,160.49,161.44,18003.637
2025-11-09 14:27:00,161.45,161.81,161.16,161.73,14118.979
2025-11-09 14:28:00,161.74,162.03,161.69,161.92,12872.477
2025-11-09 14:29:00,161.92,162.42,161.82,162.4,13062.816
2025-11-09 14:30:00,162.4,163.12,162.36,162.65,28821.681
2025-11-09 14:31:00,162.65,162.66,162.22,162.48,8842.975
2025-11-09 14:32:00,162.48,162.89,162.45,162.65,12447.471
2025-11-09 14:33:00,162.65,163.08,162.29,162.79,23077.397
2025-11-09 14:34:00,162.8,163.03,162.42,162.43,9922.351
2025-11-09 14:35:00,162.42,162.64,162.24,162.28,17587.143
2025-11-09 14:36:00,162.29,162.33,162.1,162.15,22181.91
2025-11-09 14:37:00,162.14,162.22,161.92,162.11,15835.626
2025-11-09 14:38:00,162.11,162.11,161.68,161.74,5080.528
2025-11-09 14:39:00,161.75,161.8,161.46,161.48,5625.507
2025-11-09 14:40:00,161.48,161.56,161.25,161.5,3960.568
2025-11-09 14:41:00,161.5,161.82,161.49,161.75,15238.432
2025-11-09 14:42:00,161.75,161.75,161.44,161.44,2979.174
2025-11-09 14:43:00,161.45,161.47,161.17,161.21,3460.61
2025-11-09 14:44:00,161.21,161.36,161.1,161.25,4136.113
2025-11-09 14:45:00,161.25,161.32,161.08,161.11,2417.863
2025-11-09 14:46:00,161.12,161.3,161.07,161.24,4174.959
2025-11-09 14:47:00,161.24,161.45,161.12,161.12,1853.596
2025-11-09 14:48:00,161.13,161.16,160.64,160.68,14102.15
2025-11-09 14:49:00,160.68,160.71,160.36,160.6,9873.522
2025-11-09 14:50:00,160.59,160.98,160.59,160.96,10086.363
2025-11-09 14:51:00,160.96,161.27,160.95,161.09,6574.519
2025-11-09 14:52:00,161.08,161.18,160.99,161.09,2519.803
2025-11-09 14:53:00,161.09,161.14,160.9,160.91,2907.519
2025-11-09 14:54:00,160.91,161.15,160.87,160.98,1863.698
2025-11-09 14:55:00,160.99,161.08,160.98,161.01,2266.067
2025-11-09 14:56:00,161.01,161.01,160.63,160.7,1856.144
2025-11-09 14:57:00,160.69,160.72,160.03,160.35,74327.559
2025-11-09 14:58:00,160.35,160.35,159.74,159.99,33972.35
2025-11-09 14:59:00,159.98,160.15,159.82,160.15,6486.344
2025-11-09 15:00:00,160.15,160.35,160.14,160.33,6703.272
2025-11-09 15:01:00,160.33,160.33,160.1,160.15,8248.213
2025-11-09 15:02:00,160.15,160.15,159.72,159.89,5615.278
2025-11-09 15:03:00,159.89,160.5,159.72,160.45,17401.525
2025-11-09 15:04:00,160.45,160.73,160.43,160.68,14726.514
2025-11-09 15:05:00,160.67,160.7,160.37,160.62,26028.918
2025-11-09 15:06:00,160.62,161.02,160.62,161.0,5423.093
2025-11-09 15:07:00,160.99,161.21,160.96,161.04,5126.421
2025-11-09 15:08:00,161.04,161.19,160.99,161.17,3825.425
2025-11-09 15:09:00,161.17,161.3,160.99,161.1,2149.388
2025-11-09 15:10:00,161.1,161.49,161.08,161.49,7582.835
2025-11-09 15:11:00,161.49,161.72,161.41,161.52,6557.491
2025-11-09 15:12:00,161.52,161.78,161.51,161.75,4375.386
2025-11-09 15:13:00,161.75,161.8,161.58,161.8,10615.522
2025-11-09 15:14:00,161.79,161.79,161.58,161.58,1653.69
2025-11-09 15:15:00,161.58,161.62,161.38,161.5,7652.32
2025-11-09 15:16:00,161.5,161.9,161.5,161.75,9157.046
2025-11-09 15:17:00,161.75,162.02,161.71,161.88,11238.871
2025-11-09 15:18:00,161.89,162.12,161.89,162.12,5026.861
2025-11-09 15:19:00,162.12,162.44,162.12,162.38,4031.762
2025-11-09 15:20:00,162.38,162.4,162.07,162.3,3033.475
2025-11-09 15:21:00,162.3,162.7,162.28,162.54,13435.545
2025-11-09 15:22:00,162.53,162.66,162.26,162.32,3694.039
2025-11-09 15:23:00,162.32,162.88,162.29,162.86,5328.098
2025-11-09 15:24:00,162.85,162.88,162.24,162.38,3813.198
2025-11-09 15:25:00,162.37,162.37,162.19,162.27,3191.503
2025-11-09 15:26:00,162.28,162.5,162.2,162.39,4409.303
2025-11-09 15:27:00,162.4,162.52,162.4,162.47,1670.845
2025-11-09 15:28:00,162.46,162.46,162.26,162.43,4722.651
2025-11-09 15:29:00,162.44,162.87,162.44,162.85,3233.759
2025-11-09 15:30:00,162.86,162.88,162.62,162.85,4984.271
2025-11-09 15:31:00,162.85,162.95,162.66,162.72,5005.939
2025-11-09 15:32:00,162.72,162.88,162.56,162.73,3807.348
2025-11-09 15:33:00,162.73,162.93,162.66,162.83,2365.56
2025-11-09 15:34:00,162.83,162.96,162.73,162.85,2595.378
2025-11-09 15:35:00,162.84,163.26,162.82,163.25,13707.653
2025-11-09 15:36:00,163.25,163.5,163.06,163.5,8508.105
2025-11-09 15:37:00,163.5,163.9,163.45,163.74,18444.202
2025-11-09 15:38:00,163.74,163.9,163.47,163.5,6525.656
2025-11-09 15:39:00,163.5,163.54,163.3,163.48,3815.194
2025-11-09 15:40:00,163.49,163.85,163.49,163.85,2868.816
2025-11-09 15:41:00,163.85,163.91,163.52,163.73,2865.294
2025-11-09 15:42:00,163.73,163.95,163.73,163.93,3122.242
2025-11-09 15:43:00,163.93,163.98,163.76,163.91,4859.577
2025-11-09 15:44:00,163.91,163.91,163.55,163.55,2623.623
2025-11-09 15:45:00,163.55,163.64,163.12,163.23,5028.246
2025-11-09 15:46:00,163.22,163.31,162.89,163.05,6627.315
2025-11-09 15:47:00,163.05,163.2,163.01,163.14,2753.387
2025-11-09 15:48:00,163.15,163.2,162.9,162.96,3922.863
2025-11-09 15:49:00,162.97,163.16,162.72,162.8,5378.382
2025-11-09 15:50:00,162.81,163.08,162.73,163.03,3139.04
2025-11-09 15:51:00,163.04,163.14,162.75,162.79,2901.58
2025-11-09 15:52:00,162.78,163.02,162.76,162.89,2814.092
2025-11-09 15:53:00,162.9,163.21,162.81,162.87,3637.829
2025-11-09 15:54:00,162.88,162.92,162.33,162.5,5696.8
2025-11-09 15:55:00,162.5,162.7,162.27,162.52,2595.272
2025-11-09 15:56:00,162.53,162.55,162.29,162.46,1368.461
2025-11-09 15:57:00,162.45,162.46,162.28,162.29,2098.882
2025-11-09 15:58:00,162.29,162.54,162.28,162.47,1587.973
2025-11-09 15:59:00,162.48,162.54,162.47,162.53,676.395
2025-11-09 16:00:00,162.53,162.75,162.53,162.65,2447.269
2025-11-09 16:01:00,162.64,162.87,162.58,162.73,4120.291
2025-11-09 16:02:00,162.72,162.78,162.45,162.45,1667.491
2025-11-09 16:03:00,162.44,162.55,162.3,162.38,2021.551
2025-11-09 16:04:00,162.38,162.59,162.3,162.55,2297.24
2025-11-09 16:05:00,162.56,162.73,162.42,162.53,1930.857
2025-11-09 16:06:00,162.53,162.66,162.38,162.6,929.282
2025-11-09 16:07:00,162.61,162.64,162.5,162.61,1768.679
2025-11-09 16:08:00,162.6,162.6,162.02,162.16,2870.396
2025-11-09 16:09:00,162.15,162.34,162.11,162.13,2732.719
2025-11-09 16:10:00,162.13,162.13,161.93,161.99,9806.689
2025-11-09 16:11:00,161.99,162.16,161.93,162.14,1459.197
2025-11-09 16:12:00,162.13,162.21,162.03,162.18,2879.306
2025-11-09 16:13:00,162.18,162.33,162.12,162.18,950.759
2025-11-09 16:14:00,162.18,162.19,161.93,162.0,1225.802
2025-11-09 16:15:00,161.99,162.3,161.95,162.09,2337.62
2025-11-09 16:16:00,162.09,162.09,161.83,161.85,2793.946
2025-11-09 16:17:00,161.85,161.95,161.81,161.87,2072.538
2025-11-09 16:18:00,161.86,162.18,161.86,162.13,1421.338
2025-11-09 16:19:00,162.12,162.27,162.09,162.09,2099.567
2025-11-09 16:20:00,162.1,162.42,162.09,162.2,1284.495
2025-11-09 16:21:00,162.19,162.26,162.13,162.26,1164.844
2025-11-09 16:22:00,162.25,162.45,162.2,162.25,2485.064
2025-11-09 16:23:00,162.25,162.32,162.05,162.09,1371.839
2025-11-09 16:24:00,162.08,162.22,162.03,162.2,1018.921
2025-11-09 16:25:00,162.2,162.26,162.16,162.25,941.32
2025-11-09 16:26:00,162.25,162.5,162.25,162.36,1573.472
2025-11-09 16:27:00,162.35,162.49,162.32,162.45,476.567
2025-11-09 16:28:00,162.46,162.46,162.28,162.41,714.033
2025-11-09 16:29:00,162.4,162.4,162.2,162.3,739.725
2025-11-09 16:30:00,162.29,162.32,162.12,162.25,8847.367
2025-11-09 16:31:00,162.25,162.3,162.13,162.24,2686.848
2025-11-09 16:32:00,162.24,162.3,162.1,162.19,4114.719
2025-11-09 16:33:00,162.2,162.25,162.18,162.23,1065.626
2025-11-09 16:34:00,162.23,162.3,162.21,162.24,592.04
2025-11-09 16:35:00,162.24,162.42,162.19,162.42,655.126
2025-11-09 16:36:00,162.41,162.84,162.41,162.79,3903.628
2025-11-09 16:37:00,162.8,162.88,162.47,162.54,912.002
2025-11-09 16:38:00,162.54,162.56,162.39,162.56,1035.896
2025-11-09 16:39:00,162.56,162.58,162.46,162.48,846.12
2025-11-09 16:40:00,162.48,162.58,162.45,162.58,654.22
2025-11-09 16:41:00,162.58,162.73,162.57,162.63,1366.881
2025-11-09 16:42:00,162.63,162.63,162.55,162.59,610.712
2025-11-09 16:43:00,162.6,162.73,162.57,162.61,1603.566
2025-11-09 16:44:00,162.6,162.64,162.55,162.56,600.747
2025-11-09 16:45:00,162.56,162.63,162.51,162.52,1133.214
2025-11-09 16:46:00,162.53,162.79,162.52,162.76,1407.32
2025-11-09 16:47:00,162.76,162.84,162.76,162.8,619.473
2025-11-09 16:48:00,162.81,162.87,162.77,162.8,1578.371
2025-11-09 16:49:00,162.79,162.79,162.69,162.75,2032.079
2025-11-09 16:50:00,162.76,162.91,162.75,162.76,1804.47
2025-11-09 16:51:00,162.75,162.97,162.75,162.97,1346.594
2025-11-09 16:52:00,162.96,163.04,162.93,162.96,1500.995
2025-11-09 16:53:00,162.97,163.17,162.93,163.17,3875.678
2025-11-09 16:54:00,163.16,163.16,162.98,163.03,1819.975
2025-11-09 16:55:00,163.02,163.02,162.82,162.83,1525.527
2025-11-09 16:56:00,162.84,162.9,162.8,162.9,844.599
2025-11-09 16:57:00,162.89,163.06,162.89,163.04,2850.942
2025-11-09 16:58:00,163.03,163.06,162.94,162.94,1319.887
2025-11-09 16:59:00,162.94,162.99,162.92,162.93,287.946
2025-11-09 17:00:00,162.94,163.0,162.87,162.92,2035.933
2025-11-09 17:01:00,162.93,162.93,162.72,162.75,820.282
2025-11-09 17:02:00,162.76,163.0,162.76,162.91,1233.838
2025-11-09 17:03:00,162.92,163.0,162.9,162.9,1040.724
2025-11-09 17:04:00,162.9,162.9,162.45,162.57,4164.983
2025-11-09 17:05:00,162.56,162.73,162.52,162.52,1133.269
2025-11-09 17:06:00,162.51,162.62,162.51,162.57,1305.2
2025-11-09 17:07:00,162.57,162.57,162.41,162.41,907.379
2025-11-09 17:08:00,162.42,162.56,162.38,162.51,1368.584
2025-11-09 17:09:00,162.52,162.56,162.46,162.55,2208.331
2025-11-09 17:10:00,162.56,162.56,162.39,162.39,769.287
2025-11-09 17:11:00,162.39,162.43,162.23,162.28,979.546
2025-11-09 17:12:00,162.28,162.3,162.23,162.23,585.608
2025-11-09 17:13:00,162.23,162.32,162.22,162.26,2029.926
2025-11-09 17:14:00,162.27,162.39,162.2,162.39,1226.723
2025-11-09 17:15:00,162.38,162.38,162.27,162.27,943.803
2025-11-09 17:16:00,162.27,162.29,162.2,162.27,464.812
2025-11-09 17:17:00,162.28,162.28,162.11,162.12,1141.781
2025-11-09 17:18:00,162.13,162.17,161.96,162.04,2138.456
2025-11-09 17:19:00,162.04,162.04,161.95,162.03,2117.111
2025-11-09 17:20:00,162.03,162.03,161.42,161.63,15326.929
2025-11-09 17:21:00,161.63,161.79,161.58,161.76,2112.287
2025-11-09 17:22:00,161.75,161.86,161.68,161.69,1680.925
2025-11-09 17:23:00,161.69,161.78,161.42,161.77,4344.463
2025-11-09 17:24:00,161.78,161.97,161.77,161.82,1613.608
2025-11-09 17:25:00,161.81,161.82,161.72,161.8,1085.851
2025-11-09 17:26:00,161.81,161.95,161.71,161.75,3596.484
2025-11-09 17:27:00,161.75,161.76,161.64,161.64,1240.396
2025-11-09 17:28:00,161.65,161.72,161.57,161.67,2605.372
2025-11-09 17:29:00,161.67,161.74,161.67,161.69,1187.992
2025-11-09 17:30:00,161.7,161.88,161.7,161.77,1842.628
2025-11-09 17:31:00,161.76,161.83,161.64,161.83,1366.558
2025-11-09 17:32:00,161.83,161.94,161.83,161.87,1156.793
2025-11-09 17:33:00,161.87,162.0,161.87,161.93,2420.15
2025-11-09 17:34:00,161.92,161.95,161.84,161.87,4181.621
2025-11-09 17:35:00,161.87,161.94,161.76,161.93,1754.08
2025-11-09 17:36:00,161.94,162.02,161.93,162.0,783.33
2025-11-09 17:37:00,162.0,162.04,161.68,161.69,1348.648
2025-11-09 17:38:00,161.69,161.75,161.63,161.73,3196.727
2025-11-09 17:39:00,161.72,161.73,161.5,161.5,832.011
2025-11-09 17:40:00,161.51,161.51,161.28,161.4,4027.273
2025-11-09 17:41:00,161.4,161.43,161.23,161.23,1788.217
2025-11-09 17:42:00,161.24,161.34,161.24,161.3,2464.56
2025-11-09 17:43:00,161.29,161.41,161.28,161.35,2269.216
2025-11-09 17:44:00,161.35,161.4,161.33,161.37,1855.205
2025-11-09 17:45:00,161.38,161.42,161.35,161.37,1117.672
2025-11-09 17:46:00,161.37,161.59,161.36,161.56,1528.059
2025-11-09 17:47:00,161.56,161.67,161.54,161.62,774.377
2025-11-09 17:48:00,161.61,161.67,161.53,161.61,1043.445
2025-11-09 17:49:00,161.62,161.69,161.58,161.66,421.656
2025-11-09 17:50:00,161.67,161.75,161.66,161.74,1129.198
2025-11-09 17:51:00,161.75,161.75,161.62,161.73,1355.7
2025-11-09 17:52:00,161.73,161.76,161.66,161.66,1834.716
2025-11-09 17:53:00,161.67,161.8,161.65,161.8,1337.535
2025-11-09 17:54:00,161.8,161.92,161.79,161.88,578.741
2025-11-09 17:55:00,161.87,161.88,161.77,161.86,662.766
2025-11-09 17:56:00,161.87,161.87,161.7,161.7,896.246
2025-11-09 17:57:00,161.71,161.86,161.7,161.77,1175.149
2025-11-09 17:58:00,161.78,161.8,161.75,161.76,380.041
2025-11-09 17:59:00,161.75,161.8,161.69,161.8,1499.108
2025-11-09 18:00:00,161.8,161.91,161.76,161.76,1228.772
2025-11-09 18:01:00,161.77,161.89,161.74,161.88,1830.635
2025-11-09 18:02:00,161.89,161.89,161.84,161.84,1079.72
2025-11-09 18:03:00,161.85,161.89,161.73,161.85,768.189
2025-11-09 18:04:00,161.86,161.94,161.79,161.92,1967.765
2025-11-09 18:05:00,161.92,161.94,161.83,161.94,684.479
2025-11-09 18:06:00,161.94,162.0,161.86,161.97,1377.725
2025-11-09 18:07:00,161.98,161.98,161.7,161.71,829.303
2025-11-09 18:08:00,161.7,161.72,161.5,161.5,931.133
2025-11-09 18:09:00,161.51,161.66,161.51,161.63,2266.303
2025-11-09 18:10:00,161.63,161.64,161.55,161.61,1161.717
2025-11-09 18:11:00,161.61,161.64,161.5,161.51,1123.06
2025-11-09 18:12:00,161.51,161.56,161.49,161.5,1038.003
2025-11-09 18:13:00,161.49,161.53,161.46,161.48,655.731
2025-11-09 18:14:00,161.48,161.61,161.47,161.56,1666.457
2025-11-09 18:15:00,161.55,161.55,161.46,161.47,709.992
2025-11-09 18:16:00,161.47,161.51,161.46,161.47,680.544
2025-11-09 18:17:00,161.47,161.47,161.35,161.39,1007.857
2025-11-09 18:18:00,161.39,161.65,161.38,161.62,3262.879
2025-11-09 18:19:00,161.62,161.73,161.61,161.72,668.819
2025-11-09 18:20:00,161.73,161.84,161.54,161.62,1627.306
2025-11-09 18:21:00,161.62,161.62,161.44,161.44,554.51
2025-11-09 18:22:00,161.45,161.45,161.4,161.44,495.814
2025-11-09 18:23:00,161.45,161.45,161.39,161.42,526.76
2025-11-09 18:24:00,161.41,161.54,161.41,161.5,934.598
2025-11-09 18:25:00,161.49,161.52,161.44,161.44,670.81
2025-11-09 18:26:00,161.44,161.66,161.44,161.65,683.239
2025-11-09 18:27:00,161.65,161.7,161.58,161.69,428.366
2025-11-09 18:28:00,161.7,161.7,161.61,161.64,963.848
2025-11-09 18:29:00,161.64,161.64,161.55,161.55,437.392
2025-11-09 18:30:00,161.55,161.61,161.54,161.6,878.53
2025-11-09 18:31:00,161.59,161.71,161.56,161.7,1034.963
2025-11-09 18:32:00,161.71,161.85,161.67,161.78,1303.018
2025-11-09 18:33:00,161.77,161.86,161.76,161.77,1173.397
2025-11-09 18:34:00,161.78,161.87,161.76,161.76,1032.39
2025-11-09 18:35:00,161.77,161.92,161.77,161.92,989.292
2025-11-09 18:36:00,161.91,162.0,161.91,161.92,594.057
2025-11-09 18:37:00,161.92,161.95,161.84,161.91,957.513
2025-11-09 18:38:00,161.92,162.23,161.92,162.22,2934.841
2025-11-09 18:39:00,162.23,162.23,162.11,162.13,513.385
2025-11-09 18:40:00,162.13,162.25,162.13,162.25,639.107
2025-11-09 18:41:00,162.25,162.3,162.21,162.3,967.938
2025-11-09 18:42:00,162.3,162.42,162.3,162.39,895.418
2025-11-09 18:43:00,162.39,162.48,162.37,162.48,335.094
2025-11-09 18:44:00,162.49,162.68,162.46,162.68,1949.185
2025-11-09 18:45:00,162.67,162.71,162.6,162.6,1198.274
2025-11-09 18:46:00,162.61,162.63,162.46,162.47,859.144
2025-11-09 18:47:00,162.47,162.63,162.47,162.63,555.18
2025-11-09 18:48:00,162.63,162.89,162.62,162.88,1952.402
2025-11-09 18:49:00,162.89,163.44,162.86,163.31,19809.001
2025-11-09 18:50:00,163.3,163.63,163.29,163.5,14967.713
2025-11-09 18:51:00,163.5,163.5,163.24,163.31,2827.925
2025-11-09 18:52:00,163.32,163.47,163.25,163.26,1910.612
2025-11-09 18:53:00,163.26,163.48,163.22,163.48,2007.699
2025-11-09 18:54:00,163.48,163.58,163.32,163.58,1299.521
2025-11-09 18:55:00,163.57,163.74,163.57,163.73,2715.802
2025-11-09 18:56:00,163.74,163.8,163.51,163.65,2528.615
2025-11-09 18:57:00,163.65,163.89,163.65,163.88,1571.537
2025-11-09 18:58:00,163.88,164.0,163.83,163.95,5656.373
2025-11-09 18:59:00,163.94,164.08,163.91,163.99,12898.239
2025-11-09 19:00:00,163.99,164.15,163.69,163.97,3260.783
2025-11-09 19:01:00,163.97,163.97,163.64,163.72,7314.795
2025-11-09 19:02:00,163.72,163.84,163.69,163.72,1776.844
2025-11-09 19:03:00,163.71,163.89,163.71,163.84,1256.119
2025-11-09 19:04:00,163.83,163.88,163.71,163.72,1964.943
2025-11-09 19:05:00,163.71,163.73,163.51,163.64,2161.154
2025-11-09 19:06:00,163.64,163.72,163.53,163.71,1675.729
2025-11-09 19:07:00,163.7,163.83,163.63,163.83,1343.773
2025-11-09 19:08:00,163.83,163.9,163.8,163.87,1303.044
2025-11-09 19:09:00,163.88,163.88,163.55,163.55,3349.795
2025-11-09 19:10:00,163.55,163.68,163.41,163.62,2975.23
2025-11-09 19:11:00,163.61,163.73,163.52,163.56,1494.463
2025-11-09 19:12:00,163.55,163.57,163.36,163.56,1852.822
2025-11-09 19:13:00,163.57,163.77,163.56,163.69,1454.83
2025-11-09 19:14:00,163.7,163.7,163.54,163.59,1881.482
2025-11-09 19:15:00,163.58,163.77,163.56,163.76,2062.396
2025-11-09 19:16:00,163.76,163.76,163.5,163.57,1550.336
2025-11-09 19:17:00,163.58,163.77,163.57,163.76,900.523
2025-11-09 19:18:00,163.77,163.99,163.76,163.94,2349.154
2025-11-09 19:19:00,163.95,164.0,163.94,163.98,744.211
2025-11-09 19:20:00,163.98,164.09,163.92,164.09,2682.031
2025-11-09 19:21:00,164.08,164.43,164.06,164.35,5636.624
2025-11-09 19:22:00,164.35,164.46,164.31,164.31,4493.115
2025-11-09 19:23:00,164.31,164.53,164.3,164.52,10445.416
2025-11-09 19:24:00,164.53,164.6,164.5,164.55,3499.196
2025-11-09 19:25:00,164.55,164.62,164.46,164.53,3029.351
2025-11-09 19:26:00,164.53,164.74,164.52,164.6,3823.471
2025-11-09 19:27:00,164.6,164.85,164.55,164.55,3831.078
2025-11-09 19:28:00,164.56,164.76,164.5,164.75,2726.596
2025-11-09 19:29:00,164.75,165.23,164.73,165.12,48006.101
2025-11-09 19:30:00,165.12,166.06,165.12,165.69,25775.086
2025-11-09 19:31:00,165.68,165.88,165.55,165.73,4576.787
2025-11-09 19:32:00,165.74,165.84,165.6,165.77,3983.801
2025-11-09 19:33:00,165.76,165.77,165.53,165.55,3851.38
2025-11-09 19:34:00,165.55,165.55,165.28,165.33,6480.205
2025-11-09 19:35:00,165.33,165.38,165.05,165.06,4249.618
2025-11-09 19:36:00,165.06,165.34,165.03,165.34,5507.474
2025-11-09 19:37:00,165.34,165.5,165.21,165.25,2143.263
2025-11-09 19:38:00,165.25,165.42,165.25,165.34,4734.913
2025-11-09 19:39:00,165.35,165.5,165.33,165.43,6404.041
2025-11-09 19:40:00,165.42,165.46,165.23,165.32,5522.727
2025-11-09 19:41:00,165.32,165.35,165.17,165.19,2367.026
2025-11-09 19:42:00,165.2,165.21,165.05,165.09,3562.252
2025-11-09 19:43:00,165.08,165.24,165.08,165.16,2460.651
2025-11-09 19:44:00,165.16,165.17,165.07,165.1,1468.351
2025-11-09 19:45:00,165.11,165.23,165.1,165.13,2163.981
2025-11-09 19:46:00,165.14,165.26,164.95,165.21,5624.584
2025-11-09 19:47:00,165.21,165.22,164.89,165.06,4153.777
2025-11-09 19:48:00,165.05,165.4,165.05,165.39,4601.947
2025-11-09 19:49:00,165.39,165.39,165.04,165.14,2851.695
2025-11-09 19:50:00,165.15,165.45,165.14,165.39,7801.368
2025-11-09 19:51:00,165.39,165.58,165.37,165.58,6137.213
2025-11-09 19:52:00,165.58,165.8,165.57,165.69,2830.601
2025-11-09 19:53:00,165.69,165.74,165.63,165.72,3262.213
2025-11-09 19:54:00,165.73,165.78,165.61,165.65,4228.701
2025-11-09 19:55:00,165.64,165.69,165.53,165.62,1889.854
2025-11-09 19:56:00,165.62,165.83,165.61,165.82,2698.514
2025-11-09 19:57:00,165.83,166.31,165.82,166.07,10014.969
2025-11-09 19:58:00,166.08,166.08,165.91,165.97,5447.743
2025-11-09 19:59:00,165.98,166.16,165.93,166.15,4499.739
2025-11-09 20:00:00,166.16,166.28,165.99,166.04,4429.865
2025-11-09 20:01:00,166.03,166.13,166.0,166.05,2681.761
2025-11-09 20:02:00,166.04,166.36,166.01,166.23,5337.384
2025-11-09 20:03:00,166.23,166.25,165.75,165.8,2664.287
2025-11-09 20:04:00,165.81,166.21,165.81,166.1,2682.109
2025-11-09 20:05:00,166.11,166.24,165.98,165.98,4187.24
2025-11-09 20:06:00,165.97,165.97,165.33,165.56,5698.08
2025-11-09 20:07:00,165.56,165.59,165.42,165.44,4190.884
2025-11-09 20:08:00,165.44,165.65,165.38,165.5,6710.349
2025-11-09 20:09:00,165.51,165.62,165.46,165.46,4770.521
2025-11-09 20:10:00,165.45,165.46,165.1,165.23,6201.558
2025-11-09 20:11:00,165.22,165.41,165.12,165.4,4251.325
2025-11-09 20:12:00,165.4,165.41,165.29,165.36,4395.706
2025-11-09 20:13:00,165.35,165.41,165.23,165.35,3809.378
2025-11-09 20:14:00,165.35,165.36,165.22,165.26,5554.871
2025-11-09 20:15:00,165.26,165.28,165.01,165.23,10476.026
2025-11-09 20:16:00,165.23,165.43,165.13,165.34,6141.075
2025-11-09 20:17:00,165.34,165.65,165.3,165.6,5266.116
2025-11-09 20:18:00,165.61,165.76,165.6,165.73,4978.153
2025-11-09 20:19:00,165.73,165.74,165.42,165.46,5734.479
2025-11-09 20:20:00,165.45,165.5,165.36,165.49,2373.793
2025-11-09 20:21:00,165.5,165.66,165.42,165.66,2785.898
2025-11-09 20:22:00,165.66,165.66,165.44,165.45,3030.87
2025-11-09 20:23:00,165.44,165.55,165.44,165.55,3684.839
2025-11-09 20:24:00,165.56,165.76,165.55,165.71,3288.863
2025-11-09 20:25:00,165.7,165.7,165.49,165.54,1541.372
2025-11-09 20:26:00,165.55,165.6,165.42,165.43,2949.911
2025-11-09 20:27:00,165.43,165.5,165.37,165.47,2860.088
2025-11-09 20:28:00,165.47,165.58,165.47,165.58,899.359
2025-11-09 20:29:00,165.58,165.71,165.58,165.65,2582.742
2025-11-09 20:30:00,165.66,165.74,165.61,165.65,1604.094
2025-11-09 20:31:00,165.65,165.79,165.65,165.76,2875.407
2025-11-09 20:32:00,165.76,165.99,165.76,165.86,2970.285
2025-11-09 20:33:00,165.87,165.99,165.75,165.84,2524.038
2025-11-09 20:34:00,165.84,165.99,165.81,165.89,1734.903
2025-11-09 20:35:00,165.89,165.97,165.81,165.87,1225.544
2025-11-09 20:36:00,165.87,165.9,165.86,165.89,170.311
2025-11-09 20:37:00,165.9,165.9,165.76,165.86,814.907
2025-11-09 20:38:00,165.86,165.89,165.73,165.85,533.724
2025-11-09 20:39:00,165.85,165.89,165.62,165.71,638.404
2025-11-09 20:40:00,165.72,165.78,165.67,165.76,423.734
2025-11-09 20:41:00,165.76,165.83,165.65,165.69,3433.032
2025-11-09 20:42:00,165.7,165.72,165.64,165.69,594.581
2025-11-09 20:43:00,165.69,165.83,165.69,165.73,465.946
2025-11-09 20:44:00,165.73,165.89,165.65,165.65,7553.641
2025-11-09 20:45:00,165.64,165.66,165.39,165.39,4366.139
2025-11-09 20:46:00,165.39,165.71,165.37,165.69,595.24
2025-11-09 20:47:00,165.69,165.69,165.55,165.55,898.321
2025-11-09 20:48:00,165.56,165.6,165.43,165.49,1629.37
2025-11-09 20:49:00,165.48,165.54,165.46,165.53,2260.201
2025-11-09 20:50:00,165.53,165.7,165.5,165.7,1249.545
2025-11-09 20:51:00,165.69,165.7,165.59,165.66,1168.781
2025-11-09 20:52:00,165.66,165.67,165.43,165.56,2740.125
2025-11-09 20:53:00,165.57,165.57,165.43,165.51,891.194
2025-11-09 20:54:00,165.51,165.63,165.51,165.63,1000.418
2025-11-09 20:55:00,165.63,165.65,165.61,165.62,386.597
2025-11-09 20:56:00,165.62,165.62,165.5,165.52,735.486
2025-11-09 20:57:00,165.53,165.53,165.48,165.48,193.372
2025-11-09 20:58:00,165.47,165.5,165.22,165.26,4225.525
2025-11-09 20:59:00,165.26,165.35,165.25,165.33,1392.248
2025-11-09 21:00:00,165.33,165.55,165.31,165.51,2321.44
2025-11-09 21:01:00,165.51,165.58,165.41,165.54,810.127
2025-11-09 21:02:00,165.53,165.53,165.35,165.49,801.159
2025-11-09 21:03:00,165.5,165.54,165.4,165.46,303.839
2025-11-09 21:04:00,165.47,165.61,165.47,165.56,966.429
2025-11-09 21:05:00,165.56,165.66,165.46,165.65,2266.791
2025-11-09 21:06:00,165.65,165.68,165.58,165.68,420.917
2025-11-09 21:07:00,165.68,165.8,165.64,165.65,632.414
2025-11-09 21:08:00,165.64,165.65,165.41,165.54,1464.713
2025-11-09 21:09:00,165.54,165.58,165.48,165.49,644.355
2025-11-09 21:10:00,165.49,165.49,165.29,165.36,1401.538
2025-11-09 21:11:00,165.36,165.37,165.07,165.14,2195.593
2025-11-09 21:12:00,165.14,165.23,165.07,165.15,1336.156
2025-11-09 21:13:00,165.14,165.17,164.92,165.02,2753.473
2025-11-09 21:14:00,165.01,165.01,164.89,164.97,1348.178
2025-11-09 21:15:00,164.97,165.15,164.97,165.05,1061.863
2025-11-09 21:16:00,165.06,165.32,165.05,165.31,1291.483
2025-11-09 21:17:00,165.31,165.38,165.21,165.31,923.194
2025-11-09 21:18:00,165.31,165.4,165.27,165.38,1598.578
2025-11-09 21:19:00,165.38,165.38,165.16,165.31,1089.261
2025-11-09 21:20:00,165.31,165.43,165.29,165.43,789.338
2025-11-09 21:21:00,165.44,165.54,165.38,165.38,949.291
2025-11-09 21:22:00,165.38,165.44,165.33,165.36,1502.643
2025-11-09 21:23:00,165.37,165.39,165.23,165.26,1577.561
2025-11-09 21:24:00,165.26,165.27,165.19,165.23,904.495
2025-11-09 21:25:00,165.22,165.28,165.21,165.28,241.775
2025-11-09 21:26:00,165.29,165.32,165.18,165.2,622.67
2025-11-09 21:27:00,165.21,165.3,165.19,165.29,421.816
2025-11-09 21:28:00,165.29,165.29,165.2,165.27,574.591
2025-11-09 21:29:00,165.28,165.35,165.28,165.34,436.798
2025-11-09 21:30:00,165.33,165.37,165.15,165.24,329.242
2025-11-09 21:31:00,165.24,165.3,165.19,165.28,1318.936
2025-11-09 21:32:00,165.28,165.35,165.12,165.15,930.033
2025-11-09 21:33:00,165.14,165.21,165.09,165.1,781.346
2025-11-09 21:34:00,165.09,165.18,165.09,165.15,355.577
2025-11-09 21:35:00,165.14,165.19,165.05,165.06,1596.373
2025-11-09 21:36:00,165.05,165.11,164.98,164.99,2476.722
2025-11-09 21:37:00,165.0,165.1,164.98,165.05,780.096
2025-11-09 21:38:00,165.05,165.05,164.77,164.84,1009.118
2025-11-09 21:39:00,164.84,165.09,164.82,165.09,1692.909
2025-11-09 21:40:00,165.08,165.38,165.08,165.29,2157.848
2025-11-09 21:41:00,165.28,165.52,165.28,165.46,1026.284
2025-11-09 21:42:00,165.46,165.46,165.09,165.15,598.765
2025-11-09 21:43:00,165.14,165.14,164.88,164.94,969.944
2025-11-09 21:44:00,164.95,165.11,164.94,165.08,2025.676
2025-11-09 21:45:00,165.09,165.23,165.07,165.15,632.451
2025-11-09 21:46:00,165.15,165.16,164.96,165.0,784.834
2025-11-09 21:47:00,165.01,165.1,164.98,165.02,1160.686
2025-11-09 21:48:00,165.03,165.16,164.93,164.93,1316.872
2025-11-09 21:49:00,164.94,165.01,164.93,164.98,693.501
2025-11-09 21:50:00,164.98,164.98,164.91,164.91,503.647
2025-11-09 21:51:00,164.92,164.94,164.79,164.8,817.592
2025-11-09 21:52:00,164.79,164.85,164.61,164.68,6769.096
2025-11-09 21:53:00,164.68,164.75,164.62,164.71,2576.944
2025-11-09 21:54:00,164.72,164.72,164.48,164.53,1326.779
2025-11-09 21:55:00,164.52,164.71,164.38,164.62,2741.761
2025-11-09 21:56:00,164.61,164.7,164.45,164.61,2726.405
2025-11-09 21:57:00,164.62,165.01,164.61,164.99,5605.639
2025-11-09 21:58:00,164.99,165.05,164.91,164.99,843.379
2025-11-09 21:59:00,165.0,165.23,164.99,165.22,1649.498
2025-11-09 22:00:00,165.22,165.39,165.22,165.37,1349.057
2025-11-09 22:01:00,165.36,165.42,164.93,165.02,3807.546
2025-11-09 22:02:00,165.01,165.1,164.93,165.01,1718.875
2025-11-09 22:03:00,165.0,165.04,164.86,164.95,929.146
2025-11-09 22:04:00,164.95,165.0,164.86,164.91,1181.323
2025-11-09 22:05:00,164.92,164.98,164.84,164.91,1895.585
2025-11-09 22:06:00,164.92,164.97,164.87,164.92,2106.179
2025-11-09 22:07:00,164.92,164.95,164.73,164.81,1135.349
2025-11-09 22:08:00,164.81,164.83,164.68,164.68,989.109
2025-11-09 22:09:00,164.68,164.74,164.35,164.37,1501.953
2025-11-09 22:10:00,164.38,164.63,164.38,164.62,2461.487
2025-11-09 22:11:00,164.62,164.67,164.46,164.66,1361.749
2025-11-09 22:12:00,164.65,164.74,164.44,164.47,1238.68
2025-11-09 22:13:00,164.47,164.65,164.47,164.55,535.661
2025-11-09 22:14:00,164.55,164.59,164.45,164.58,752.841
2025-11-09 22:15:00,164.59,164.89,164.59,164.85,1819.682
2025-11-09 22:16:00,164.85,164.97,164.82,164.9,1482.236
2025-11-09 22:17:00,164.91,165.0,164.84,164.86,968.102
2025-11-09 22:18:00,164.86,164.99,164.8,164.97,1601.801
2025-11-09 22:19:00,164.98,165.1,164.97,165.08,1362.481
2025-11-09 22:20:00,165.09,165.17,165.03,165.03,1147.932
2025-11-09 22:21:00,165.03,165.03,164.69,164.8,1005.643
2025-11-09 22:22:00,164.81,164.96,164.81,164.96,1438.928
2025-11-09 22:23:00,164.96,165.01,164.87,164.91,1054.384
2025-11-09 22:24:00,164.91,164.91,164.77,164.83,1055.089
2025-11-09 22:25:00,164.83,164.83,164.63,164.74,1141.88
2025-11-09 22:26:00,164.73,164.83,164.67,164.67,886.703
2025-11-09 22:27:00,164.68,164.68,164.59,164.63,431.747
2025-11-09 22:28:00,164.63,164.65,164.53,164.56,688.831
2025-11-09 22:29:00,164.57,164.6,164.53,164.54,496.793
2025-11-09 22:30:00,164.55,164.57,164.51,164.56,505.216
2025-11-09 22:31:00,164.55,164.73,164.55,164.68,953.469
2025-11-09 22:32:00,164.68,164.8,164.68,164.8,1144.432
2025-11-09 22:33:00,164.8,164.8,164.46,164.49,3688.463
2025-11-09 22:34:00,164.5,164.55,164.48,164.55,236.593
2025-11-09 22:35:00,164.55,164.55,164.26,164.36,1774.63
2025-11-09 22:36:00,164.36,164.38,164.2,164.2,1596.57
2025-11-09 22:37:00,164.19,164.26,164.12,164.24,2102.224
2025-11-09 22:38:00,164.24,164.4,164.16,164.25,3563.899
2025-11-09 22:39:00,164.25,164.42,164.25,164.32,866.211
2025-11-09 22:40:00,164.33,164.35,164.22,164.24,1349.925
2025-11-09 22:41:00,164.24,164.34,164.23,164.34,314.465
2025-11-09 22:42:00,164.34,164.47,164.34,164.41,728.237
2025-11-09 22:43:00,164.41,164.51,164.4,164.51,558.97
2025-11-09 22:44:00,164.5,164.54,164.5,164.53,273.825
2025-11-09 22:45:00,164.53,164.78,164.53,164.77,741.117
2025-11-09 22:46:00,164.78,164.82,164.77,164.79,445.587
2025-11-09 22:47:00,164.8,164.82,164.78,164.78,773.761
2025-11-09 22:48:00,164.78,165.05,164.77,165.01,1539.376
2025-11-09 22:49:00,165.02,165.27,164.97,165.27,655.409
2025-11-09 22:50:00,165.27,165.44,165.18,165.4,1286.152
2025-11-09 22:51:00,165.39,165.57,165.35,165.37,1304.372
2025-11-09 22:52:00,165.38,165.55,165.38,165.45,628.88
2025-11-09 22:53:00,165.45,165.46,165.33,165.41,262.338
2025-11-09 22:54:00,165.41,165.59,165.39,165.59,370.125
2025-11-09 22:55:00,165.59,165.67,165.57,165.63,1006.916
2025-11-09 22:56:00,165.64,165.67,165.59,165.6,408.892
2025-11-09 22:57:00,165.6,165.65,165.33,165.42,1447.565
2025-11-09 22:58:00,165.43,165.43,165.22,165.22,1886.244
2025-11-09 22:59:00,165.22,165.55,165.21,165.44,2461.481
2025-11-09 23:00:00,165.44,165.87,165.44,165.84,1878.085
2025-11-09 23:01:00,165.84,166.22,165.84,166.17,5997.642
2025-11-09 23:02:00,166.16,166.57,166.16,166.24,7763.43
2025-11-09 23:03:00,166.25,166.35,165.91,165.97,2840.801
2025-11-09 23:04:00,165.98,166.0,165.63,165.66,2383.729
2025-11-09 23:05:00,165.67,165.74,165.19,165.49,4418.273
2025-11-09 23:06:00,165.48,165.64,165.18,165.52,8901.398
2025-11-09 23:07:00,165.52,165.73,165.27,165.68,2395.224
2025-11-09 23:08:00,165.68,165.93,165.68,165.9,3024.126
2025-11-09 23:09:00,165.9,166.03,165.5,165.51,1536.779
2025-11-09 23:10:00,165.51,165.53,165.18,165.31,4367.304
2025-11-09 23:11:00,165.3,165.33,165.1,165.14,1612.348
2025-11-09 23:12:00,165.13,165.46,165.13,165.42,2870.836
2025-11-09 23:13:00,165.41,165.54,165.33,165.41,866.464
2025-11-09 23:14:00,165.41,165.49,165.16,165.21,1962.106
2025-11-09 23:15:00,165.22,165.45,165.22,165.31,631.307
2025-11-09 23:16:00,165.31,165.5,165.28,165.47,990.675
2025-11-09 23:17:00,165.47,165.49,165.22,165.31,886.04
2025-11-09 23:18:00,165.31,165.33,165.14,165.2,2030.956
2025-11-09 23:19:00,165.19,165.23,165.07,165.07,1043.519
2025-11-09 23:20:00,165.07,165.07,164.82,164.85,1343.362
2025-11-09 23:21:00,164.85,164.9,164.66,164.66,1463.965
2025-11-09 23:22:00,164.66,164.71,164.61,164.62,1580.095
2025-11-09 23:23:00,164.61,164.88,164.6,164.73,705.015
2025-11-09 23:24:00,164.73,164.74,164.62,164.74,528.462
2025-11-09 23:25:00,164.75,164.77,164.51,164.69,2013.878
2025-11-09 23:26:00,164.68,164.89,164.68,164.77,3088.36
2025-11-09 23:27:00,164.78,164.85,164.62,164.7,2557.246
2025-11-09 23:28:00,164.71,164.84,164.7,164.77,2018.504
2025-11-09 23:29:00,164.77,164.77,164.48,164.52,542.088
2025-11-09 23:30:00,164.52,164.59,164.48,164.52,1029.618
2025-11-09 23:31:00,164.53,164.53,164.44,164.5,1409.257
2025-11-09 23:32:00,164.5,164.64,164.33,164.38,1153.656
2025-11-09 23:33:00,164.39,164.4,164.15,164.33,1868.785
2025-11-09 23:34:00,164.32,164.57,164.31,164.48,3527.262
2025-11-09 23:35:00,164.48,164.48,164.3,164.31,645.199
2025-11-09 23:36:00,164.32,164.32,164.15,164.19,1509.863
2025-11-09 23:37:00,164.19,164.2,164.0,164.04,2392.8
2025-11-09 23:38:00,164.04,164.04,163.93,163.97,2804.251
2025-11-09 23:39:00,163.97,164.08,163.96,164.04,3451.512
2025-11-09 23:40:00,164.04,164.15,164.01,164.06,1816.057
2025-11-09 23:41:00,164.06,164.26,164.06,164.18,1321.717
2025-11-09 23:42:00,164.19,164.21,164.06,164.18,548.779
2025-11-09 23:43:00,164.18,164.24,163.98,164.13,3235.077
2025-11-09 23:44:00,164.13,164.13,163.99,164.04,1161.645
2025-11-09 23:45:00,164.03,164.06,163.97,164.0,846.53
2025-11-09 23:46:00,164.01,164.12,164.0,164.12,677.594
2025-11-09 23:47:00,164.11,164.34,164.07,164.32,975.205
2025-11-09 23:48:00,164.32,164.32,164.17,164.22,801.068
2025-11-09 23:49:00,164.21,164.22,164.14,164.19,589.447
2025-11-09 23:50:00,164.19,164.3,164.15,164.27,488.872
2025-11-09 23:51:00,164.26,164.35,164.14,164.32,2328.332
2025-11-09 23:52:00,164.32,164.48,164.29,164.29,1109.071
2025-11-09 23:53:00,164.3,164.45,164.28,164.44,814.638
2025-11-09 23:54:00,164.44,164.54,164.4,164.53,2227.798
2025-11-09 23:55:00,164.52,164.57,164.48,164.56,605.817
2025-11-09 23:56:00,164.56,164.56,164.38,164.48,2108.086
2025-11-09 23:57:00,164.48,164.51,164.46,164.47,690.541
2025-11-09 23:58:00,164.47,164.57,164.47,164.52,504.302
2025-11-09 23:59:00,164.53,164.58,164.51,164.53,1323.031
2025-11-10 00:00:00,164.53,164.62,164.46,164.48,1627.505
2025-11-10 00:01:00,164.49,164.49,163.98,164.01,8332.347
2025-11-10 00:02:00,164.0,164.0,163.47,163.9,7183.6
2025-11-10 00:03:00,163.9,163.94,163.63,163.72,1235.026
2025-11-10 00:04:00,163.72,163.76,163.42,163.76,4686.262
2025-11-10 00:05:00,163.76,163.78,163.51,163.55,1982.521
2025-11-10 00:06:00,163.55,163.63,163.46,163.62,847.55
2025-11-10 00:07:00,163.63,163.98,163.63,163.82,2602.798
2025-11-10 00:08:00,163.83,164.1,163.72,164.1,1231.15
2025-11-10 00:09:00,164.09,164.35,164.08,164.34,1657.08
2025-11-10 00:10:00,164.34,164.62,164.29,164.62,4878.801
2025-11-10 00:11:00,164.62,164.76,164.54,164.75,1512.712
2025-11-10 00:12:00,164.76,164.84,164.69,164.84,1707.895
2025-11-10 00:13:00,164.84,164.96,164.74,164.96,1701.711
2025-11-10 00:14:00,164.97,165.36,164.97,165.26,1464.568
2025-11-10 00:15:00,165.27,165.4,165.06,165.2,2876.519
2025-11-10 00:16:00,165.21,165.41,165.06,165.12,3050.083
2025-11-10 00:17:00,165.11,165.15,165.0,165.06,854.855
2025-11-10 00:18:00,165.06,165.64,165.03,165.64,3355.814
2025-11-10 00:19:00,165.64,165.92,165.61,165.88,3212.057
2025-11-10 00:20:00,165.88,166.33,165.88,166.32,4139.057
2025-11-10 00:21:00,166.32,166.36,165.79,165.89,4424.367
2025-11-10 00:22:00,165.89,166.09,165.75,165.91,4740.553
2025-11-10 00:23:00,165.92,166.01,165.76,165.84,2378.308
2025-11-10 00:24:00,165.84,166.09,165.8,166.09,1660.885
2025-11-10 00:25:00,166.1,166.22,165.66,165.73,4264.585
2025-11-10 00:26:00,165.72,166.12,165.69,165.85,3980.624
2025-11-10 00:27:00,165.84,165.91,165.69,165.8,1733.952
2025-11-10 00:28:00,165.8,165.91,165.75,165.8,1243.011
2025-11-10 00:29:00,165.81,165.94,165.77,165.82,1474.837
2025-11-10 00:30:00,165.82,166.0,165.67,165.72,2065.339
2025-11-10 00:31:00,165.72,166.04,165.72,165.94,1746.46
2025-11-10 00:32:00,165.95,166.06,165.88,165.96,2919.531
2025-11-10 00:33:00,165.97,166.27,165.97,166.24,3015.461
2025-11-10 00:34:00,166.25,166.29,166.07,166.22,3390.033
2025-11-10 00:35:00,166.22,166.35,166.09,166.31,3419.445
2025-11-10 00:36:00,166.31,166.64,166.3,166.5,5908.448
2025-11-10 00:37:00,166.51,166.74,166.34,166.43,4261.76
2025-11-10 00:38:00,166.44,166.54,166.41,166.46,2455.991
2025-11-10 00:39:00,166.46,166.81,166.45,166.8,3351.39
2025-11-10 00:40:00,166.79,166.88,166.7,166.8,8831.966
2025-11-10 00:41:00,166.81,167.33,166.78,166.92,22090.553
2025-11-10 00:42:00,166.91,167.19,166.85,167.19,5610.691
2025-11-10 00:43:00,167.19,167.38,167.1,167.21,5689.557
2025-11-10 00:44:00,167.21,167.23,167.01,167.05,6637.213
2025-11-10 00:45:00,167.05,167.12,166.93,166.99,6246.569
2025-11-10 00:46:00,167.0,167.26,166.91,167.24,7953.716
2025-11-10 00:47:00,167.24,167.4,167.1,167.4,3162.672
2025-11-10 00:48:00,167.4,167.89,167.39,167.84,15445.193
2025-11-10 00:49:00,167.84,167.97,167.78,167.87,6678.06
2025-11-10 00:50:00,167.88,168.08,167.84,167.97,8828.438
2025-11-10 00:51:00,167.97,168.22,167.69,167.77,8361.21
2025-11-10 00:52:00,167.77,168.12,167.77,168.08,2822.888
2025-11-10 00:53:00,168.08,168.37,168.06,168.24,12057.979
2025-11-10 00:54:00,168.23,168.29,167.93,167.93,4657.71
2025-11-10 00:55:00,167.94,167.99,167.7,167.83,5782.121
2025-11-10 00:56:00,167.83,168.04,167.71,168.02,2534.349
2025-11-10 00:57:00,168.01,168.06,167.72,167.81,4560.953
2025-11-10 00:58:00,167.81,167.83,167.64,167.8,2324.791
2025-11-10 00:59:00,167.81,167.84,167.37,167.5,4440.295
2025-11-10 01:00:00,167.49,167.76,167.44,167.73,6006.238
2025-11-10 01:01:00,167.73,167.98,167.73,167.88,3865.54
2025-11-10 01:02:00,167.89,168.1,167.75,168.08,5006.361
2025-11-10 01:03:00,168.08,168.3,167.97,168.06,4461.485
2025-11-10 01:04:00,168.06,168.06,167.61,167.61,4899.27
2025-11-10 01:05:00,167.61,167.72,167.46,167.57,4763.335
2025-11-10 01:06:00,167.57,167.62,167.35,167.35,2307.783
2025-11-10 01:07:00,167.35,167.35,166.84,166.84,4202.247
2025-11-10 01:08:00,166.84,166.86,166.68,166.84,2625.115
2025-11-10 01:09:00,166.83,166.98,166.56,166.98,5137.52
2025-11-10 01:10:00,166.99,167.24,166.95,167.23,2337.31
2025-11-10 01:11:00,167.23,167.55,167.18,167.55,3347.516
2025-11-10 01:12:00,167.55,167.83,167.55,167.61,3268.35
2025-11-10 01:13:00,167.61,168.0,167.61,167.76,9961.816
2025-11-10 01:14:00,167.76,167.76,167.18,167.18,4911.486
2025-11-10 01:15:00,167.19,167.27,166.85,166.93,2731.943
2025-11-10 01:16:00,166.92,167.31,166.75,167.27,2196.204
2025-11-10 01:17:00,167.27,167.56,167.17,167.45,1569.299
2025-11-10 01:18:00,167.44,167.49,167.25,167.32,1880.001
2025-11-10 01:19:00,167.31,167.38,167.12,167.32,3917.203
2025-11-10 01:20:00,167.31,167.45,166.92,166.95,3025.406
2025-11-10 01:21:00,166.95,167.01,166.54,166.7,3410.505
2025-11-10 01:22:00,166.69,166.78,166.63,166.71,2875.203
2025-11-10 01:23:00,166.72,166.87,166.6,166.74,2719.964
2025-11-10 01:24:00,166.75,166.99,166.75,166.98,2558.583
2025-11-10 01:25:00,166.98,167.0,166.44,166.56,3887.129
2025-11-10 01:26:00,166.55,166.79,166.46,166.75,1624.267
2025-11-10 01:27:00,166.75,167.44,166.71,167.44,2792.806
2025-11-10 01:28:00,167.44,167.47,167.08,167.08,1969.42
2025-11-10 01:29:00,167.08,167.08,166.76,166.88,2555.838
2025-11-10 01:30:00,166.87,167.03,166.74,166.78,868.301
2025-11-10 01:31:00,166.78,166.9,166.59,166.79,2091.724
2025-11-10 01:32:00,166.8,167.11,166.66,167.03,2583.508
2025-11-10 01:33:00,167.03,167.11,166.66,166.66,1632.046
2025-11-10 01:34:00,166.66,166.74,166.55,166.56,5953.612
2025-11-10 01:35:00,166.55,166.83,166.5,166.61,2039.311
2025-11-10 01:36:00,166.62,166.64,166.33,166.48,2310.855
2025-11-10 01:37:00,166.48,166.53,166.38,166.39,1390.213
2025-11-10 01:38:00,166.39,166.6,166.38,166.55,646.307
2025-11-10 01:39:00,166.55,166.75,166.46,166.73,1661.508
2025-11-10 01:40:00,166.72,166.73,166.54,166.64,2015.407
2025-11-10 01:41:00,166.64,166.92,166.59,166.91,2009.851
2025-11-10 01:42:00,166.92,167.06,166.9,167.04,1889.749
2025-11-10 01:43:00,167.04,167.05,166.81,166.91,5210.752
2025-11-10 01:44:00,166.91,166.99,166.88,166.88,1321.479
2025-11-10 01:45:00,166.89,167.09,166.84,166.91,1954.202
2025-11-10 01:46:00,166.91,167.19,166.76,167.06,2003.538
2025-11-10 01:47:00,167.06,167.12,166.82,167.05,4462.409
2025-11-10 01:48:00,167.04,167.37,167.03,167.37,1941.461
2025-11-10 01:49:00,167.37,167.65,167.36,167.62,4364.178
2025-11-10 01:50:00,167.62,167.63,167.39,167.5,2587.506
2025-11-10 01:51:00,167.51,167.62,167.44,167.59,2665.76
2025-11-10 01:52:00,167.6,167.7,167.41,167.63,2177.851
2025-11-10 01:53:00,167.63,167.67,167.41,167.44,1841.257
2025-11-10 01:54:00,167.44,167.47,167.12,167.16,1668.709
2025-11-10 01:55:00,167.15,167.27,167.0,167.05,1757.51
2025-11-10 01:56:00,167.05,167.18,167.0,167.07,975.888
2025-11-10 01:57:00,167.07,167.19,166.91,167.0,2139.2
2025-11-10 01:58:00,167.01,167.02,166.91,166.97,1114.538
2025-11-10 01:59:00,166.97,167.08,166.96,167.07,1080.827
2025-11-10 02:00:00,167.08,167.12,166.93,166.95,2674.116
2025-11-10 02:01:00,166.96,166.96,166.49,166.5,3157.922
2025-11-10 02:02:00,166.5,166.61,166.4,166.46,3076.477
2025-11-10 02:03:00,166.47,167.01,166.45,166.93,2819.789
2025-11-10 02:04:00,166.92,166.95,166.63,166.63,1547.77
2025-11-10 02:05:00,166.63,166.91,166.54,166.84,3578.502
2025-11-10 02:06:00,166.84,166.84,166.67,166.74,804.29
2025-11-10 02:07:00,166.74,167.02,166.54,166.9,2638.822
2025-11-10 02:08:00,166.91,167.31,166.74,167.27,2860.015
2025-11-10 02:09:00,167.26,167.36,167.19,167.31,1707.903
2025-11-10 02:10:00,167.31,167.58,167.31,167.52,3496.345
2025-11-10 02:11:00,167.53,167.53,167.26,167.28,1611.869
2025-11-10 02:12:00,167.28,167.55,167.28,167.42,1117.511
2025-11-10 02:13:00,167.43,167.52,167.3,167.31,1601.326
2025-11-10 02:14:00,167.31,167.48,167.28,167.47,1267.973
2025-11-10 02:15:00,167.48,167.56,167.34,167.34,993.789
2025-11-10 02:16:00,167.35,167.59,167.3,167.37,4251.363
2025-11-10 02:17:00,167.38,167.42,167.26,167.32,1394.172
2025-11-10 02:18:00,167.31,167.4,167.2,167.23,1991.784
2025-11-10 02:19:00,167.23,167.53,167.23,167.49,1282.595
2025-11-10 02:20:00,167.48,167.56,167.45,167.54,464.586
2025-11-10 02:21:00,167.54,167.55,167.29,167.29,2070.492
2025-11-10 02:22:00,167.29,167.37,167.21,167.25,2153.974
2025-11-10 02:23:00,167.24,167.4,167.23,167.4,877.866
2025-11-10 02:24:00,167.4,167.66,167.37,167.57,2393.361
2025-11-10 02:25:00,167.57,167.57,167.43,167.46,1827.758
2025-11-10 02:26:00,167.46,167.52,167.42,167.52,1053.046
2025-11-10 02:27:00,167.53,167.76,167.41,167.74,955.039
2025-11-10 02:28:00,167.73,167.91,167.71,167.87,3002.404
2025-11-10 02:29:00,167.87,167.9,167.38,167.45,2260.24
2025-11-10 02:30:00,167.45,167.61,167.36,167.61,1741.059
2025-11-10 02:31:00,167.6,167.72,167.41,167.67,1457.813
2025-11-10 02:32:00,167.68,167.85,167.67,167.84,1739.86
2025-11-10 02:33:00,167.84,168.0,167.75,167.83,4836.642
2025-11-10 02:34:00,167.83,167.93,167.68,167.69,1033.539
2025-11-10 02:35:00,167.68,167.73,167.5,167.54,3196.506
2025-11-10 02:36:00,167.54,167.9,167.54,167.86,2045.526
2025-11-10 02:37:00,167.87,167.97,167.78,167.84,1242.07
2025-11-10 02:38:00,167.84,167.88,167.07,167.08,7938.22
2025-11-10 02:39:00,167.08,167.08,166.58,166.94,8426.163
2025-11-10 02:40:00,166.93,166.98,166.75,166.76,1922.559
2025-11-10 02:41:00,166.76,166.76,166.56,166.63,2502.934
2025-11-10 02:42:00,166.64,166.72,166.4,166.67,3343.545
2025-11-10 02:43:00,166.67,166.72,166.61,166.63,1883.962
2025-11-10 02:44:00,166.63,166.64,166.52,166.58,2714.166
2025-11-10 02:45:00,166.58,166.6,166.49,166.59,478.693
2025-11-10 02:46:00,166.6,166.84,166.59,166.83,1794.408
2025-11-10 02:47:00,166.83,166.88,166.71,166.82,2142.594
2025-11-10 02:48:00,166.82,166.91,166.72,166.8,1451.045
2025-11-10 02:49:00,166.81,166.97,166.8,166.95,1928.441
2025-11-10 02:50:00,166.94,167.27,166.94,167.25,3155.21
2025-11-10 02:51:00,167.25,167.43,167.21,167.36,2223.606
2025-11-10 02:52:00,167.37,167.43,167.2,167.2,852.985
2025-11-10 02:53:00,167.2,167.2,166.86,167.05,3380.033
2025-11-10 02:54:00,167.05,167.23,167.05,167.16,929.87
2025-11-10 02:55:00,167.16,167.2,167.01,167.08,3409.663
2025-11-10 02:56:00,167.09,167.18,167.01,167.09,1349.529
2025-11-10 02:57:00,167.09,167.42,167.08,167.41,1475.9
2025-11-10 02:58:00,167.42,167.55,167.4,167.46,2896.593
2025-11-10 02:59:00,167.47,167.8,167.47,167.76,4342.53
2025-11-10 03:00:00,167.76,168.07,167.75,168.03,3908.045
2025-11-10 03:01:00,168.04,168.29,168.04,168.15,11828.128
2025-11-10 03:02:00,168.14,168.28,168.14,168.24,2199.968
2025-11-10 03:03:00,168.24,168.55,168.24,168.49,18338.451
2025-11-10 03:04:00,168.49,168.76,168.49,168.65,2374.046
2025-11-10 03:05:00,168.64,168.75,168.47,168.55,4308.69
2025-11-10 03:06:00,168.55,168.61,168.25,168.33,3689.217
2025-11-10 03:07:00,168.33,168.45,168.26,168.34,1927.313
2025-11-10 03:08:00,168.34,168.54,168.24,168.27,2803.237
2025-11-10 03:09:00,168.28,168.44,168.23,168.31,1397.04
2025-11-10 03:10:00,168.3,168.54,168.24,168.24,1975.96
2025-11-10 03:11:00,168.24,168.24,167.94,167.95,2708.629
2025-11-10 03:12:00,167.96,167.99,167.51,167.53,2764.996
2025-11-10 03:13:00,167.54,167.65,167.5,167.6,2149.133
2025-11-10 03:14:00,167.61,167.61,167.49,167.51,670.106
2025-11-10 03:15:00,167.51,167.61,167.45,167.59,1922.777
2025-11-10 03:16:00,167.6,167.83,167.59,167.75,1541.239
2025-11-10 03:17:00,167.75,167.96,167.67,167.94,2477.746
2025-11-10 03:18:00,167.93,167.98,167.81,167.82,1435.92
2025-11-10 03:19:00,167.81,167.86,167.58,167.73,1646.436
2025-11-10 03:20:00,167.74,167.79,167.46,167.59,1395.472
2025-11-10 03:21:00,167.59,167.8,167.58,167.8,800.187
2025-11-10 03:22:00,167.8,167.81,167.6,167.72,4150.94
2025-11-10 03:23:00,167.73,167.73,167.52,167.55,1173.103
2025-11-10 03:24:00,167.55,167.57,167.32,167.46,3592.337
2025-11-10 03:25:00,167.46,167.61,167.46,167.51,1979.787
2025-11-10 03:26:00,167.51,167.56,167.34,167.56,1196.485
2025-11-10 03:27:00,167.56,167.56,167.33,167.38,1600.368
2025-11-10 03:28:00,167.39,167.41,167.29,167.39,1266.345
2025-11-10 03:29:00,167.39,167.56,167.36,167.49,2309.305
2025-11-10 03:30:00,167.48,167.66,167.38,167.64,1744.197
2025-11-10 03:31:00,167.64,167.73,167.57,167.69,2247.604
2025-11-10 03:32:00,167.68,167.68,167.07,167.27,14545.498
2025-11-10 03:33:00,167.27,167.55,167.23,167.44,798.594
2025-11-10 03:34:00,167.44,167.84,167.43,167.73,1086.714
2025-11-10 03:35:00,167.74,168.0,167.57,167.76,8262.55
2025-11-10 03:36:00,167.77,167.9,167.61,167.9,946.773
2025-11-10 03:37:00,167.91,167.96,167.71,167.78,1450.136
2025-11-10 03:38:00,167.79,167.79,167.64,167.78,957.487
2025-11-10 03:39:00,167.77,168.11,167.76,168.04,7368.064
2025-11-10 03:40:00,168.05,168.21,168.01,168.1,7125.775
2025-11-10 03:41:00,168.11,168.16,167.98,168.16,1627.927
2025-11-10 03:42:00,168.15,168.3,168.06,168.09,4342.64
2025-11-10 03:43:00,168.09,168.26,168.09,168.2,1082.966
2025-11-10 03:44:00,168.21,168.38,168.2,168.31,5053.671
2025-11-10 03:45:00,168.32,168.32,168.05,168.18,1513.394
2025-11-10 03:46:00,168.17,168.21,168.04,168.05,1551.453
2025-11-10 03:47:00,168.05,168.05,167.8,167.85,2030.669
2025-11-10 03:48:00,167.85,167.89,167.65,167.66,950.668
2025-11-10 03:49:00,167.66,167.99,167.66,167.99,925.719
2025-11-10 03:50:00,168.0,168.36,168.0,168.26,2872.725
2025-11-10 03:51:00,168.27,168.28,167.84,167.84,1609.258
2025-11-10 03:52:00,167.85,167.94,167.7,167.83,2311.964
2025-11-10 03:53:00,167.84,167.87,167.66,167.73,1281.563
2025-11-10 03:54:00,167.73,168.03,167.63,168.02,2142.517
2025-11-10 03:55:00,168.03,168.34,168.02,168.33,803.453
2025-11-10 03:56:00,168.32,168.32,168.01,168.09,3364.445
2025-11-10 03:57:00,168.1,168.34,168.08,168.17,4721.086
2025-11-10 03:58:00,168.17,168.24,168.08,168.15,3091.654
2025-11-10 03:59:00,168.15,168.2,168.09,168.12,1809.269
2025-11-10 04:00:00,168.13,168.25,168.08,168.25,2553.958
2025-11-10 04:01:00,168.25,168.37,168.08,168.21,2929.666
2025-11-10 04:02:00,168.21,168.24,168.0,168.06,2224.058
2025-11-10 04:03:00,168.06,168.24,168.01,168.2,1919.71
2025-11-10 04:04:00,168.2,168.21,168.02,168.03,2012.191
2025-11-10 04:05:00,168.03,168.48,168.01,168.46,2459.639
2025-11-10 04:06:00,168.46,168.57,168.42,168.57,2652.551
2025-11-10 04:07:00,168.57,168.64,168.52,168.6,5028.668
2025-11-10 04:08:00,168.61,168.68,168.57,168.63,2369.475
2025-11-10 04:09:00,168.64,168.88,168.62,168.87,11357.696
2025-11-10 04:10:00,168.88,168.88,168.73,168.82,3023.574
2025-11-10 04:11:00,168.83,168.92,168.77,168.79,1873.806
2025-11-10 04:12:00,168.79,168.8,168.45,168.46,3016.964
2025-11-10 04:13:00,168.45,168.62,168.44,168.52,1883.909
2025-11-10 04:14:00,168.53,168.53,168.36,168.43,1686.209
2025-11-10 04:15:00,168.42,168.42,168.02,168.05,3564.367
2025-11-10 04:16:00,168.06,168.19,167.86,167.91,3025.041
2025-11-10 04:17:00,167.92,168.11,167.64,167.64,6254.585
2025-11-10 04:18:00,167.65,167.65,167.27,167.33,4982.873
2025-11-10 04:19:00,167.33,167.43,167.19,167.43,2508.221
2025-11-10 04:20:00,167.42,167.42,167.06,167.22,2457.382
2025-11-10 04:21:00,167.21,167.21,167.03,167.05,1360.273
2025-11-10 04:22:00,167.05,167.2,167.03,167.06,2061.236
2025-11-10 04:23:00,167.06,167.07,166.93,166.95,3023.175
2025-11-10 04:24:00,166.95,166.95,166.82,166.86,2309.874
2025-11-10 04:25:00,166.85,166.92,166.81,166.92,2019.293
2025-11-10 04:26:00,166.91,166.93,166.67,166.71,3153.785
2025-11-10 04:27:00,166.71,166.98,166.67,166.97,2889.839
2025-11-10 04:28:00,166.97,167.18,166.97,167.0,3880.646
2025-11-10 04:29:00,167.01,167.14,166.93,167.1,806.083
2025-11-10 04:30:00,167.09,167.21,166.94,167.05,3733.413
2025-11-10 04:31:00,167.06,167.24,167.03,167.23,1718.927
2025-11-10 04:32:00,167.22,167.29,167.11,167.11,1052.651
2025-11-10 04:33:00,167.1,167.2,166.97,167.12,840.12
2025-11-10 04:34:00,167.13,167.42,167.09,167.09,1829.412
2025-11-10 04:35:00,167.08,167.12,166.97,167.05,1294.01
2025-11-10 04:36:00,167.05,167.28,167.05,167.26,489.615
2025-11-10 04:37:00,167.26,167.34,167.14,167.14,1036.169
2025-11-10 04:38:00,167.15,167.16,167.06,167.14,525.102
2025-11-10 04:39:00,167.15,167.25,167.08,167.08,2112.584
2025-11-10 04:40:00,167.08,167.09,166.99,167.06,694.856
2025-11-10 04:41:00,167.06,167.1,166.88,166.94,2004.384
2025-11-10 04:42:00,166.94,167.07,166.93,167.02,794.073
2025-11-10 04:43:00,167.03,167.1,167.0,167.09,608.204
2025-11-10 04:44:00,167.09,167.26,167.06,167.24,560.225
2025-11-10 04:45:00,167.25,167.28,167.11,167.13,699.039
2025-11-10 04:46:00,167.13,167.21,167.11,167.14,439.293
2025-11-10 04:47:00,167.13,167.3,167.05,167.23,711.761
2025-11-10 04:48:00,167.22,167.4,167.19,167.4,1300.998
2025-11-10 04:49:00,167.39,167.49,167.36,167.47,589.993
2025-11-10 04:50:00,167.46,167.79,167.46,167.67,4022.227
2025-11-10 04:51:00,167.68,167.88,167.68,167.81,1848.847
2025-11-10 04:52:00,167.82,168.0,167.77,167.95,9551.474
2025-11-10 04:53:00,167.96,168.27,167.95,168.19,12868.29
2025-11-10 04:54:00,168.18,168.28,168.16,168.22,2026.367
2025-11-10 04:55:00,168.23,168.36,168.18,168.24,3569.481
2025-11-10 04:56:00,168.25,168.29,168.2,168.2,1098.092
2025-11-10 04:57:00,168.21,168.27,168.2,168.21,1015.104
2025-11-10 04:58:00,168.22,168.3,168.2,168.29,1581.732
2025-11-10 04:59:00,168.29,168.3,167.94,168.03,15157.721
2025-11-10 05:00:00,168.04,168.09,167.93,167.96,2184.22
2025-11-10 05:01:00,167.97,168.16,167.97,168.16,1283.25
2025-11-10 05:02:00,168.15,168.44,168.14,168.42,4319.431
2025-11-10 05:03:00,168.42,168.45,168.21,168.25,1597.743
2025-11-10 05:04:00,168.26,168.46,168.25,168.37,736.601
2025-11-10 05:05:00,168.37,168.39,168.18,168.35,2598.274
2025-11-10 05:06:00,168.35,168.48,168.25,168.27,987.019
2025-11-10 05:07:00,168.28,168.36,168.24,168.35,644.154
2025-11-10 05:08:00,168.36,168.48,168.36,168.44,4741.392
2025-11-10 05:09:00,168.45,168.57,168.39,168.4,497.029
2025-11-10 05:10:00,168.39,168.4,168.23,168.35,1569.495
2025-11-10 05:11:00,168.35,168.35,168.29,168.31,959.992
2025-11-10 05:12:00,168.31,168.45,168.3,168.45,952.083
2025-11-10 05:13:00,168.45,168.49,168.39,168.47,1343.405
2025-11-10 05:14:00,168.48,168.52,168.44,168.52,686.957
2025-11-10 05:15:00,168.52,168.52,168.15,168.3,1934.041
2025-11-10 05:16:00,168.29,168.32,168.04,168.19,1538.802
2025-11-10 05:17:00,168.19,168.45,168.19,168.31,1309.506
2025-11-10 05:18:00,168.32,168.5,168.21,168.22,1606.641
2025-11-10 05:19:00,168.21,168.41,168.07,168.4,1257.474
2025-11-10 05:20:00,168.41,168.55,168.4,168.5,1543.123
2025-11-10 05:21:00,168.5,168.59,168.4,168.42,6526.873
2025-11-10 05:22:00,168.42,168.43,168.29,168.34,1580.785
2025-11-10 05:23:00,168.34,168.34,167.94,167.94,2433.418
2025-11-10 05:24:00,167.95,167.95,167.7,167.78,3014.687
2025-11-10 05:25:00,167.79,167.88,167.72,167.74,2605.53
2025-11-10 05:26:00,167.74,167.9,167.74,167.79,1147.208
2025-11-10 05:27:00,167.78,167.95,167.76,167.94,764.492
2025-11-10 05:28:00,167.94,167.97,167.84,167.84,2045.586
2025-11-10 05:29:00,167.85,167.86,167.78,167.85,1150.397
2025-11-10 05:30:00,167.85,167.85,167.65,167.8,941.345
2025-11-10 05:31:00,167.81,167.96,167.69,167.92,1013.77
2025-11-10 05:32:00,167.91,167.91,167.77,167.79,987.296
2025-11-10 05:33:00,167.79,167.8,167.29,167.3,2533.157
2025-11-10 05:34:00,167.3,167.37,167.13,167.24,2045.432
2025-11-10 05:35:00,167.23,167.24,167.01,167.12,1277.711
2025-11-10 05:36:00,167.12,167.12,166.92,167.11,2281.509
2025-11-10 05:37:00,167.1,167.19,167.01,167.19,1191.172
2025-11-10 05:38:00,167.18,167.34,167.11,167.34,992.288
2025-11-10 05:39:00,167.35,167.43,167.21,167.21,1295.178
2025-11-10 05:40:00,167.22,167.51,167.22,167.41,958.423
2025-11-10 05:41:00,167.42,167.5,167.29,167.3,1228.008
2025-11-10 05:42:00,167.29,167.33,167.19,167.22,1019.459
2025-11-10 05:43:00,167.23,167.23,167.16,167.18,1065.213
2025-11-10 05:44:00,167.19,167.27,167.16,167.27,624.439
2025-11-10 05:45:00,167.27,167.32,167.14,167.26,1275.658
2025-11-10 05:46:00,167.26,167.35,167.16,167.21,1782.292
2025-11-10 05:47:00,167.22,167.33,167.11,167.26,1497.505
2025-11-10 05:48:00,167.25,167.49,167.25,167.45,1767.208
2025-11-10 05:49:00,167.44,167.59,167.26,167.27,825.026
2025-11-10 05:50:00,167.27,167.32,167.16,167.3,894.079
2025-11-10 05:51:00,167.31,167.5,167.31,167.36,1332.968
2025-11-10 05:52:00,167.37,167.46,167.35,167.45,935.44
2025-11-10 05:53:00,167.44,167.54,167.41,167.46,1014.063
2025-11-10 05:54:00,167.47,167.52,167.36,167.4,1601.942
2025-11-10 05:55:00,167.4,167.55,167.4,167.49,766.738
2025-11-10 05:56:00,167.49,167.59,167.42,167.5,2457.272
2025-11-10 05:57:00,167.5,167.51,167.42,167.49,350.083
2025-11-10 05:58:00,167.49,167.57,167.48,167.53,929.39
2025-11-10 05:59:00,167.52,167.57,167.49,167.54,614.457
2025-11-10 06:00:00,167.55,167.59,167.35,167.56,3382.245
2025-11-10 06:01:00,167.57,167.57,167.26,167.4,1263.637
2025-11-10 06:02:00,167.39,167.46,167.31,167.31,1732.717
2025-11-10 06:03:00,167.32,167.57,167.31,167.56,1093.237
2025-11-10 06:04:00,167.55,167.66,167.54,167.65,1239.366
2025-11-10 06:05:00,167.65,167.65,167.5,167.64,2295.624
2025-11-10 06:06:00,167.64,167.68,167.46,167.56,2936.697
2025-11-10 06:07:00,167.55,167.75,167.55,167.61,1516.496
2025-11-10 06:08:00,167.61,167.61,167.36,167.46,676.185
2025-11-10 06:09:00,167.46,167.56,167.42,167.52,880.334
2025-11-10 06:10:00,167.52,167.52,167.42,167.44,548.328
2025-11-10 06:11:00,167.45,167.71,167.45,167.69,511.416
2025-11-10 06:12:00,167.69,167.69,167.45,167.45,1810.9
2025-11-10 06:13:00,167.44,167.44,167.2,167.29,1656.263
2025-11-10 06:14:00,167.3,167.46,167.29,167.44,718.45
2025-11-10 06:15:00,167.45,167.48,167.34,167.37,592.599
2025-11-10 06:16:00,167.38,167.4,167.23,167.27,1300.864
2025-11-10 06:17:00,167.27,167.3,167.12,167.15,576.615
2025-11-10 06:18:00,167.15,167.31,167.15,167.24,865.325
2025-11-10 06:19:00,167.25,167.57,167.25,167.55,756.483
2025-11-10 06:20:00,167.54,167.54,167.27,167.3,639.794
2025-11-10 06:21:00,167.3,167.43,167.21,167.23,1101.087
2025-11-10 06:22:00,167.22,167.31,167.11,167.15,1160.047
2025-11-10 06:23:00,167.15,167.16,166.79,166.86,3616.445
2025-11-10 06:24:00,166.86,166.98,166.86,166.96,2153.038
2025-11-10 06:25:00,166.96,166.96,166.81,166.87,2634.047
2025-11-10 06:26:00,166.87,166.89,166.72,166.72,1288.148
2025-11-10 06:27:00,166.73,166.75,166.38,166.63,9722.606
2025-11-10 06:28:00,166.62,166.78,166.6,166.73,2015.78
2025-11-10 06:29:00,166.74,166.81,166.73,166.8,668.63
2025-11-10 06:30:00,166.81,166.91,166.73,166.9,1001.887
2025-11-10 06:31:00,166.9,167.02,166.87,166.91,1086.761
2025-11-10 06:32:00,166.9,167.04,166.74,166.92,1355.072
2025-11-10 06:33:00,166.92,167.09,166.83,167.02,1089.683
2025-11-10 06:34:00,167.01,167.19,166.93,167.19,1600.042
2025-11-10 06:35:00,167.19,167.37,167.15,167.15,3591.602
2025-11-10 06:36:00,167.14,167.18,167.05,167.11,1264.599
2025-11-10 06:37:00,167.11,167.14,166.96,166.97,1090.96
2025-11-10 06:38:00,166.97,166.99,166.74,166.81,935.032
2025-11-10 06:39:00,166.81,166.87,166.76,166.8,582.212
2025-11-10 06:40:00,166.79,166.96,166.79,166.96,509.082
2025-11-10 06:41:00,166.97,167.09,166.97,167.01,702.328
2025-11-10 06:42:00,167.0,167.06,166.98,167.04,367.019
2025-11-10 06:43:00,167.04,167.17,166.93,166.94,1973.667
2025-11-10 06:44:00,166.93,167.12,166.93,167.08,3786.384
2025-11-10 06:45:00,167.09,167.37,167.06,167.36,463.498
2025-11-10 06:46:00,167.36,167.55,167.36,167.38,3817.856
2025-11-10 06:47:00,167.39,167.44,167.25,167.41,1540.927
2025-11-10 06:48:00,167.4,167.5,167.38,167.5,764.92
2025-11-10 06:49:00,167.5,167.57,167.46,167.55,1027.533
2025-11-10 06:50:00,167.55,167.57,167.47,167.48,581.452
2025-11-10 06:51:00,167.47,167.49,167.21,167.31,2079.664
2025-11-10 06:52:00,167.31,167.39,167.22,167.27,1320.247
2025-11-10 06:53:00,167.27,167.37,167.14,167.17,1248.305
2025-11-10 06:54:00,167.17,167.19,167.1,167.17,500.957
2025-11-10 06:55:00,167.18,167.18,166.95,166.99,1130.615
2025-11-10 06:56:00,167.0,167.12,166.99,167.07,226.8
2025-11-10 06:57:00,167.08,167.09,166.96,167.02,311.852
2025-11-10 06:58:00,167.03,167.06,166.91,166.91,3694.204
2025-11-10 06:59:00,166.91,166.95,166.9,166.94,351.699
2025-11-10 07:00:00,166.94,167.0,166.92,166.97,2748.509
2025-11-10 07:01:00,166.97,167.04,166.9,166.93,538.129
2025-11-10 07:02:00,166.94,166.97,166.88,166.92,719.312
2025-11-10 07:03:00,166.91,167.11,166.8,167.06,1399.648
2025-11-10 07:04:00,167.06,167.18,167.05,167.1,2245.251
2025-11-10 07:05:00,167.11,167.2,167.06,167.12,1408.24
2025-11-10 07:06:00,167.13,167.45,167.13,167.33,1223.77
2025-11-10 07:07:00,167.34,167.4,167.27,167.37,1096.162
2025-11-10 07:08:00,167.37,167.64,167.36,167.63,1984.171
2025-11-10 07:09:00,167.63,167.98,167.62,167.91,3604.133
2025-11-10 07:10:00,167.91,168.04,167.82,168.02,9648.873
2025-11-10 07:11:00,168.02,168.1,167.87,167.95,2692.478
2025-11-10 07:12:00,167.94,168.09,167.94,168.04,1119.516
2025-11-10 07:13:00,168.03,168.09,168.0,168.09,1260.976
2025-11-10 07:14:00,168.08,168.09,167.97,168.06,610.26
2025-11-10 07:15:00,168.06,168.1,167.95,168.01,1286.686
2025-11-10 07:16:00,168.01,168.19,168.01,168.04,1640.237
2025-11-10 07:17:00,168.04,168.14,167.86,167.88,1757.112
2025-11-10 07:18:00,167.88,167.88,167.62,167.66,913.495
2025-11-10 07:19:00,167.66,167.88,167.66,167.73,915.022
2025-11-10 07:20:00,167.73,167.83,167.73,167.82,1205.283
2025-11-10 07:21:00,167.82,167.86,167.7,167.83,1237.315
2025-11-10 07:22:00,167.83,167.83,167.65,167.66,1401.094
2025-11-10 07:23:00,167.66,167.76,167.61,167.67,506.669
2025-11-10 07:24:00,167.68,167.68,167.57,167.59,435.027
2025-11-10 07:25:00,167.58,167.74,167.53,167.59,1862.42
2025-11-10 07:26:00,167.58,167.7,167.53,167.7,1056.593
2025-11-10 07:27:00,167.7,167.73,167.57,167.59,1356.582
2025-11-10 07:28:00,167.58,167.58,167.48,167.49,489.079
2025-11-10 07:29:00,167.49,167.49,167.41,167.49,914.604
2025-11-10 07:30:00,167.49,167.63,167.49,167.59,1087.295
2025-11-10 07:31:00,167.58,167.63,167.58,167.6,405.092
2025-11-10 07:32:00,167.6,167.75,167.52,167.75,1928.708
2025-11-10 07:33:00,167.75,167.89,167.67,167.75,1298.862
2025-11-10 07:34:00,167.75,167.76,167.46,167.46,1832.616
2025-11-10 07:35:00,167.46,167.46,167.16,167.35,1598.493
2025-11-10 07:36:00,167.34,167.42,167.15,167.22,950.34
2025-11-10 07:37:00,167.23,167.26,167.04,167.12,707.933
2025-11-10 07:38:00,167.12,167.29,167.11,167.27,528.194
2025-11-10 07:39:00,167.28,167.38,167.26,167.27,265.397
2025-11-10 07:40:00,167.27,167.51,167.25,167.5,509.826
2025-11-10 07:41:00,167.51,167.88,167.5,167.8,2530.462
2025-11-10 07:42:00,167.8,167.92,167.79,167.9,2332.202
2025-11-10 07:43:00,167.89,167.89,167.76,167.77,704.709
2025-11-10 07:44:00,167.76,167.77,167.61,167.62,502.32
2025-11-10 07:45:00,167.61,167.68,167.52,167.64,1013.448
2025-11-10 07:46:00,167.65,167.77,167.52,167.53,1352.909
2025-11-10 07:47:00,167.53,167.61,167.5,167.61,1155.676
2025-11-10 07:48:00,167.62,167.79,167.62,167.72,486.073
2025-11-10 07:49:00,167.72,167.82,167.72,167.75,995.194
2025-11-10 07:50:00,167.75,167.75,167.58,167.62,575.351
2025-11-10 07:51:00,167.61,167.61,167.4,167.45,1589.999
2025-11-10 07:52:00,167.44,167.48,167.4,167.4,514.647
2025-11-10 07:53:00,167.4,167.47,167.34,167.44,343.522
2025-11-10 07:54:00,167.44,167.44,167.23,167.26,639.857
2025-11-10 07:55:00,167.25,167.32,167.24,167.29,1092.429
2025-11-10 07:56:00,167.3,167.41,167.29,167.4,426.254
2025-11-10 07:57:00,167.4,167.44,167.3,167.31,446.891
2025-11-10 07:58:00,167.3,167.38,167.3,167.36,579.557
2025-11-10 07:59:00,167.35,167.45,167.32,167.38,283.279
2025-11-10 08:00:00,167.38,167.44,167.37,167.4,1004.771
2025-11-10 08:01:00,167.39,167.39,167.29,167.31,765.617
2025-11-10 08:02:00,167.3,167.4,167.3,167.34,766.24
2025-11-10 08:03:00,167.35,167.35,167.23,167.31,1143.699
2025-11-10 08:04:00,167.3,167.34,167.21,167.34,1208.525
2025-11-10 08:05:00,167.34,167.34,166.92,166.96,6939.067
2025-11-10 08:06:00,166.95,167.04,166.91,167.03,1572.498
2025-11-10 08:07:00,167.04,167.33,167.04,167.16,1208.94
2025-11-10 08:08:00,167.16,167.29,166.97,166.97,1864.566
2025-11-10 08:09:00,166.97,167.0,166.92,166.97,410.097
2025-11-10 08:10:00,166.97,166.98,166.8,166.89,2270.444
2025-11-10 08:11:00,166.88,167.0,166.85,167.0,744.389
2025-11-10 08:12:00,167.0,167.15,166.87,166.89,2859.71
2025-11-10 08:13:00,166.89,166.91,166.78,166.83,1185.495
2025-11-10 08:14:00,166.83,166.84,166.63,166.72,2424.247
2025-11-10 08:15:00,166.72,166.76,166.6,166.62,1809.951
2025-11-10 08:16:00,166.63,166.88,166.63,166.81,1622.218
2025-11-10 08:17:00,166.81,166.86,166.6,166.74,1001.846
2025-11-10 08:18:00,166.73,166.89,166.69,166.83,831.344
2025-11-10 08:19:00,166.82,166.83,166.63,166.83,1026.996
2025-11-10 08:20:00,166.83,166.98,166.82,166.94,813.402
2025-11-10 08:21:00,166.93,167.04,166.92,166.92,720.562
2025-11-10 08:22:00,166.93,166.93,166.73,166.82,2837.905
2025-11-10 08:23:00,166.81,166.97,166.76,166.97,453.365
2025-11-10 08:24:00,166.97,167.06,166.93,167.05,554.036
2025-11-10 08:25:00,167.06,167.09,167.0,167.09,530.942
2025-11-10 08:26:00,167.08,167.31,167.06,167.17,2463.889
2025-11-10 08:27:00,167.16,167.19,167.05,167.12,797.061
2025-11-10 08:28:00,167.12,167.13,167.05,167.06,345.411
2025-11-10 08:29:00,167.07,167.11,167.05,167.08,248.025
2025-11-10 08:30:00,167.07,167.07,166.82,166.85,2370.06
2025-11-10 08:31:00,166.85,166.86,166.63,166.67,4250.832
2025-11-10 08:32:00,166.66,166.66,166.47,166.51,2367.114
2025-11-10 08:33:00,166.5,166.52,166.4,166.49,2277.486
2025-11-10 08:34:00,166.48,166.61,166.44,166.54,2383.091
2025-11-10 08:35:00,166.53,166.59,166.4,166.4,1455.578
2025-11-10 08:36:00,166.41,166.56,166.4,166.53,1469.822
2025-11-10 08:37:00,166.53,166.54,166.44,166.49,1091.357
2025-11-10 08:38:00,166.49,166.5,166.27,166.3,2647.422
2025-11-10 08:39:00,166.3,166.32,166.23,166.25,1080.107
2025-11-10 08:40:00,166.26,166.66,166.11,166.58,2874.516
2025-11-10 08:41:00,166.58,166.58,166.34,166.39,3755.098
2025-11-10 08:42:00,166.4,166.49,166.25,166.25,4217.402
2025-11-10 08:43:00,166.26,166.28,166.14,166.22,3828.963
2025-11-10 08:44:00,166.22,166.38,166.2,166.38,2094.021
2025-11-10 08:45:00,166.38,166.5,166.28,166.44,3913.74
2025-11-10 08:46:00,166.44,166.55,166.37,166.44,1104.159
2025-11-10 08:47:00,166.45,166.53,166.38,166.46,914.474
2025-11-10 08:48:00,166.46,166.49,166.41,166.46,479.643
2025-11-10 08:49:00,166.47,166.58,166.46,166.5,1332.838
2025-11-10 08:50:00,166.5,166.72,166.47,166.63,3747.712
2025-11-10 08:51:00,166.63,166.75,166.58,166.68,3737.016
2025-11-10 08:52:00,166.68,166.79,166.53,166.75,4475.549
2025-11-10 08:53:00,166.75,166.8,166.64,166.64,3496.67
2025-11-10 08:54:00,166.64,166.75,166.63,166.66,1050.098
2025-11-10 08:55:00,166.65,166.75,166.63,166.69,2070.139
2025-11-10 08:56:00,166.7,166.75,166.64,166.67,1015.795
2025-11-10 08:57:00,166.67,166.72,166.46,166.5,3125.604
2025-11-10 08:58:00,166.5,166.57,166.41,166.56,2132.779
2025-11-10 08:59:00,166.57,166.7,166.55,166.64,1698.623
2025-11-10 09:00:00,166.64,166.7,166.62,166.67,672.235
2025-11-10 09:01:00,166.67,166.79,166.67,166.75,1151.613
2025-11-10 09:02:00,166.75,166.77,166.41,166.45,1775.331
2025-11-10 09:03:00,166.46,166.52,166.31,166.42,5822.619
2025-11-10 09:04:00,166.42,166.5,166.37,166.5,3543.356
2025-11-10 09:05:00,166.51,166.91,166.51,166.9,2066.568
2025-11-10 09:06:00,166.91,167.13,166.86,166.95,4130.557
2025-11-10 09:07:00,166.94,167.0,166.83,166.83,1445.846
2025-11-10 09:08:00,166.83,166.83,166.63,166.73,4476.007
2025-11-10 09:09:00,166.74,166.83,166.67,166.83,1966.505
2025-11-10 09:10:00,166.83,166.88,166.8,166.87,1079.908
2025-11-10 09:11:00,166.87,166.93,166.76,166.88,1002.983
2025-11-10 09:12:00,166.87,166.97,166.85,166.92,1903.577
2025-11-10 09:13:00,166.93,167.0,166.92,166.95,671.429
2025-11-10 09:14:00,166.96,166.98,166.92,166.93,726.357
2025-11-10 09:15:00,166.93,167.0,166.67,166.97,1038.049
2025-11-10 09:16:00,166.98,167.14,166.97,167.01,1873.51
2025-11-10 09:17:00,167.02,167.05,166.82,167.05,794.942
2025-11-10 09:18:00,167.06,167.14,167.0,167.1,1025.538
2025-11-10 09:19:00,167.1,167.25,167.1,167.18,2605.522
2025-11-10 09:20:00,167.18,167.25,167.17,167.22,824.118
2025-11-10 09:21:00,167.22,167.29,167.21,167.27,1019.074
2025-11-10 09:22:00,167.28,167.37,167.12,167.37,4134.472
2025-11-10 09:23:00,167.37,167.37,167.22,167.23,596.037
2025-11-10 09:24:00,167.22,167.49,167.22,167.43,2916.874
2025-11-10 09:25:00,167.43,167.55,167.43,167.49,2843.132
2025-11-10 09:26:00,167.5,167.55,167.47,167.55,2731.705
2025-11-10 09:27:00,167.54,167.57,167.44,167.47,1045.124
2025-11-10 09:28:00,167.47,167.52,167.46,167.51,562.013
2025-11-10 09:29:00,167.5,167.74,167.5,167.73,2534.333
2025-11-10 09:30:00,167.74,167.85,167.7,167.71,2505.433
2025-11-10 09:31:00,167.71,167.94,167.71,167.84,2126.132
2025-11-10 09:32:00,167.85,168.03,167.85,168.03,3577.761
2025-11-10 09:33:00,168.02,168.38,167.99,168.36,8401.493
2025-11-10 09:34:00,168.36,168.74,168.35,168.55,6717.543
2025-11-10 09:35:00,168.55,168.85,168.48,168.55,8946.608
2025-11-10 09:36:00,168.55,168.62,168.41,168.55,1169.5
2025-11-10 09:37:00,168.54,168.76,168.51,168.65,1752.391
2025-11-10 09:38:00,168.66,168.7,168.51,168.55,1295.892
2025-11-10 09:39:00,168.54,168.86,168.54,168.83,2145.122
2025-11-10 09:40:00,168.82,168.82,168.62,168.75,1699.043
2025-11-10 09:41:00,168.75,168.95,168.7,168.78,2160.151
2025-11-10 09:42:00,168.78,168.9,168.76,168.86,831.0
2025-11-10 09:43:00,168.86,169.27,168.77,169.16,18609.186
2025-11-10 09:44:00,169.15,169.15,168.88,168.9,1655.94
2025-11-10 09:45:00,168.89,169.29,168.87,169.29,4971.159
2025-11-10 09:46:00,169.28,169.5,169.22,169.25,4683.474
2025-11-10 09:47:00,169.25,169.44,169.25,169.35,1666.879
2025-11-10 09:48:00,169.36,169.69,169.18,169.66,5523.745
2025-11-10 09:49:00,169.65,169.81,169.47,169.58,5206.79
2025-11-10 09:50:00,169.57,169.57,169.35,169.39,1937.758
2025-11-10 09:51:00,169.39,169.53,169.26,169.5,2918.415
2025-11-10 09:52:00,169.5,169.53,169.37,169.49,3965.934
2025-11-10 09:53:00,169.48,169.79,169.45,169.49,9154.903
2025-11-10 09:54:00,169.49,169.5,169.33,169.39,1353.52
2025-11-10 09:55:00,169.4,169.53,169.37,169.46,1631.334
2025-11-10 09:56:00,169.46,169.49,169.21,169.3,2404.934
2025-11-10 09:57:00,169.29,169.45,169.22,169.27,3382.707
2025-11-10 09:58:00,169.26,169.3,169.2,169.25,1289.756
2025-11-10 09:59:00,169.25,169.48,169.24,169.47,1465.432
2025-11-10 10:00:00,169.48,169.65,169.33,169.59,1458.857
2025-11-10 10:01:00,169.58,169.58,169.24,169.27,5119.225
2025-11-10 10:02:00,169.27,169.52,169.26,169.28,1610.049
2025-11-10 10:03:00,169.28,169.59,169.27,169.49,1949.463
2025-11-10 10:04:00,169.49,169.51,169.16,169.2,4105.249
2025-11-10 10:05:00,169.19,169.49,169.18,169.35,16053.016
2025-11-10 10:06:00,169.36,169.38,169.14,169.22,1609.475
2025-11-10 10:07:00,169.22,169.3,169.16,169.22,3039.464
2025-11-10 10:08:00,169.23,169.24,169.15,169.24,1689.07
2025-11-10 10:09:00,169.24,169.33,169.18,169.3,1788.366
2025-11-10 10:10:00,169.29,169.42,169.25,169.38,2110.546
2025-11-10 10:11:00,169.37,169.38,168.89,168.9,4633.492
2025-11-10 10:12:00,168.89,168.92,168.86,168.91,1205.525
2025-11-10 10:13:00,168.91,169.05,168.91,169.05,1061.964
2025-11-10 10:14:00,169.05,169.05,168.91,168.96,890.205
2025-11-10 10:15:00,168.96,169.09,168.87,169.08,682.741
2025-11-10 10:16:00,169.09,169.17,168.97,169.1,1253.3
2025-11-10 10:17:00,169.11,169.17,169.04,169.04,679.705
2025-11-10 10:18:00,169.05,169.13,169.01,169.13,652.598
2025-11-10 10:19:00,169.13,169.27,169.05,169.14,4805.492
2025-11-10 10:20:00,169.13,169.13,168.94,169.1,14451.357
2025-11-10 10:21:00,169.1,169.2,168.98,169.2,1460.602
2025-11-10 10:22:00,169.21,169.38,169.18,169.37,2932.142
2025-11-10 10:23:00,169.38,169.47,169.33,169.41,1513.742
2025-11-10 10:24:00,169.41,169.46,169.22,169.29,1286.217
2025-11-10 10:25:00,169.29,169.29,169.09,169.1,1165.996
2025-11-10 10:26:00,169.1,169.12,169.01,169.08,574.771
2025-11-10 10:27:00,169.08,169.08,168.92,168.98,1531.833
2025-11-10 10:28:00,168.99,168.99,168.72,168.73,1301.513
2025-11-10 10:29:00,168.72,168.77,168.68,168.76,1325.217
2025-11-10 10:30:00,168.76,168.78,168.52,168.52,1217.972
2025-11-10 10:31:00,168.52,168.82,168.52,168.72,4093.056
2025-11-10 10:32:00,168.72,168.75,168.53,168.53,1086.984
2025-11-10 10:33:00,168.52,168.53,168.21,168.44,2872.95
2025-11-10 10:34:00,168.43,168.56,168.43,168.47,1068.8
2025-11-10 10:35:00,168.48,168.6,168.33,168.33,2039.203
2025-11-10 10:36:00,168.34,168.35,168.03,168.05,5146.763
2025-11-10 10:37:00,168.05,168.2,168.0,168.11,5316.808
2025-11-10 10:38:00,168.11,168.35,168.0,168.27,12947.778
2025-11-10 10:39:00,168.27,168.29,168.09,168.09,5959.185
2025-11-10 10:40:00,168.09,168.28,168.09,168.27,1693.471
2025-11-10 10:41:00,168.28,168.4,168.28,168.3,1241.674
2025-11-10 10:42:00,168.3,168.34,168.2,168.3,848.501
2025-11-10 10:43:00,168.3,168.41,168.24,168.41,1283.01
2025-11-10 10:44:00,168.41,168.41,168.3,168.38,1068.566
2025-11-10 10:45:00,168.37,168.48,168.27,168.47,1083.393
2025-11-10 10:46:00,168.47,168.6,168.39,168.59,903.374
2025-11-10 10:47:00,168.6,168.76,168.59,168.68,709.76
2025-11-10 10:48:00,168.69,168.81,168.56,168.57,3412.846
2025-11-10 10:49:00,168.57,168.58,168.36,168.37,1121.135
2025-11-10 10:50:00,168.37,168.44,168.25,168.26,570.551
2025-11-10 10:51:00,168.25,168.29,168.22,168.23,319.256
2025-11-10 10:52:00,168.24,168.25,168.16,168.22,1287.622
2025-11-10 10:53:00,168.23,168.25,168.1,168.24,646.657
2025-11-10 10:54:00,168.25,168.37,168.19,168.28,1205.489
2025-11-10 10:55:00,168.27,168.27,168.18,168.21,316.566
2025-11-10 10:56:00,168.22,168.24,168.07,168.13,616.622
2025-11-10 10:57:00,168.13,168.35,168.13,168.3,351.096
2025-11-10 10:58:00,168.29,168.47,168.29,168.39,528.104
2025-11-10 10:59:00,168.39,168.48,168.34,168.35,454.92
2025-11-10 11:00:00,168.35,168.52,168.27,168.3,1007.942
2025-11-10 11:01:00,168.3,168.49,168.3,168.45,1281.988
2025-11-10 11:02:00,168.45,168.64,168.44,168.53,842.419
2025-11-10 11:03:00,168.52,168.57,168.47,168.55,368.762
2025-11-10 11:04:00,168.55,168.67,168.51,168.61,1611.403
2025-11-10 11:05:00,168.61,168.66,168.55,168.55,2705.238
2025-11-10 11:06:00,168.55,168.58,168.4,168.41,706.107
2025-11-10 11:07:00,168.4,168.41,168.23,168.37,936.499
2025-11-10 11:08:00,168.37,168.39,168.13,168.16,1395.274
2025-11-10 11:09:00,168.17,168.4,168.16,168.38,653.418
2025-11-10 11:10:00,168.38,168.68,168.37,168.58,789.389
2025-11-10 11:11:00,168.57,168.71,168.57,168.71,1329.25
2025-11-10 11:12:00,168.71,168.82,168.71,168.75,2790.974
2025-11-10 11:13:00,168.75,168.76,168.41,168.46,2309.609
2025-11-10 11:14:00,168.46,168.51,168.39,168.39,794.222
2025-11-10 11:15:00,168.38,168.51,168.33,168.46,1715.735
2025-11-10 11:16:00,168.46,168.5,168.3,168.3,1191.893
2025-11-10 11:17:00,168.31,168.31,168.17,168.26,1171.356
2025-11-10 11:18:00,168.25,168.32,168.13,168.16,2174.512
2025-11-10 11:19:00,168.16,168.23,168.15,168.17,607.091
2025-11-10 11:20:00,168.18,168.19,168.03,168.04,1224.156
2025-11-10 11:21:00,168.03,168.2,168.03,168.2,667.759
2025-11-10 11:22:00,168.2,168.35,168.14,168.14,480.653
2025-11-10 11:23:00,168.14,168.23,168.09,168.23,800.838
2025-11-10 11:24:00,168.23,168.28,168.14,168.18,534.402
2025-11-10 11:25:00,168.18,168.31,168.17,168.31,380.569
2025-11-10 11:26:00,168.31,168.5,168.31,168.4,704.639
2025-11-10 11:27:00,168.4,168.49,168.39,168.46,3341.819
2025-11-10 11:28:00,168.46,168.5,168.36,168.5,3682.0
2025-11-10 11:29:00,168.5,168.5,168.33,168.41,2187.233
2025-11-10 11:30:00,168.41,168.45,168.2,168.35,884.924
2025-11-10 11:31:00,168.35,168.49,168.29,168.48,559.503
2025-11-10 11:32:00,168.49,168.68,168.48,168.48,2198.655
2025-11-10 11:33:00,168.48,168.51,168.33,168.34,904.517
2025-11-10 11:34:00,168.33,168.4,168.21,168.25,3719.461
2025-11-10 11:35:00,168.24,168.32,168.21,168.22,386.518
2025-11-10 11:36:00,168.22,168.27,168.18,168.25,241.082
2025-11-10 11:37:00,168.25,168.43,168.25,168.42,799.342
2025-11-10 11:38:00,168.43,168.44,168.35,168.37,2877.493
2025-11-10 11:39:00,168.38,168.49,168.36,168.44,377.291
2025-11-10 11:40:00,168.43,168.66,168.41,168.64,902.07
2025-11-10 11:41:00,168.64,168.66,168.52,168.52,962.462
2025-11-10 11:42:00,168.51,168.58,168.51,168.52,443.734
2025-11-10 11:43:00,168.53,168.62,168.44,168.62,393.055
2025-11-10 11:44:00,168.62,168.73,168.6,168.67,1184.989
2025-11-10 11:45:00,168.67,168.72,168.61,168.64,826.244
2025-11-10 11:46:00,168.64,168.73,168.63,168.69,401.901
2025-11-10 11:47:00,168.7,168.76,168.64,168.74,591.604
2025-11-10 11:48:00,168.73,168.76,168.71,168.75,553.42
2025-11-10 11:49:00,168.76,168.76,168.47,168.52,660.403
2025-11-10 11:50:00,168.51,168.52,168.39,168.39,1107.45
2025-11-10 11:51:00,168.39,168.39,168.23,168.24,1158.931
2025-11-10 11:52:00,168.24,168.47,168.24,168.42,3310.934
2025-11-10 11:53:00,168.43,168.44,168.33,168.36,653.715
2025-11-10 11:54:00,168.35,168.35,168.22,168.3,924.915
2025-11-10 11:55:00,168.31,168.31,168.15,168.18,1028.177
2025-11-10 11:56:00,168.18,168.22,168.15,168.21,403.353
2025-11-10 11:57:00,168.2,168.2,168.13,168.2,371.608
2025-11-10 11:58:00,168.19,168.34,168.19,168.34,469.966
2025-11-10 11:59:00,168.33,168.41,168.33,168.33,495.988
2025-11-10 12:00:00,168.32,168.5,168.23,168.23,685.954
2025-11-10 12:01:00,168.22,168.26,168.11,168.12,3412.065
2025-11-10 12:02:00,168.14,168.14,168.0,168.04,1351.203
2025-11-10 12:03:00,168.04,168.04,167.34,167.36,61000.42
2025-11-10 12:04:00,167.36,167.53,167.3,167.4,3850.284
2025-11-10 12:05:00,167.4,167.4,167.15,167.3,3054.684
2025-11-10 12:06:00,167.3,167.43,167.21,167.39,2521.55
2025-11-10 12:07:00,167.39,167.41,167.15,167.18,3426.188
2025-11-10 12:08:00,167.18,167.18,167.03,167.1,6724.876
2025-11-10 12:09:00,167.1,167.29,166.93,167.29,2777.703
2025-11-10 12:10:00,167.29,167.46,167.17,167.45,2159.567
2025-11-10 12:11:00,167.45,167.51,167.35,167.4,2105.74
2025-11-10 12:12:00,167.39,167.43,167.23,167.32,1020.206
2025-11-10 12:13:00,167.32,167.35,167.11,167.11,778.257
2025-11-10 12:14:00,167.12,167.31,167.11,167.29,1411.202
2025-11-10 12:15:00,167.29,167.35,167.14,167.14,2049.424
2025-11-10 12:16:00,167.14,167.29,167.02,167.29,1111.329
2025-11-10 12:17:00,167.28,167.31,167.08,167.12,978.45
2025-11-10 12:18:00,167.11,167.29,166.96,167.29,1823.165
2025-11-10 12:19:00,167.29,167.55,167.29,167.51,1473.659
2025-11-10 12:20:00,167.52,167.68,167.45,167.59,2103.995
2025-11-10 12:21:00,167.59,167.76,167.59,167.65,1276.657
2025-11-10 12:22:00,167.65,167.68,167.49,167.57,804.554
2025-11-10 12:23:00,167.57,167.58,167.45,167.52,1211.824
2025-11-10 12:24:00,167.52,167.72,167.51,167.71,799.372
2025-11-10 12:25:00,167.72,167.83,167.71,167.78,795.324
2025-11-10 12:26:00,167.79,167.84,167.68,167.83,926.955
2025-11-10 12:27:00,167.82,167.83,167.59,167.63,945.392
2025-11-10 12:28:00,167.63,167.72,167.62,167.72,395.35
2025-11-10 12:29:00,167.72,167.75,167.66,167.69,1473.854
2025-11-10 12:30:00,167.68,167.78,167.57,167.59,1881.736
2025-11-10 12:31:00,167.59,167.75,167.59,167.7,787.405
2025-11-10 12:32:00,167.71,167.81,167.66,167.8,685.861
2025-11-10 12:33:00,167.8,167.87,167.78,167.83,1052.257
2025-11-10 12:34:00,167.84,167.84,167.45,167.45,3585.028
2025-11-10 12:35:00,167.46,167.76,167.46,167.75,938.881
2025-11-10 12:36:00,167.75,167.76,167.36,167.36,742.95
2025-11-10 12:37:00,167.37,167.59,167.35,167.52,2036.279
2025-11-10 12:38:00,167.51,167.69,167.46,167.51,2391.895
2025-11-10 12:39:00,167.51,167.7,167.48,167.7,883.265
2025-11-10 12:40:00,167.69,168.18,167.69,168.17,2704.808
2025-11-10 12:41:00,168.17,168.18,167.91,167.97,814.027
2025-11-10 12:42:00,167.98,168.06,167.91,167.92,553.823
2025-11-10 12:43:00,167.92,167.96,167.87,167.96,499.323
2025-11-10 12:44:00,167.95,168.08,167.95,168.0,991.337
2025-11-10 12:45:00,168.0,168.03,167.87,167.97,1540.057
2025-11-10 12:46:00,167.97,168.2,167.95,168.19,4254.063
2025-11-10 12:47:00,168.19,168.25,168.05,168.06,2356.933
2025-11-10 12:48:00,168.06,168.34,168.06,168.3,2095.584
2025-11-10 12:49:00,168.3,168.3,168.14,168.14,789.615
2025-11-10 12:50:00,168.14,168.26,168.11,168.2,473.85
2025-11-10 12:51:00,168.2,168.22,168.02,168.02,1380.162
2025-11-10 12:52:00,168.02,168.03,167.91,167.92,2799.597
2025-11-10 12:53:00,167.93,168.13,167.86,168.1,1888.709
2025-11-10 12:54:00,168.09,168.3,168.09,168.15,938.429
2025-11-10 12:55:00,168.15,168.28,168.15,168.2,1698.312
2025-11-10 12:56:00,168.21,168.3,168.16,168.19,721.227
2025-11-10 12:57:00,168.19,168.19,168.05,168.05,569.59
2025-11-10 12:58:00,168.04,168.19,168.04,168.15,753.794
2025-11-10 12:59:00,168.16,168.2,168.12,168.13,729.166
2025-11-10 13:00:00,168.12,168.23,168.04,168.1,3041.933
2025-11-10 13:01:00,168.09,168.21,167.99,168.05,816.094
2025-11-10 13:02:00,168.05,168.36,168.03,168.36,2009.217
2025-11-10 13:03:00,168.36,168.71,168.36,168.7,3131.834
2025-11-10 13:04:00,168.71,169.07,168.7,168.81,5652.867
2025-11-10 13:05:00,168.8,168.84,168.71,168.78,1647.828
2025-11-10 13:06:00,168.77,169.06,168.65,169.06,2908.949
2025-11-10 13:07:00,169.05,169.49,169.02,169.28,8475.255
2025-11-10 13:08:00,169.28,169.32,169.1,169.23,6891.886
2025-11-10 13:09:00,169.23,169.46,169.1,169.46,1874.45
2025-11-10 13:10:00,169.46,169.59,169.32,169.45,9523.554
2025-11-10 13:11:00,169.45,169.66,169.44,169.59,6730.074
2025-11-10 13:12:00,169.59,169.67,169.29,169.35,1815.841
2025-11-10 13:13:00,169.35,169.35,169.03,169.1,4846.777
2025-11-10 13:14:00,169.1,169.13,169.03,169.06,687.939
2025-11-10 13:15:00,169.06,169.24,169.06,169.18,1832.77
2025-11-10 13:16:00,169.19,169.27,169.07,169.23,1260.71
2025-11-10 13:17:00,169.23,169.24,168.96,168.98,4595.074
2025-11-10 13:18:00,168.98,169.13,168.96,169.03,1144.971
2025-11-10 13:19:00,169.02,169.09,169.01,169.03,1023.79
2025-11-10 13:20:00,169.02,169.09,168.97,169.06,1354.801
2025-11-10 13:21:00,169.06,169.26,169.06,169.12,1212.361
2025-11-10 13:22:00,169.11,169.15,168.95,168.96,697.471
2025-11-10 13:23:00,168.96,168.96,168.47,168.76,4942.184
2025-11-10 13:24:00,168.76,168.95,168.76,168.77,1449.243
2025-11-10 13:25:00,168.77,169.03,168.77,169.03,1128.59
2025-11-10 13:26:00,169.04,169.23,169.03,169.12,1811.91
2025-11-10 13:27:00,169.12,169.28,169.09,169.19,1201.795
2025-11-10 13:28:00,169.2,169.32,169.11,169.27,2546.301
2025-11-10 13:29:00,169.27,169.31,169.18,169.19,696.72
2025-11-10 13:30:00,169.18,169.3,169.18,169.26,1393.429
2025-11-10 13:31:00,169.25,169.28,169.13,169.15,1169.187
2025-11-10 13:32:00,169.16,169.35,169.16,169.31,874.683
2025-11-10 13:33:00,169.3,169.6,169.3,169.58,5020.65
2025-11-10 13:34:00,169.58,169.64,169.49,169.49,1987.158
2025-11-10 13:35:00,169.49,169.65,169.47,169.62,1911.465
2025-11-10 13:36:00,169.61,170.37,169.6,170.12,20358.822
2025-11-10 13:37:00,170.12,170.19,169.99,170.12,6188.223
2025-11-10 13:38:00,170.13,170.4,170.13,170.4,9493.152
2025-11-10 13:39:00,170.39,170.4,170.11,170.13,2389.177
2025-11-10 13:40:00,170.13,170.24,170.09,170.24,1750.461
2025-11-10 13:41:00,170.24,170.24,170.03,170.16,2318.155
2025-11-10 13:42:00,170.16,170.48,170.15,170.46,3017.061
2025-11-10 13:43:00,170.46,170.46,170.13,170.14,4734.135
2025-11-10 13:44:00,170.13,170.16,170.0,170.01,2514.765
2025-11-10 13:45:00,170.01,170.18,170.0,170.17,2133.167
2025-11-10 13:46:00,170.16,170.24,170.0,170.03,2315.735
2025-11-10 13:47:00,170.03,170.1,169.81,169.82,3913.318
2025-11-10 13:48:00,169.81,169.82,169.69,169.77,1412.853
2025-11-10 13:49:00,169.77,169.82,169.65,169.73,988.812
2025-11-10 13:50:00,169.73,169.81,169.71,169.8,506.561
2025-11-10 13:51:00,169.8,169.82,169.68,169.74,2085.482
2025-11-10 13:52:00,169.75,169.94,169.75,169.89,2062.744
2025-11-10 13:53:00,169.88,169.88,169.73,169.79,931.511
2025-11-10 13:54:00,169.8,169.8,169.61,169.65,842.88
2025-11-10 13:55:00,169.65,169.76,169.65,169.72,435.652
2025-11-10 13:56:00,169.72,169.85,169.72,169.83,520.848
2025-11-10 13:57:00,169.84,169.97,169.83,169.96,654.546
2025-11-10 13:58:00,169.97,169.97,169.9,169.92,816.115
2025-11-10 13:59:00,169.92,169.95,169.7,169.72,3318.495
2025-11-10 14:00:00,169.72,169.73,169.41,169.48,2226.539
2025-11-10 14:01:00,169.48,169.51,169.27,169.45,1389.226
2025-11-10 14:02:00,169.46,169.47,169.23,169.24,969.783
2025-11-10 14:03:00,169.23,169.23,168.76,168.76,5664.784
2025-11-10 14:04:00,168.75,168.8,168.47,168.77,4847.961
2025-11-10 14:05:00,168.77,168.77,168.44,168.45,2673.287
2025-11-10 14:06:00,168.44,168.72,168.41,168.61,3518.141
2025-11-10 14:07:00,168.6,168.74,168.6,168.66,1906.922
2025-11-10 14:08:00,168.66,168.77,168.61,168.62,1962.333
2025-11-10 14:09:00,168.62,168.72,168.43,168.43,2496.797
2025-11-10 14:10:00,168.44,168.49,168.3,168.48,2275.38
2025-11-10 14:11:00,168.47,168.68,168.41,168.48,1217.2
2025-11-10 14:12:00,168.47,168.53,168.38,168.41,841.142
2025-11-10 14:13:00,168.41,168.42,168.1,168.16,3188.292
2025-11-10 14:14:00,168.16,168.2,168.01,168.06,2721.788
2025-11-10 14:15:00,168.05,168.14,167.93,168.14,3436.285
2025-11-10 14:16:00,168.13,168.24,167.8,167.9,14859.322
2025-11-10 14:17:00,167.9,168.39,167.88,168.37,2952.474
2025-11-10 14:18:00,168.36,168.46,168.29,168.38,1731.576
2025-11-10 14:19:00,168.38,168.58,168.38,168.54,4175.359
2025-11-10 14:20:00,168.53,168.63,168.38,168.52,1222.215
2025-11-10 14:21:00,168.52,168.61,168.43,168.54,867.481
2025-11-10 14:22:00,168.54,168.71,168.48,168.51,1429.811
2025-11-10 14:23:00,168.5,168.59,168.37,168.37,1669.323
2025-11-10 14:24:00,168.37,168.37,168.17,168.21,1400.92
2025-11-10 14:25:00,168.21,168.4,168.21,168.4,1892.178
2025-11-10 14:26:00,168.41,168.54,168.41,168.51,1618.671
2025-11-10 14:27:00,168.5,168.54,168.36,168.38,1325.394
2025-11-10 14:28:00,168.39,168.39,168.17,168.24,1383.752
2025-11-10 14:29:00,168.25,168.42,168.21,168.36,2721.616
2025-11-10 14:30:00,168.37,168.52,168.29,168.33,1927.495
2025-11-10 14:31:00,168.33,168.37,167.84,167.84,3274.799
2025-11-10 14:32:00,167.83,168.01,167.44,167.66,55675.128
2025-11-10 14:33:00,167.66,168.43,167.66,168.02,6175.079
2025-11-10 14:34:00,168.03,168.1,167.6,167.72,3363.983
2025-11-10 14:35:00,167.72,168.01,167.72,167.91,5003.754
2025-11-10 14:36:00,167.92,168.14,167.83,168.05,3336.374
2025-11-10 14:37:00,168.06,168.06,167.5,167.89,3643.047
2025-11-10 14:38:00,167.88,168.07,167.65,167.97,1917.427
2025-11-10 14:39:00,167.98,168.0,167.49,167.55,4719.298
2025-11-10 14:40:00,167.56,167.98,167.54,167.9,3054.921
2025-11-10 14:41:00,167.91,168.04,167.74,167.88,4679.783
2025-11-10 14:42:00,167.88,168.17,167.88,168.17,1979.596
2025-11-10 14:43:00,168.18,168.19,167.66,167.74,3693.801
2025-11-10 14:44:00,167.73,168.04,167.67,167.75,6077.554
2025-11-10 14:45:00,167.75,167.84,167.31,167.39,4107.475
2025-11-10 14:46:00,167.38,167.38,166.47,166.8,14880.831
2025-11-10 14:47:00,166.79,166.8,166.03,166.45,10140.516
2025-11-10 14:48:00,166.45,166.45,166.1,166.35,9834.589
2025-11-10 14:49:00,166.35,166.44,165.92,166.17,7721.287
2025-11-10 14:50:00,166.18,166.43,166.11,166.17,2894.074
2025-11-10 14:51:00,166.17,166.17,165.78,165.84,13413.76
2025-11-10 14:52:00,165.84,166.05,165.51,165.56,9564.447
2025-11-10 14:53:00,165.55,165.63,165.26,165.62,9445.012
2025-11-10 14:54:00,165.62,165.7,165.43,165.54,5598.467
2025-11-10 14:55:00,165.54,166.13,165.48,166.09,5289.94
2025-11-10 14:56:00,166.09,166.32,165.89,165.98,6891.065
2025-11-10 14:57:00,165.97,166.04,165.63,165.72,3372.011
2025-11-10 14:58:00,165.72,166.37,165.67,166.37,4369.355
2025-11-10 14:59:00,166.37,166.44,166.03,166.15,3514.762
2025-11-10 15:00:00,166.15,166.33,166.05,166.33,1976.605
2025-11-10 15:01:00,166.33,166.37,166.03,166.27,3252.688
2025-11-10 15:02:00,166.27,166.27,165.91,165.97,1913.225
2025-11-10 15:03:00,165.98,166.17,165.84,165.98,3921.554
2025-11-10 15:04:00,165.97,166.74,165.91,166.65,5706.91
2025-11-10 15:05:00,166.66,166.91,166.51,166.53,8481.618
2025-11-10 15:06:00,166.52,166.82,166.46,166.68,1958.14
2025-11-10 15:07:00,166.68,166.85,166.56,166.57,4551.902
2025-11-10 15:08:00,166.58,166.8,166.55,166.74,1514.956
2025-11-10 15:09:00,166.74,166.82,166.57,166.65,4046.55
2025-11-10 15:10:00,166.66,166.83,166.42,166.6,9978.429
2025-11-10 15:11:00,166.6,166.64,166.3,166.43,3688.291
2025-11-10 15:12:00,166.43,166.57,166.33,166.47,3357.341
2025-11-10 15:13:00,166.47,166.52,166.03,166.21,1325.431
2025-11-10 15:14:00,166.21,166.21,165.87,165.91,1933.171
2025-11-10 15:15:00,165.92,166.16,165.92,166.08,3221.262
2025-11-10 15:16:00,166.07,166.38,165.72,166.31,3972.075
2025-11-10 15:17:00,166.32,166.4,166.04,166.07,919.336
2025-11-10 15:18:00,166.06,166.06,165.73,165.76,2105.191
2025-11-10 15:19:00,165.75,165.85,165.56,165.79,4156.653
2025-11-10 15:20:00,165.79,166.16,165.68,166.14,3348.207
2025-11-10 15:21:00,166.14,166.31,165.97,166.2,2231.815
2025-11-10 15:22:00,166.19,166.19,165.92,166.04,1563.336
2025-11-10 15:23:00,166.04,166.33,166.04,166.27,1488.146
2025-11-10 15:24:00,166.28,166.35,166.14,166.35,1517.191
2025-11-10 15:25:00,166.35,166.6,166.31,166.33,5464.544
2025-11-10 15:26:00,166.33,166.44,166.24,166.25,909.854
2025-11-10 15:27:00,166.24,166.25,166.09,166.21,1602.72
2025-11-10 15:28:00,166.2,166.25,166.1,166.22,887.38
2025-11-10 15:29:00,166.22,166.52,166.21,166.48,1615.27
2025-11-10 15:30:00,166.49,166.65,166.4,166.46,4410.194
2025-11-10 15:31:00,166.47,166.55,166.35,166.43,2581.0
2025-11-10 15:32:00,166.43,166.68,166.35,166.68,2102.711
2025-11-10 15:33:00,166.67,166.67,166.22,166.31,1599.586
2025-11-10 15:34:00,166.31,166.48,166.3,166.43,1582.51
2025-11-10 15:35:00,166.43,166.72,166.42,166.63,1727.358
2025-11-10 15:36:00,166.64,166.97,166.57,166.59,6137.191
2025-11-10 15:37:00,166.6,166.61,166.15,166.28,2721.988
2025-11-10 15:38:00,166.28,166.34,166.18,166.33,828.016
2025-11-10 15:39:00,166.32,166.49,166.18,166.46,2513.698
2025-11-10 15:40:00,166.45,166.45,166.27,166.34,2214.596
2025-11-10 15:41:00,166.34,166.67,166.34,166.65,2535.75
2025-11-10 15:42:00,166.66,166.87,166.54,166.86,2397.823
2025-11-10 15:43:00,166.87,167.06,166.87,166.98,3299.027
2025-11-10 15:44:00,166.98,167.28,166.96,167.05,4905.654
2025-11-10 15:45:00,167.04,167.04,166.82,166.84,2359.354
2025-11-10 15:46:00,166.84,166.84,166.44,166.44,1610.099
2025-11-10 15:47:00,166.45,166.53,166.3,166.34,8404.468
2025-11-10 15:48:00,166.35,166.47,166.31,166.44,3846.06
2025-11-10 15:49:00,166.44,166.6,166.44,166.6,7458.503
2025-11-10 15:50:00,166.6,166.64,166.44,166.51,13840.515
2025-11-10 15:51:00,166.52,166.52,166.02,166.09,27262.096
2025-11-10 15:52:00,166.08,166.08,165.2,165.5,76756.588
2025-11-10 15:53:00,165.51,165.89,165.37,165.86,3365.751
2025-11-10 15:54:00,165.86,165.89,165.56,165.88,4497.097
2025-11-10 15:55:00,165.87,165.98,165.63,165.97,3050.753
2025-11-10 15:56:00,165.98,166.34,165.92,166.02,5045.846
2025-11-10 15:57:00,166.01,166.17,165.93,165.93,7925.645
2025-11-10 15:58:00,165.93,166.15,165.89,166.15,2554.137
2025-11-10 15:59:00,166.15,166.31,166.07,166.26,5272.194
2025-11-10 16:00:00,166.26,166.39,165.92,166.0,5646.143
2025-11-10 16:01:00,165.99,166.21,165.93,166.18,4802.299
2025-11-10 16:02:00,166.18,166.18,165.81,165.99,1859.063
2025-11-10 16:03:00,166.0,166.08,165.9,165.99,8093.011
2025-11-10 16:04:00,165.99,166.0,165.53,165.7,2784.205
2025-11-10 16:05:00,165.69,166.02,165.56,166.02,4265.776
2025-11-10 16:06:00,166.02,166.47,165.94,166.42,6131.479
2025-11-10 16:07:00,166.41,166.57,166.39,166.4,12803.114
2025-11-10 16:08:00,166.39,166.66,166.35,166.5,36339.595
2025-11-10 16:09:00,166.51,166.58,166.34,166.46,1815.932
2025-11-10 16:10:00,166.46,166.73,166.45,166.7,13867.924
2025-11-10 16:11:00,166.69,166.99,166.62,166.95,6022.394
2025-11-10 16:12:00,166.94,167.06,166.83,166.93,2307.247
2025-11-10 16:13:00,166.93,166.97,166.8,166.8,2495.764
2025-11-10 16:14:00,166.8,166.83,166.58,166.67,2513.764
2025-11-10 16:15:00,166.66,166.87,166.62,166.8,2516.337
2025-11-10 16:16:00,166.8,166.94,166.54,166.66,4556.598
2025-11-10 16:17:00,166.66,166.7,166.55,166.59,2252.025
2025-11-10 16:18:00,166.6,166.64,166.49,166.54,1466.097
2025-11-10 16:19:00,166.54,166.73,166.53,166.68,1703.881
2025-11-10 16:20:00,166.67,166.91,166.65,166.86,1304.332
2025-11-10 16:21:00,166.86,166.86,166.05,166.05,3229.456
2025-11-10 16:22:00,166.05,166.14,165.84,165.98,2338.646
2025-11-10 16:23:00,165.99,166.2,165.89,166.17,5848.658
2025-11-10 16:24:00,166.16,166.2,166.01,166.09,1384.154
2025-11-10 16:25:00,166.08,166.3,166.01,166.27,1237.583
2025-11-10 16:26:00,166.26,166.41,166.24,166.3,1822.341
2025-11-10 16:27:00,166.3,166.41,166.19,166.31,1378.653
2025-11-10 16:28:00,166.31,166.41,166.26,166.33,1464.317
2025-11-10 16:29:00,166.34,166.37,166.05,166.1,1165.797
2025-11-10 16:30:00,166.1,166.34,166.05,166.3,876.503
2025-11-10 16:31:00,166.3,166.47,166.19,166.41,1942.541
2025-11-10 16:32:00,166.41,166.52,166.25,166.37,1244.19
2025-11-10 16:33:00,166.38,166.44,166.28,166.3,1071.298
2025-11-10 16:34:00,166.3,166.37,165.89,166.06,2117.665
2025-11-10 16:35:00,166.07,166.27,165.89,165.97,2115.995
2025-11-10 16:36:00,165.97,166.0,165.74,165.8,2000.004
2025-11-10 16:37:00,165.8,166.16,165.8,166.08,1319.944
2025-11-10 16:38:00,166.07,166.16,165.92,166.04,2768.367
2025-11-10 16:39:00,166.04,166.11,165.74,165.74,1589.845
2025-11-10 16:40:00,165.75,165.82,165.53,165.67,3016.268
2025-11-10 16:41:00,165.67,165.87,165.5,165.53,2417.418
2025-11-10 16:42:00,165.53,165.78,165.5,165.71,1696.106
2025-11-10 16:43:00,165.71,165.87,165.5,165.56,13692.999
2025-11-10 16:44:00,165.57,165.71,165.5,165.68,6300.944
2025-11-10 16:45:00,165.68,165.76,165.6,165.65,1189.299
2025-11-10 16:46:00,165.65,165.69,165.34,165.43,49541.574
2025-11-10 16:47:00,165.43,165.72,165.25,165.67,5112.325
2025-11-10 16:48:00,165.67,165.84,165.63,165.8,1817.407
2025-11-10 16:49:00,165.81,166.18,165.74,166.15,3872.422
2025-11-10 16:50:00,166.16,166.48,166.08,166.11,4020.309
2025-11-10 16:51:00,166.11,166.29,166.05,166.09,1554.168
2025-11-10 16:52:00,166.09,166.24,166.07,166.11,1142.994
2025-11-10 16:53:00,166.11,166.24,166.09,166.21,1916.376
2025-11-10 16:54:00,166.21,166.39,165.88,165.89,1307.157
2025-11-10 16:55:00,165.88,165.99,165.82,165.94,1480.937
2025-11-10 16:56:00,165.94,166.2,165.85,166.18,1539.979
2025-11-10 16:57:00,166.18,166.23,166.06,166.16,905.906
2025-11-10 16:58:00,166.16,166.25,166.02,166.23,2338.61
2025-11-10 16:59:00,166.22,166.25,166.11,166.11,1166.523
2025-11-10 17:00:00,166.1,166.23,166.07,166.23,907.705
2025-11-10 17:01:00,166.23,166.37,166.15,166.22,913.413
2025-11-10 17:02:00,166.23,166.23,165.95,166.14,2307.571
2025-11-10 17:03:00,166.15,166.3,166.13,166.29,1317.494
2025-11-10 17:04:00,166.29,166.57,166.27,166.45,2672.77
2025-11-10 17:05:00,166.45,166.8,166.39,166.8,4580.961
2025-11-10 17:06:00,166.79,167.02,166.78,166.91,5297.849
2025-11-10 17:07:00,166.92,167.03,166.9,166.94,1326.303
2025-11-10 17:08:00,166.94,166.99,166.76,166.83,1658.184
2025-11-10 17:09:00,166.82,166.92,166.65,166.73,1556.622
2025-11-10 17:10:00,166.73,166.82,166.63,166.64,521.868
2025-11-10 17:11:00,166.64,166.73,166.59,166.69,776.847
2025-11-10 17:12:00,166.69,166.89,166.64,166.87,379.012
2025-11-10 17:13:00,166.87,166.95,166.7,166.72,2903.171
2025-11-10 17:14:00,166.71,166.71,166.49,166.5,567.614
2025-11-10 17:15:00,166.5,166.61,166.48,166.54,1152.948
2025-11-10 17:16:00,166.54,166.68,166.47,166.68,972.503
2025-11-10 17:17:00,166.67,166.8,166.67,166.71,450.012
2025-11-10 17:18:00,166.72,166.87,166.71,166.79,1855.993
2025-11-10 17:19:00,166.78,166.89,166.73,166.73,1273.309
2025-11-10 17:20:00,166.74,166.76,166.6,166.74,1063.211
2025-11-10 17:21:00,166.73,166.89,166.72,166.89,1220.872
2025-11-10 17:22:00,166.88,166.98,166.8,166.98,506.517
2025-11-10 17:23:00,166.98,167.04,166.92,167.03,3895.821
2025-11-10 17:24:00,167.04,167.04,166.68,166.76,2661.29
2025-11-10 17:25:00,166.76,167.0,166.76,167.0,1080.945
2025-11-10 17:26:00,166.99,167.0,166.82,166.88,979.969
2025-11-10 17:27:00,166.88,167.03,166.86,167.02,181.218
2025-11-10 17:28:00,167.03,167.19,167.02,167.07,2971.462
2025-11-10 17:29:00,167.07,167.09,166.82,166.83,1821.492
2025-11-10 17:30:00,166.83,167.04,166.8,167.04,927.1
2025-11-10 17:31:00,167.04,167.19,167.04,167.08,533.688
2025-11-10 17:32:00,167.08,167.25,167.05,167.25,3387.187
2025-11-10 17:33:00,167.25,167.4,167.16,167.39,4161.499
2025-11-10 17:34:00,167.39,167.61,167.39,167.59,14078.289
2025-11-10 17:35:00,167.59,167.63,167.5,167.54,917.039
2025-11-10 17:36:00,167.53,167.56,167.48,167.56,345.554
2025-11-10 17:37:00,167.56,167.72,167.52,167.67,1530.841
2025-11-10 17:38:00,167.67,167.93,167.67,167.85,1335.73
2025-11-10 17:39:00,167.85,168.06,167.85,167.97,6561.081
2025-11-10 17:40:00,167.98,168.23,167.91,168.14,1239.07
2025-11-10 17:41:00,168.14,168.24,168.13,168.21,1247.309
2025-11-10 17:42:00,168.2,168.22,168.04,168.04,2620.863
2025-11-10 17:43:00,168.03,168.07,167.88,167.99,10794.561
2025-11-10 17:44:00,167.99,168.15,167.98,168.15,758.229
2025-11-10 17:45:00,168.15,168.49,168.15,168.38,3208.155
2025-11-10 17:46:00,168.38,168.38,168.0,168.03,3864.837
2025-11-10 17:47:00,168.04,168.25,168.03,168.19,1537.661
2025-11-10 17:48:00,168.19,168.25,168.15,168.15,802.739
2025-11-10 17:49:00,168.15,168.16,168.03,168.15,572.394
2025-11-10 17:50:00,168.15,168.15,167.92,167.99,2152.359
2025-11-10 17:51:00,167.99,168.0,167.85,167.87,1282.566
2025-11-10 17:52:00,167.87,167.99,167.82,167.97,1047.818
2025-11-10 17:53:00,167.98,167.98,167.76,167.76,3113.029
2025-11-10 17:54:00,167.75,167.81,167.69,167.75,879.729
2025-11-10 17:55:00,167.75,167.75,167.64,167.66,2452.243
2025-11-10 17:56:00,167.66,167.69,167.59,167.62,615.345
2025-11-10 17:57:00,167.63,167.72,167.51,167.69,1464.98
2025-11-10 17:58:00,167.69,167.74,167.62,167.64,962.281
2025-11-10 17:59:00,167.65,167.89,167.64,167.84,2773.776
2025-11-10 18:00:00,167.83,168.03,167.78,168.01,1384.161
2025-11-10 18:01:00,168.01,168.12,167.72,167.73,1663.425
2025-11-10 18:02:00,167.73,167.75,167.32,167.32,951.968
2025-11-10 18:03:00,167.32,167.48,167.32,167.47,867.49
2025-11-10 18:04:00,167.48,167.67,167.35,167.42,1511.674
2025-11-10 18:05:00,167.43,167.47,167.34,167.41,1015.401
2025-11-10 18:06:00,167.41,167.49,167.3,167.42,2244.098
2025-11-10 18:07:00,167.41,167.58,167.24,167.39,3679.499
2025-11-10 18:08:00,167.4,167.48,167.12,167.14,1037.431
2025-11-10 18:09:00,167.13,167.23,167.06,167.23,4308.598
2025-11-10 18:10:00,167.24,167.29,167.12,167.17,1204.861
2025-11-10 18:11:00,167.18,167.23,167.1,167.16,1372.325
2025-11-10 18:12:00,167.16,167.17,166.89,166.9,3853.108
2025-11-10 18:13:00,166.89,166.9,166.59,166.84,10799.24
2025-11-10 18:14:00,166.83,166.84,166.69,166.7,1333.352
2025-11-10 18:15:00,166.71,166.82,166.53,166.53,2519.454
2025-11-10 18:16:00,166.53,166.69,166.46,166.67,1336.596
2025-11-10 18:17:00,166.67,166.8,166.61,166.79,1731.362
2025-11-10 18:18:00,166.8,166.99,166.8,166.91,1518.915
2025-11-10 18:19:00,166.91,167.02,166.89,166.91,1121.018
2025-11-10 18:20:00,166.92,166.92,166.6,166.65,5787.02
2025-11-10 18:21:00,166.64,166.85,166.64,166.79,785.149
2025-11-10 18:22:00,166.79,166.97,166.73,166.97,532.705
2025-11-10 18:23:00,166.96,167.06,166.96,166.97,636.347
2025-11-10 18:24:00,166.96,167.18,166.96,166.99,1495.467
2025-11-10 18:25:00,166.99,167.0,166.82,166.83,1746.701
2025-11-10 18:26:00,166.83,166.98,166.8,166.9,741.292
2025-11-10 18:27:00,166.9,166.98,166.82,166.89,613.535
2025-11-10 18:28:00,166.88,167.05,166.85,167.04,1214.991
2025-11-10 18:29:00,167.05,167.05,166.68,166.79,868.71
2025-11-10 18:30:00,166.8,166.82,166.71,166.78,1361.252
2025-11-10 18:31:00,166.77,166.82,166.63,166.74,1087.837
2025-11-10 18:32:00,166.74,166.93,166.64,166.9,1666.722
2025-11-10 18:33:00,166.9,167.04,166.84,166.85,1619.84
2025-11-10 18:34:00,166.84,166.88,166.7,166.74,5885.416
2025-11-10 18:35:00,166.75,166.86,166.68,166.75,1219.888
2025-11-10 18:36:00,166.75,167.11,166.74,167.11,1327.104
2025-11-10 18:37:00,167.11,167.15,166.98,167.05,2008.844
2025-11-10 18:38:00,167.06,167.08,166.99,167.03,2152.778
2025-11-10 18:39:00,167.03,167.03,166.9,166.93,232.141
2025-11-10 18:40:00,166.93,167.02,166.9,166.99,1641.432
2025-11-10 18:41:00,166.99,167.09,166.85,166.85,1530.391
2025-11-10 18:42:00,166.85,166.88,166.75,166.87,660.835
2025-11-10 18:43:00,166.86,166.97,166.79,166.84,927.032
2025-11-10 18:44:00,166.83,166.94,166.8,166.94,1904.431
2025-11-10 18:45:00,166.93,166.97,166.92,166.93,1338.614
2025-11-10 18:46:00,166.93,166.93,166.64,166.67,1210.399
2025-11-10 18:47:00,166.67,166.85,166.63,166.84,3014.553
2025-11-10 18:48:00,166.83,167.06,166.83,166.98,1361.327
2025-11-10 18:49:00,166.97,166.98,166.89,166.95,3051.272
2025-11-10 18:50:00,166.95,166.97,166.73,166.77,466.011
2025-11-10 18:51:00,166.76,166.86,166.75,166.84,1288.027
2025-11-10 18:52:00,166.84,166.84,166.58,166.62,1122.748
2025-11-10 18:53:00,166.61,166.66,166.5,166.51,1774.331
2025-11-10 18:54:00,166.51,166.54,166.28,166.33,2275.675
2025-11-10 18:55:00,166.33,166.33,166.09,166.12,2225.313
2025-11-10 18:56:00,166.12,166.14,166.0,166.11,1414.898
2025-11-10 18:57:00,166.11,166.11,165.85,165.87,2449.101
2025-11-10 18:58:00,165.87,166.0,165.87,165.99,3814.739
2025-11-10 18:59:00,166.0,166.0,165.66,165.66,2048.498
2025-11-10 19:00:00,165.66,165.97,165.63,165.88,4732.041
2025-11-10 19:01:00,165.87,166.03,165.82,165.96,1328.429
2025-11-10 19:02:00,165.96,165.96,165.7,165.8,2660.608
2025-11-10 19:03:00,165.79,165.98,165.78,165.96,364.988
2025-11-10 19:04:00,165.96,166.19,165.96,166.14,3393.443
2025-11-10 19:05:00,166.14,166.2,166.04,166.18,1444.882
2025-11-10 19:06:00,166.18,166.29,166.11,166.29,3257.076
2025-11-10 19:07:00,166.28,166.37,166.17,166.17,1243.742
2025-11-10 19:08:00,166.17,166.25,166.1,166.17,2111.834
2025-11-10 19:09:00,166.17,166.25,166.11,166.23,917.178
2025-11-10 19:10:00,166.23,166.41,166.2,166.38,2695.94
2025-11-10 19:11:00,166.38,166.44,166.27,166.3,1434.1
2025-11-10 19:12:00,166.31,166.56,166.3,166.56,3341.874
2025-11-10 19:13:00,166.57,166.64,166.55,166.63,1641.535
2025-11-10 19:14:00,166.64,166.82,166.64,166.81,1570.482
2025-11-10 19:15:00,166.81,166.82,166.48,166.53,2052.294
2025-11-10 19:16:00,166.53,166.75,166.52,166.74,906.638
2025-11-10 19:17:00,166.74,166.85,166.73,166.76,752.191
2025-11-10 19:18:00,166.76,166.83,166.7,166.82,343.793
2025-11-10 19:19:00,166.81,166.81,166.55,166.65,846.628
2025-11-10 19:20:00,166.65,166.65,166.42,166.42,640.942
2025-11-10 19:21:00,166.43,166.45,166.27,166.28,1590.912
2025-11-10 19:22:00,166.27,166.4,166.27,166.33,1948.006
2025-11-10 19:23:00,166.33,166.48,166.32,166.39,852.064
2025-11-10 19:24:00,166.38,166.38,166.25,166.26,431.965
2025-11-10 19:25:00,166.26,166.35,166.2,166.21,939.976
2025-11-10 19:26:00,166.21,166.38,166.21,166.38,1601.168
2025-11-10 19:27:00,166.37,166.44,166.35,166.41,422.656
2025-11-10 19:28:00,166.41,166.58,166.41,166.58,879.147
2025-11-10 19:29:00,166.57,166.58,166.37,166.37,585.759
2025-11-10 19:30:00,166.36,166.4,166.07,166.08,1102.339
2025-11-10 19:31:00,166.07,166.14,165.98,166.0,1617.38
2025-11-10 19:32:00,165.99,166.03,165.83,165.84,1189.013
2025-11-10 19:33:00,165.83,165.92,165.73,165.86,2710.65
2025-11-10 19:34:00,165.85,165.89,165.74,165.76,1273.261
2025-11-10 19:35:00,165.77,165.78,165.61,165.66,807.786
2025-11-10 19:36:00,165.66,165.66,165.6,165.64,982.876
2025-11-10 19:37:00,165.64,165.81,165.64,165.8,426.271
2025-11-10 19:38:00,165.8,165.9,165.73,165.86,4254.277
2025-11-10 19:39:00,165.86,166.58,165.86,166.58,1776.792
2025-11-10 19:40:00,166.58,166.74,166.51,166.65,1843.867
2025-11-10 19:41:00,166.64,167.06,166.61,166.99,1923.64
2025-11-10 19:42:00,166.99,167.06,166.83,167.06,1793.645
2025-11-10 19:43:00,167.05,167.16,166.85,166.95,1097.133
2025-11-10 19:44:00,166.95,167.0,166.8,166.81,1331.724
2025-11-10 19:45:00,166.82,166.97,166.81,166.91,1205.667
2025-11-10 19:46:00,166.92,167.2,166.92,167.2,1999.164
2025-11-10 19:47:00,167.2,167.29,167.17,167.28,1805.122
2025-11-10 19:48:00,167.28,167.36,167.21,167.34,684.68
2025-11-10 19:49:00,167.35,167.49,167.28,167.33,2926.32
2025-11-10 19:50:00,167.33,167.65,167.32,167.48,2311.295
2025-11-10 19:51:00,167.48,167.67,167.42,167.63,1499.837
2025-11-10 19:52:00,167.63,167.68,167.58,167.62,353.746
2025-11-10 19:53:00,167.61,167.65,167.57,167.61,417.696
2025-11-10 19:54:00,167.6,167.6,167.44,167.58,747.454
2025-11-10 19:55:00,167.58,167.63,167.54,167.58,636.395
2025-11-10 19:56:00,167.59,167.62,167.54,167.57,510.648
2025-11-10 19:57:00,167.57,167.58,167.46,167.53,1106.285
2025-11-10 19:58:00,167.52,167.52,167.07,167.11,1329.652
2025-11-10 19:59:00,167.11,167.2,167.02,167.19,1048.956
2025-11-10 20:00:00,167.19,167.27,167.1,167.16,702.206
2025-11-10 20:01:00,167.17,167.24,167.1,167.2,736.636
2025-11-10 20:02:00,167.2,167.38,167.14,167.33,1065.012
2025-11-10 20:03:00,167.34,167.39,167.19,167.37,539.43
2025-11-10 20:04:00,167.38,167.4,167.24,167.24,544.052
2025-11-10 20:05:00,167.24,167.25,167.04,167.14,2512.573
2025-11-10 20:06:00,167.15,167.34,167.14,167.18,602.009
2025-11-10 20:07:00,167.18,167.43,167.18,167.43,776.429
2025-11-10 20:08:00,167.42,167.49,167.34,167.49,1189.633
2025-11-10 20:09:00,167.48,167.63,167.48,167.49,2581.312
2025-11-10 20:10:00,167.48,167.54,167.48,167.5,701.15
2025-11-10 20:11:00,167.5,167.55,167.42,167.54,1190.382
2025-11-10 20:12:00,167.55,167.73,167.54,167.63,1440.704
2025-11-10 20:13:00,167.63,167.88,167.6,167.85,2409.243
2025-11-10 20:14:00,167.84,167.87,167.68,167.72,1876.674
2025-11-10 20:15:00,167.73,167.73,167.6,167.6,12026.057
2025-11-10 20:16:00,167.6,167.65,167.32,167.34,15723.322
2025-11-10 20:17:00,167.33,167.35,167.19,167.27,952.412
2025-11-10 20:18:00,167.28,167.54,167.27,167.52,4513.392
2025-11-10 20:19:00,167.52,167.56,167.4,167.56,973.359
2025-11-10 20:20:00,167.57,167.75,167.41,167.41,894.038
2025-11-10 20:21:00,167.42,167.44,167.0,167.1,2315.565
2025-11-10 20:22:00,167.1,167.29,167.06,167.28,566.45
2025-11-10 20:23:00,167.27,167.31,167.19,167.3,504.939
2025-11-10 20:24:00,167.3,167.37,167.22,167.27,576.783
2025-11-10 20:25:00,167.26,167.36,167.19,167.35,800.586
2025-11-10 20:26:00,167.35,167.52,167.35,167.39,511.201
2025-11-10 20:27:00,167.39,167.43,167.25,167.26,1441.037
2025-11-10 20:28:00,167.26,167.26,167.07,167.12,579.066
2025-11-10 20:29:00,167.12,167.17,167.06,167.09,295.084
2025-11-10 20:30:00,167.1,167.11,166.93,166.98,1139.892
2025-11-10 20:31:00,166.98,167.09,166.9,166.96,877.298
2025-11-10 20:32:00,166.96,167.0,166.85,166.96,651.355
2025-11-10 20:33:00,166.97,167.09,166.94,167.0,719.025
2025-11-10 20:34:00,167.01,167.23,166.95,167.23,718.618
2025-11-10 20:35:00,167.24,167.49,167.23,167.48,1122.948
2025-11-10 20:36:00,167.49,167.7,167.47,167.68,772.357
2025-11-10 20:37:00,167.69,167.91,167.69,167.81,3850.164
2025-11-10 20:38:00,167.82,167.93,167.81,167.84,1126.578
2025-11-10 20:39:00,167.83,167.95,167.81,167.89,912.803
2025-11-10 20:40:00,167.88,167.91,167.77,167.91,948.011
2025-11-10 20:41:00,167.91,168.14,167.91,168.1,3784.143
2025-11-10 20:42:00,168.11,168.2,168.06,168.2,2360.364
2025-11-10 20:43:00,168.2,168.2,168.06,168.11,2396.606
2025-11-10 20:44:00,168.1,168.23,168.09,168.09,1479.338
2025-11-10 20:45:00,168.09,168.16,168.04,168.12,2315.657
2025-11-10 20:46:00,168.12,168.25,168.06,168.11,1562.088
2025-11-10 20:47:00,168.11,168.38,168.1,168.37,4372.714
2025-11-10 20:48:00,168.38,168.41,167.93,167.96,1997.849
2025-11-10 20:49:00,167.96,168.0,167.9,167.93,1293.403
2025-11-10 20:50:00,167.94,168.01,167.85,167.91,2772.492
2025-11-10 20:51:00,167.91,167.92,167.79,167.8,1400.746
2025-11-10 20:52:00,167.8,167.93,167.8,167.87,2009.085
2025-11-10 20:53:00,167.88,168.0,167.79,167.99,1311.214
2025-11-10 20:54:00,168.0,168.06,167.72,167.79,3748.307
2025-11-10 20:55:00,167.79,167.79,167.5,167.54,1622.945
2025-11-10 20:56:00,167.54,167.67,167.54,167.63,321.314
2025-11-10 20:57:00,167.62,167.72,167.55,167.71,710.551
2025-11-10 20:58:00,167.7,167.72,167.67,167.67,614.094
2025-11-10 20:59:00,167.68,168.09,167.68,167.85,3647.427
2025-11-10 21:00:00,167.85,167.87,167.5,167.54,1269.513
2025-11-10 21:01:00,167.54,167.59,167.29,167.32,1736.001
2025-11-10 21:02:00,167.32,167.48,167.28,167.44,1389.681
2025-11-10 21:03:00,167.45,167.52,167.12,167.12,833.703
2025-11-10 21:04:00,167.11,167.11,166.82,166.83,992.731
2025-11-10 21:05:00,166.83,167.08,166.83,166.9,1338.662
2025-11-10 21:06:00,166.91,166.92,166.66,166.67,1820.495
2025-11-10 21:07:00,166.66,166.73,166.5,166.73,2358.588
2025-11-10 21:08:00,166.74,166.74,166.37,166.37,1483.962
2025-11-10 21:09:00,166.37,166.44,166.3,166.41,1214.486
2025-11-10 21:10:00,166.4,166.41,166.3,166.39,1757.634
2025-11-10 21:11:00,166.4,166.41,166.26,166.35,1784.264
2025-11-10 21:12:00,166.35,166.36,166.14,166.2,1171.031
2025-11-10 21:13:00,166.19,166.2,166.07,166.16,1019.427
2025-11-10 21:14:00,166.17,166.38,166.17,166.38,2341.607
2025-11-10 21:15:00,166.38,166.38,166.05,166.06,3952.0
2025-11-10 21:16:00,166.05,166.2,166.03,166.04,640.669
2025-11-10 21:17:00,166.03,166.2,165.86,166.2,1410.816
2025-11-10 21:18:00,166.2,166.31,166.18,166.24,1209.115
2025-11-10 21:19:00,166.24,166.3,166.13,166.27,549.888
2025-11-10 21:20:00,166.27,166.44,166.26,166.29,612.682
2025-11-10 21:21:00,166.29,166.45,166.29,166.42,1055.373
2025-11-10 21:22:00,166.42,166.42,166.11,166.11,1225.181
2025-11-10 21:23:00,166.11,166.24,166.11,166.24,2735.875
2025-11-10 21:24:00,166.25,166.38,166.18,166.19,670.789
2025-11-10 21:25:00,166.18,166.19,166.01,166.02,1838.41
2025-11-10 21:26:00,166.01,166.12,166.01,166.12,777.643
2025-11-10 21:27:00,166.12,166.19,166.07,166.14,1036.011
2025-11-10 21:28:00,166.14,166.21,166.07,166.08,525.425
2025-11-10 21:29:00,166.08,166.19,166.04,166.17,1327.161
2025-11-10 21:30:00,166.17,166.27,166.11,166.22,392.081
2025-11-10 21:31:00,166.21,166.41,166.21,166.36,431.249
2025-11-10 21:32:00,166.36,166.38,166.27,166.36,697.036
2025-11-10 21:33:00,166.37,166.4,166.29,166.31,3289.608
2025-11-10 21:34:00,166.32,166.48,166.31,166.41,2051.335
2025-11-10 21:35:00,166.41,166.5,166.36,166.38,701.34
2025-11-10 21:36:00,166.38,166.45,166.34,166.44,441.388
2025-11-10 21:37:00,166.45,166.51,166.29,166.3,510.459
2025-11-10 21:38:00,166.3,166.45,166.22,166.44,528.55
2025-11-10 21:39:00,166.45,166.51,165.9,165.9,5037.436
2025-11-10 21:40:00,165.9,166.08,165.81,165.9,3343.344
2025-11-10 21:41:00,165.9,166.06,165.86,166.06,426.735
2025-11-10 21:42:00,166.06,166.14,165.97,166.13,1028.163
2025-11-10 21:43:00,166.13,166.13,165.94,166.0,943.867
2025-11-10 21:44:00,166.01,166.18,166.0,166.18,403.909
2025-11-10 21:45:00,166.19,166.3,166.14,166.14,402.537
2025-11-10 21:46:00,166.15,166.16,165.8,165.8,3071.891
2025-11-10 21:47:00,165.81,165.83,165.45,165.51,5308.052
2025-11-10 21:48:00,165.51,165.51,165.25,165.27,3752.688
2025-11-10 21:49:00,165.28,165.34,164.86,165.0,11789.885
2025-11-10 21:50:00,165.0,165.23,165.0,165.12,1250.091
2025-11-10 21:51:00,165.13,165.14,165.03,165.11,699.282
2025-11-10 21:52:00,165.11,165.11,164.87,164.88,2196.202
2025-11-10 21:53:00,164.88,165.11,164.81,165.11,1636.915
2025-11-10 21:54:00,165.11,165.14,165.0,165.03,1341.783
2025-11-10 21:55:00,165.04,165.38,165.04,165.37,2182.514
2025-11-10 21:56:00,165.37,165.37,165.19,165.28,1278.482
2025-11-10 21:57:00,165.29,165.4,165.11,165.37,870.82
2025-11-10 21:58:00,165.37,165.52,165.36,165.42,649.409
2025-11-10 21:59:00,165.42,165.61,165.41,165.52,736.09
2025-11-10 22:00:00,165.52,165.68,165.49,165.65,1156.455
2025-11-10 22:01:00,165.65,165.65,165.47,165.65,469.381
2025-11-10 22:02:00,165.66,165.68,165.54,165.62,673.396
2025-11-10 22:03:00,165.62,165.71,165.58,165.71,273.908
2025-11-10 22:04:00,165.72,165.82,165.68,165.82,578.625
2025-11-10 22:05:00,165.81,166.0,165.81,165.94,1079.621
2025-11-10 22:06:00,165.95,166.24,165.94,166.23,1159.288
2025-11-10 22:07:00,166.22,166.24,166.14,166.21,828.825
2025-11-10 22:08:00,166.2,166.23,166.06,166.19,1001.658
2025-11-10 22:09:00,166.18,166.31,166.05,166.29,1142.364
2025-11-10 22:10:00,166.29,166.32,166.14,166.15,1204.872
2025-11-10 22:11:00,166.14,166.14,165.78,165.79,1408.683
2025-11-10 22:12:00,165.79,165.86,165.39,165.4,2337.586
2025-11-10 22:13:00,165.39,165.39,165.3,165.3,1125.634
2025-11-10 22:14:00,165.3,165.44,165.14,165.43,1017.782
2025-11-10 22:15:00,165.42,165.5,165.35,165.48,900.599
2025-11-10 22:16:00,165.47,165.6,165.42,165.49,2505.134
2025-11-10 22:17:00,165.48,165.58,165.45,165.52,2544.571
2025-11-10 22:18:00,165.52,165.75,165.47,165.75,2816.778
2025-11-10 22:19:00,165.76,165.91,165.75,165.91,794.574
2025-11-10 22:20:00,165.9,166.03,165.89,165.94,6391.486
2025-11-10 22:21:00,165.94,165.98,165.92,165.95,447.672
2025-11-10 22:22:00,165.95,166.0,165.91,166.0,1180.848
2025-11-10 22:23:00,166.0,166.09,165.88,165.95,1914.352
2025-11-10 22:24:00,165.95,166.14,165.94,166.09,6085.544
2025-11-10 22:25:00,166.09,166.25,166.08,166.12,5764.324
2025-11-10 22:26:00,166.12,166.13,166.02,166.07,462.26
2025-11-10 22:27:00,166.07,166.27,166.07,166.2,385.574
2025-11-10 22:28:00,166.21,166.26,166.14,166.19,466.31
2025-11-10 22:29:00,166.19,166.19,166.08,166.08,422.701
2025-11-10 22:30:00,166.08,166.27,166.04,166.21,2435.558
2025-11-10 22:31:00,166.21,166.3,166.07,166.07,3133.399
2025-11-10 22:32:00,166.08,166.31,166.01,166.22,1377.726
2025-11-10 22:33:00,166.21,166.34,166.21,166.28,3861.726
2025-11-10 22:34:00,166.28,166.28,166.17,166.22,1454.037
2025-11-10 22:35:00,166.23,166.26,166.14,166.26,400.283
2025-11-10 22:36:00,166.27,166.34,166.17,166.34,2476.854
2025-11-10 22:37:00,166.34,166.53,166.32,166.42,4636.661
2025-11-10 22:38:00,166.41,166.41,166.11,166.17,7460.564
2025-11-10 22:39:00,166.16,166.41,166.16,166.38,3362.628
2025-11-10 22:40:00,166.38,166.38,166.27,166.3,3199.887
2025-11-10 22:41:00,166.3,166.35,166.29,166.29,2601.457
2025-11-10 22:42:00,166.28,166.32,166.22,166.32,782.053
2025-11-10 22:43:00,166.32,166.39,166.31,166.38,1435.452
2025-11-10 22:44:00,166.37,166.38,166.27,166.36,660.234
2025-11-10 22:45:00,166.36,166.44,166.33,166.33,708.615
2025-11-10 22:46:00,166.32,166.49,166.29,166.49,160.032
2025-11-10 22:47:00,166.49,166.8,166.45,166.79,3740.044
2025-11-10 22:48:00,166.8,167.3,166.79,167.26,5966.315
2025-11-10 22:49:00,167.26,167.32,167.19,167.26,1513.839
2025-11-10 22:50:00,167.25,167.44,167.25,167.34,1907.672
2025-11-10 22:51:00,167.34,167.54,167.33,167.52,2837.546
2025-11-10 22:52:00,167.52,167.65,167.48,167.48,2932.184
2025-11-10 22:53:00,167.49,167.64,167.49,167.63,1523.508
2025-11-10 22:54:00,167.63,167.65,167.36,167.43,2493.123
2025-11-10 22:55:00,167.44,167.63,167.44,167.62,1373.902
2025-11-10 22:56:00,167.61,167.71,167.48,167.49,1522.354
2025-11-10 22:57:00,167.48,167.58,167.46,167.47,698.459
2025-11-10 22:58:00,167.47,167.67,167.46,167.67,1410.679
2025-11-10 22:59:00,167.67,167.8,167.53,167.64,2748.589
2025-11-10 23:00:00,167.64,167.79,167.33,167.41,2481.237
2025-11-10 23:01:00,167.41,167.74,167.41,167.65,1678.226
2025-11-10 23:02:00,167.66,167.75,167.66,167.74,938.64
2025-11-10 23:03:00,167.75,167.77,167.28,167.37,1656.408
2025-11-10 23:04:00,167.37,167.48,167.3,167.31,2033.6
2025-11-10 23:05:00,167.31,167.65,167.31,167.58,1298.597
2025-11-10 23:06:00,167.57,167.77,167.52,167.61,379.594
2025-11-10 23:07:00,167.62,167.73,167.41,167.5,1222.276
2025-11-10 23:08:00,167.51,167.64,167.48,167.58,977.219
2025-11-10 23:09:00,167.58,167.58,167.45,167.54,835.687
2025-11-10 23:10:00,167.54,167.69,167.54,167.68,522.372
2025-11-10 23:11:00,167.69,167.84,167.65,167.77,2527.497
2025-11-10 23:12:00,167.78,167.84,167.69,167.74,528.401
2025-11-10 23:13:00,167.75,167.88,167.69,167.69,2677.441
2025-11-10 23:14:00,167.68,167.74,167.64,167.65,741.485
2025-11-10 23:15:00,167.66,167.81,167.64,167.81,687.444
2025-11-10 23:16:00,167.82,167.89,167.79,167.85,1122.191
2025-11-10 23:17:00,167.84,167.9,167.75,167.9,910.676
2025-11-10 23:18:00,167.89,167.95,167.7,167.73,2192.378
2025-11-10 23:19:00,167.73,167.73,167.48,167.57,1183.26
2025-11-10 23:20:00,167.57,167.6,167.5,167.59,475.089
2025-11-10 23:21:00,167.59,167.95,167.59,167.86,729.632
2025-11-10 23:22:00,167.86,167.95,167.83,167.93,1531.08
2025-11-10 23:23:00,167.94,168.0,167.84,167.95,5025.24
2025-11-10 23:24:00,167.95,167.96,167.87,167.94,653.172
2025-11-10 23:25:00,167.95,168.01,167.94,168.0,561.731
2025-11-10 23:26:00,168.0,168.06,167.97,167.98,743.257
2025-11-10 23:27:00,167.97,168.05,167.92,168.04,759.698
2025-11-10 23:28:00,168.05,168.05,167.93,167.93,406.57
2025-11-10 23:29:00,167.94,167.94,167.8,167.84,665.591
2025-11-10 23:30:00,167.84,167.92,167.83,167.91,240.1
2025-11-10 23:31:00,167.92,167.99,167.81,167.82,1014.226
2025-11-10 23:32:00,167.82,167.91,167.71,167.83,648.791
2025-11-10 23:33:00,167.83,167.88,167.7,167.71,707.115
2025-11-10 23:34:00,167.71,167.79,167.7,167.79,452.853
2025-11-10 23:35:00,167.78,167.82,167.6,167.6,1223.296
2025-11-10 23:36:00,167.61,167.61,167.33,167.33,1422.3
2025-11-10 23:37:00,167.32,167.51,167.2,167.48,1324.376
2025-11-10 23:38:00,167.47,167.55,167.36,167.5,1322.549
2025-11-10 23:39:00,167.5,167.5,167.43,167.45,249.45
2025-11-10 23:40:00,167.46,167.49,167.39,167.44,677.337
2025-11-10 23:41:00,167.45,167.58,167.44,167.58,439.478
2025-11-10 23:42:00,167.58,167.67,167.53,167.62,1346.476
2025-11-10 23:43:00,167.61,167.68,167.58,167.67,365.978
2025-11-10 23:44:00,167.68,167.77,167.67,167.69,487.597
2025-11-10 23:45:00,167.69,167.69,167.59,167.63,738.18
2025-11-10 23:46:00,167.63,167.68,167.52,167.68,556.939
2025-11-10 23:47:00,167.68,167.92,167.67,167.92,1016.006
2025-11-10 23:48:00,167.92,168.1,167.92,168.09,2493.565
2025-11-10 23:49:00,168.09,168.1,167.97,168.05,809.434
2025-11-10 23:50:00,168.05,168.05,167.94,167.97,736.818
2025-11-10 23:51:00,167.98,167.98,167.74,167.74,983.895
2025-11-10 23:52:00,167.75,167.75,167.53,167.6,873.158
2025-11-10 23:53:00,167.61,167.61,167.3,167.3,1334.712
2025-11-10 23:54:00,167.3,167.39,167.19,167.39,2338.523
2025-11-10 23:55:00,167.39,167.49,167.36,167.49,975.315
2025-11-10 23:56:00,167.48,167.48,167.33,167.45,959.765
2025-11-10 23:57:00,167.44,167.45,167.4,167.43,353.285
2025-11-10 23:58:00,167.43,167.43,167.35,167.38,1029.537
2025-11-10 23:59:00,167.39,167.39,167.29,167.31,807.281
2025-11-11 00:00:00,167.31,167.59,167.3,167.5,1377.546
2025-11-11 00:01:00,167.5,167.56,167.22,167.27,1224.926
2025-11-11 00:02:00,167.28,167.42,167.28,167.37,562.312
2025-11-11 00:03:00,167.36,167.39,167.3,167.37,599.516
2025-11-11 00:04:00,167.36,167.36,167.19,167.34,1295.047
2025-11-11 00:05:00,167.35,167.51,167.28,167.45,1348.272
2025-11-11 00:06:00,167.45,167.61,167.31,167.34,1484.964
2025-11-11 00:07:00,167.33,167.33,167.04,167.12,885.984
2025-11-11 00:08:00,167.13,167.18,167.06,167.16,1527.922
2025-11-11 00:09:00,167.17,167.39,167.17,167.39,423.998
2025-11-11 00:10:00,167.39,167.4,167.02,167.05,1818.738
2025-11-11 00:11:00,167.05,167.05,166.63,166.63,2978.08
2025-11-11 00:12:00,166.64,166.83,166.5,166.82,2504.651
2025-11-11 00:13:00,166.82,166.92,166.7,166.92,1312.954
2025-11-11 00:14:00,166.91,166.98,166.8,166.93,436.228
2025-11-11 00:15:00,166.94,167.16,166.84,167.16,915.564
2025-11-11 00:16:00,167.16,167.25,167.05,167.1,1971.972
2025-11-11 00:17:00,167.11,167.29,167.07,167.19,996.605
2025-11-11 00:18:00,167.2,167.22,167.06,167.17,654.174
2025-11-11 00:19:00,167.18,167.24,167.07,167.19,459.07
2025-11-11 00:20:00,167.19,167.34,167.15,167.31,2029.353
2025-11-11 00:21:00,167.32,167.33,167.22,167.31,535.519
2025-11-11 00:22:00,167.32,167.57,167.32,167.5,1241.427
2025-11-11 00:23:00,167.49,167.49,167.21,167.22,974.777
2025-11-11 00:24:00,167.22,167.37,167.17,167.34,439.029
2025-11-11 00:25:00,167.34,167.37,167.06,167.07,598.751
2025-11-11 00:26:00,167.07,167.07,166.77,166.82,707.682
2025-11-11 00:27:00,166.81,166.83,166.62,166.62,722.041
2025-11-11 00:28:00,166.62,166.76,166.6,166.67,1452.289
2025-11-11 00:29:00,166.67,166.85,166.6,166.84,601.502
2025-11-11 00:30:00,166.83,166.83,166.59,166.62,819.208
2025-11-11 00:31:00,166.62,167.16,166.62,167.16,721.2
2025-11-11 00:32:00,167.17,167.28,167.02,167.06,738.996
2025-11-11 00:33:00,167.06,167.12,166.88,166.88,964.745
2025-11-11 00:34:00,166.89,167.1,166.79,166.89,1472.429
2025-11-11 00:35:00,166.9,167.04,166.9,167.03,1097.04
2025-11-11 00:36:00,167.03,167.03,166.52,166.55,2605.792
2025-11-11 00:37:00,166.56,166.61,166.23,166.57,2370.381
2025-11-11 00:38:00,166.57,166.61,166.46,166.48,1187.541
2025-11-11 00:39:00,166.49,166.58,166.33,166.38,1219.063
2025-11-11 00:40:00,166.38,166.49,166.36,166.45,959.841
2025-11-11 00:41:00,166.44,166.5,166.36,166.5,645.641
2025-11-11 00:42:00,166.49,166.68,166.49,166.64,1097.061
2025-11-11 00:43:00,166.64,166.64,166.54,166.56,769.802
2025-11-11 00:44:00,166.57,166.57,166.25,166.26,902.367
2025-11-11 00:45:00,166.25,166.41,166.14,166.28,1514.956
2025-11-11 00:46:00,166.28,166.4,166.28,166.32,461.647
2025-11-11 00:47:00,166.31,166.31,166.0,166.19,3703.217
2025-11-11 00:48:00,166.18,166.75,166.17,166.74,1361.976
2025-11-11 00:49:00,166.75,166.8,166.69,166.69,801.232
2025-11-11 00:50:00,166.7,166.93,166.67,166.87,2068.048
2025-11-11 00:51:00,166.88,166.88,166.6,166.61,340.833
2025-11-11 00:52:00,166.6,166.64,166.54,166.64,638.023
2025-11-11 00:53:00,166.64,166.71,166.57,166.64,971.073
2025-11-11 00:54:00,166.65,166.85,166.64,166.79,422.135
2025-11-11 00:55:00,166.78,167.0,166.78,166.98,562.639
2025-11-11 00:56:00,166.98,167.23,166.97,167.22,1253.962
2025-11-11 00:57:00,167.22,167.57,167.22,167.52,2179.509
2025-11-11 00:58:00,167.52,167.59,167.44,167.44,1503.709
2025-11-11 00:59:00,167.44,167.56,167.36,167.51,2012.269
2025-11-11 01:00:00,167.5,167.77,167.49,167.74,3740.297
2025-11-11 01:01:00,167.75,167.84,167.58,167.59,851.479
2025-11-11 01:02:00,167.58,167.76,167.49,167.59,2102.011
2025-11-11 01:03:00,167.59,167.62,167.34,167.36,667.805
2025-11-11 01:04:00,167.36,167.37,167.26,167.3,1340.006
2025-11-11 01:05:00,167.3,167.51,167.3,167.36,1888.593
2025-11-11 01:06:00,167.35,167.51,167.27,167.48,1055.437
2025-11-11 01:07:00,167.48,167.6,167.44,167.44,1395.519
2025-11-11 01:08:00,167.45,167.53,167.29,167.43,1164.463
2025-11-11 01:09:00,167.42,167.6,167.42,167.56,543.198
2025-11-11 01:10:00,167.57,167.64,167.5,167.52,368.219
2025-11-11 01:11:00,167.53,167.6,167.48,167.59,360.877
2025-11-11 01:12:00,167.6,167.73,167.6,167.65,775.995
2025-11-11 01:13:00,167.66,167.8,167.66,167.79,340.237
2025-11-11 01:14:00,167.79,167.91,167.73,167.91,2602.733
2025-11-11 01:15:00,167.91,168.28,167.9,168.23,11701.306
2025-11-11 01:16:00,168.24,169.08,168.24,168.84,15073.955
2025-11-11 01:17:00,168.85,169.34,168.85,169.07,6647.023
2025-11-11 01:18:00,169.08,169.65,169.08,169.61,4007.474
2025-11-11 01:19:00,169.61,170.57,169.59,170.43,33343.321
2025-11-11 01:20:00,170.43,170.73,170.35,170.55,17305.184
2025-11-11 01:21:00,170.56,170.77,170.28,170.76,4855.286
2025-11-11 01:22:00,170.76,171.0,170.28,170.35,9630.437
2025-11-11 01:23:00,170.35,170.58,170.03,170.03,6104.049
2025-11-11 01:24:00,170.03,170.03,169.39,169.64,9271.089
2025-11-11 01:25:00,169.64,169.69,169.31,169.51,3846.833
2025-11-11 01:26:00,169.51,169.59,169.12,169.52,4778.836
2025-11-11 01:27:00,169.51,169.72,169.32,169.63,2154.393
2025-11-11 01:28:00,169.64,169.64,169.32,169.46,1814.198
2025-11-11 01:29:00,169.46,169.5,168.81,168.89,2923.288
2025-11-11 01:30:00,168.9,168.98,168.63,168.92,8790.411
2025-11-11 01:31:00,168.93,169.0,168.11,168.41,3777.704
2025-11-11 01:32:00,168.42,168.85,168.42,168.77,5589.943
2025-11-11 01:33:00,168.77,168.91,168.58,168.63,2832.076
2025-11-11 01:34:00,168.63,168.66,168.2,168.36,2191.433
2025-11-11 01:35:00,168.36,168.36,167.99,168.14,2417.104
2025-11-11 01:36:00,168.14,168.18,167.6,167.63,3712.376
2025-11-11 01:37:00,167.64,167.64,166.63,167.34,12775.222
2025-11-11 01:38:00,167.35,167.39,166.95,167.18,3703.23
2025-11-11 01:39:00,167.17,167.63,167.07,167.55,2604.129
2025-11-11 01:40:00,167.55,167.56,167.18,167.34,8820.389
2025-11-11 01:41:00,167.33,167.69,167.14,167.64,1780.521
2025-11-11 01:42:00,167.64,167.64,167.37,167.59,1352.411
2025-11-11 01:43:00,167.58,167.69,167.37,167.46,4315.3
2025-11-11 01:44:00,167.47,167.75,167.28,167.5,3473.539
2025-11-11 01:45:00,167.5,167.93,167.45,167.74,4932.671
2025-11-11 01:46:00,167.74,167.89,167.66,167.81,1908.801
2025-11-11 01:47:00,167.8,167.97,167.75,167.95,2148.545
2025-11-11 01:48:00,167.96,168.08,167.82,167.82,3026.631
2025-11-11 01:49:00,167.82,168.12,167.82,167.99,1090.296
2025-11-11 01:50:00,167.98,168.18,167.85,168.08,2338.411
2025-11-11 01:51:00,168.08,168.2,167.83,168.17,729.943
2025-11-11 01:52:00,168.18,168.3,168.07,168.1,2642.748
2025-11-11 01:53:00,168.11,168.33,168.1,168.32,2021.174
2025-11-11 01:54:00,168.33,168.33,167.95,167.95,948.306
2025-11-11 01:55:00,167.95,168.04,167.8,167.82,3431.215
2025-11-11 01:56:00,167.82,167.86,167.21,167.22,4433.926
2025-11-11 01:57:00,167.21,167.4,167.01,167.27,2666.732
2025-11-11 01:58:00,167.27,167.29,167.04,167.12,1980.44
2025-11-11 01:59:00,167.11,167.41,167.11,167.41,1388.857
2025-11-11 02:00:00,167.41,167.59,167.34,167.5,1516.227
2025-11-11 02:01:00,167.51,167.59,167.3,167.38,2340.077
2025-11-11 02:02:00,167.37,167.37,166.79,166.86,8898.584
2025-11-11 02:03:00,166.85,167.05,166.59,166.72,2204.577
2025-11-11 02:04:00,166.72,167.04,166.64,166.94,1405.369
2025-11-11 02:05:00,166.94,166.94,166.36,166.46,3979.498
2025-11-11 02:06:00,166.47,166.71,166.25,166.66,3805.296
2025-11-11 02:07:00,166.66,166.83,166.42,166.42,3211.449
2025-11-11 02:08:00,166.43,166.69,166.43,166.69,1486.086
2025-11-11 02:09:00,166.69,167.0,166.69,167.0,1623.36
2025-11-11 02:10:00,167.0,167.2,166.94,167.17,1522.277
2025-11-11 02:11:00,167.17,167.51,167.17,167.4,3866.965
2025-11-11 02:12:00,167.4,167.78,167.36,167.77,3868.1
2025-11-11 02:13:00,167.78,167.84,167.63,167.73,1920.276
2025-11-11 02:14:00,167.73,167.93,167.66,167.78,1611.756
2025-11-11 02:15:00,167.79,167.95,167.7,167.77,1808.608
2025-11-11 02:16:00,167.78,167.85,167.59,167.64,2207.563
2025-11-11 02:17:00,167.65,167.83,167.49,167.67,1092.739
2025-11-11 02:18:00,167.68,167.68,167.43,167.53,1078.524
2025-11-11 02:19:00,167.52,167.61,167.48,167.52,2067.008
2025-11-11 02:20:00,167.52,167.67,167.39,167.48,4985.489
2025-11-11 02:21:00,167.48,167.7,167.31,167.7,626.677
2025-11-11 02:22:00,167.7,167.75,167.58,167.7,812.503
2025-11-11 02:23:00,167.69,167.8,167.6,167.73,433.927
2025-11-11 02:24:00,167.73,167.89,167.73,167.89,543.183
2025-11-11 02:25:00,167.9,168.21,167.89,168.13,2858.847
2025-11-11 02:26:00,168.14,168.34,168.13,168.33,1452.843
2025-11-11 02:27:00,168.32,168.37,168.22,168.29,2188.965
2025-11-11 02:28:00,168.29,168.48,168.22,168.48,1326.252
2025-11-11 02:29:00,168.49,168.64,168.48,168.64,1051.7
2025-11-11 02:30:00,168.65,168.74,168.59,168.64,2719.884
2025-11-11 02:31:00,168.64,169.36,168.64,169.36,3583.715
2025-11-11 02:32:00,169.36,170.71,169.35,170.63,26164.667
2025-11-11 02:33:00,170.63,170.63,169.93,170.03,10050.726
2025-11-11 02:34:00,170.02,170.29,169.93,170.22,5797.127
2025-11-11 02:35:00,170.23,170.93,170.2,170.77,7899.047
2025-11-11 02:36:00,170.77,170.9,170.6,170.62,5066.547
2025-11-11 02:37:00,170.62,170.73,170.41,170.55,3709.936
2025-11-11 02:38:00,170.55,170.56,170.07,170.14,3013.141
2025-11-11 02:39:00,170.14,170.33,170.0,170.29,5436.087
2025-11-11 02:40:00,170.3,170.41,170.25,170.27,1945.785
2025-11-11 02:41:00,170.27,170.45,169.91,170.22,4944.52
2025-11-11 02:42:00,170.23,170.44,170.2,170.23,2584.666
2025-11-11 02:43:00,170.24,170.65,170.24,170.65,11266.449
2025-11-11 02:44:00,170.64,170.65,170.43,170.53,5461.569
2025-11-11 02:45:00,170.53,170.8,170.52,170.58,7166.652
2025-11-11 02:46:00,170.59,171.0,170.59,170.69,7837.334
2025-11-11 02:47:00,170.7,170.99,170.67,170.67,3619.307
2025-11-11 02:48:00,170.68,170.7,170.21,170.25,3114.535
2025-11-11 02:49:00,170.24,170.24,169.75,169.87,8796.146
2025-11-11 02:50:00,169.87,170.21,169.87,170.07,2360.475
2025-11-11 02:51:00,170.06,170.17,169.93,170.0,1317.684
2025-11-11 02:52:00,169.99,170.0,169.76,169.89,1101.261
2025-11-11 02:53:00,169.9,170.25,169.9,170.19,2527.032
2025-11-11 02:54:00,170.18,170.2,169.93,170.19,1497.624
2025-11-11 02:55:00,170.19,170.25,170.04,170.08,816.379
2025-11-11 02:56:00,170.08,170.08,169.92,169.97,1553.736
2025-11-11 02:57:00,169.97,170.19,169.83,170.18,1564.809
2025-11-11 02:58:00,170.18,170.43,170.18,170.41,2651.093
2025-11-11 02:59:00,170.41,170.41,170.24,170.28,1869.516
2025-11-11 03:00:00,170.28,170.47,170.16,170.22,3733.341
2025-11-11 03:01:00,170.23,170.46,170.11,170.34,3863.117
2025-11-11 03:02:00,170.34,170.43,170.21,170.34,1854.13
2025-11-11 03:03:00,170.33,170.35,170.2,170.31,1824.941
2025-11-11 03:04:00,170.3,170.53,170.26,170.52,696.641
2025-11-11 03:05:00,170.52,170.89,170.5,170.82,3711.609
2025-11-11 03:06:00,170.83,171.05,170.77,171.04,17008.794
2025-11-11 03:07:00,171.05,171.29,170.99,171.22,15277.75
2025-11-11 03:08:00,171.22,171.24,171.07,171.08,1431.597
2025-11-11 03:09:00,171.08,171.38,171.02,171.33,6598.811
2025-11-11 03:10:00,171.33,171.63,171.33,171.46,10504.892
2025-11-11 03:11:00,171.45,171.51,171.11,171.14,2530.878
2025-11-11 03:12:00,171.15,171.25,171.07,171.23,1970.721
2025-11-11 03:13:00,171.24,171.45,171.24,171.4,6508.315
2025-11-11 03:14:00,171.39,171.59,171.21,171.55,7730.407
2025-11-11 03:15:00,171.54,171.67,171.27,171.37,2780.154
2025-11-11 03:16:00,171.37,171.74,171.31,171.73,4210.787
2025-11-11 03:17:00,171.73,171.86,171.51,171.51,9107.489
2025-11-11 03:18:00,171.51,171.62,171.39,171.41,4441.571
2025-11-11 03:19:00,171.42,171.65,171.31,171.5,2486.713
2025-11-11 03:20:00,171.5,171.58,171.35,171.58,2344.242
2025-11-11 03:21:00,171.57,171.8,171.52,171.64,4828.219
2025-11-11 03:22:00,171.64,171.9,171.64,171.89,2385.924
2025-11-11 03:23:00,171.9,171.94,171.62,171.62,4293.609
2025-11-11 03:24:00,171.62,171.68,171.5,171.51,2283.445
2025-11-11 03:25:00,171.51,171.52,171.24,171.26,2149.242
2025-11-11 03:26:00,171.26,171.5,171.17,171.5,1481.291
2025-11-11 03:27:00,171.5,171.77,171.47,171.53,4481.564
2025-11-11 03:28:00,171.53,171.54,171.21,171.21,1103.947
2025-11-11 03:29:00,171.21,171.21,170.85,170.86,4640.149
2025-11-11 03:30:00,170.85,170.91,170.62,170.66,2078.472
2025-11-11 03:31:00,170.65,170.83,170.57,170.7,1883.264
2025-11-11 03:32:00,170.7,170.77,170.63,170.75,1476.419
2025-11-11 03:33:00,170.75,170.85,170.53,170.69,1306.219
2025-11-11 03:34:00,170.68,170.78,170.61,170.64,784.286
2025-11-11 03:35:00,170.65,170.65,170.18,170.24,6969.408
2025-11-11 03:36:00,170.25,170.38,169.93,170.25,8895.88
2025-11-11 03:37:00,170.25,170.31,170.1,170.14,1156.537
2025-11-11 03:38:00,170.14,170.16,169.82,170.09,2588.602
2025-11-11 03:39:00,170.08,170.12,169.81,170.01,2610.877
2025-11-11 03:40:00,170.01,170.12,169.97,169.97,692.704
2025-11-11 03:41:00,169.97,170.08,169.75,169.75,2142.848
2025-11-11 03:42:00,169.75,169.77,169.54,169.56,1825.3
2025-11-11 03:43:00,169.56,169.72,169.54,169.66,1501.319
2025-11-11 03:44:00,169.66,169.74,169.61,169.63,1161.359
2025-11-11 03:45:00,169.62,169.65,169.52,169.58,2211.318
2025-11-11 03:46:00,169.59,169.68,169.5,169.58,1138.954
2025-11-11 03:47:00,169.59,169.76,169.59,169.75,763.275
2025-11-11 03:48:00,169.75,169.89,169.68,169.86,1658.289
2025-11-11 03:49:00,169.87,169.87,169.5,169.62,8866.252
2025-11-11 03:50:00,169.62,169.83,169.62,169.72,1461.314
2025-11-11 03:51:00,169.72,169.79,169.61,169.76,1064.834
2025-11-11 03:52:00,169.77,169.87,169.68,169.83,659.313
2025-11-11 03:53:00,169.84,169.96,169.69,169.95,3959.255
2025-11-11 03:54:00,169.95,170.12,169.78,170.04,7493.033
2025-11-11 03:55:00,170.03,170.16,169.99,170.1,961.242
2025-11-11 03:56:00,170.1,170.1,169.89,169.89,1373.615
2025-11-11 03:57:00,169.89,170.15,169.89,170.13,1629.034
2025-11-11 03:58:00,170.14,170.2,169.93,169.98,1338.051
2025-11-11 03:59:00,169.97,170.05,169.97,169.97,495.363
2025-11-11 04:00:00,169.97,170.03,169.88,169.99,1357.323
2025-11-11 04:01:00,169.99,170.1,169.96,170.07,643.993
2025-11-11 04:02:00,170.07,170.07,169.83,169.93,1579.788
2025-11-11 04:03:00,169.93,170.09,169.93,169.98,951.235
2025-11-11 04:04:00,169.97,170.0,169.89,169.94,983.154
2025-11-11 04:05:00,169.94,170.05,169.84,169.84,660.705
2025-11-11 04:06:00,169.85,170.08,169.68,170.06,1184.432
2025-11-11 04:07:00,170.05,170.07,169.89,169.93,1632.402
2025-11-11 04:08:00,169.92,169.92,169.75,169.9,520.204
2025-11-11 04:09:00,169.9,170.11,169.9,170.1,1038.81
2025-11-11 04:10:00,170.11,170.11,169.84,169.85,954.346
2025-11-11 04:11:00,169.85,169.85,169.14,169.16,5917.408
2025-11-11 04:12:00,169.16,169.16,168.93,169.0,11285.84
2025-11-11 04:13:00,169.0,169.18,168.95,169.12,3500.203
2025-11-11 04:14:00,169.13,169.13,168.91,168.98,782.088
2025-11-11 04:15:00,168.97,169.2,168.93,169.19,1501.765
2025-11-11 04:16:00,169.2,169.25,169.0,169.05,1873.669
2025-11-11 04:17:00,169.05,169.09,168.9,168.92,1985.149
2025-11-11 04:18:00,168.92,169.06,168.75,169.04,2978.517
2025-11-11 04:19:00,169.03,169.19,169.01,169.02,1483.711
2025-11-11 04:20:00,169.02,169.06,168.91,168.92,989.459
2025-11-11 04:21:00,168.91,168.93,168.65,168.92,1575.033
2025-11-11 04:22:00,168.93,169.15,168.92,169.14,2365.578
2025-11-11 04:23:00,169.13,169.35,169.13,169.31,4168.227
2025-11-11 04:24:00,169.31,169.31,169.07,169.09,1086.621
2025-11-11 04:25:00,169.08,169.08,168.76,168.81,821.602
2025-11-11 04:26:00,168.81,168.93,168.58,168.63,2684.838
2025-11-11 04:27:00,168.63,168.75,168.63,168.7,1134.704
2025-11-11 04:28:00,168.7,168.83,168.67,168.7,1893.719
2025-11-11 04:29:00,168.7,168.77,168.65,168.7,404.187
2025-11-11 04:30:00,168.7,168.81,168.7,168.79,1988.22
2025-11-11 04:31:00,168.78,168.92,168.75,168.83,1789.628
2025-11-11 04:32:00,168.82,168.85,168.72,168.83,2690.909
2025-11-11 04:33:00,168.83,168.99,168.76,168.99,880.413
2025-11-11 04:34:00,168.98,169.03,168.77,168.77,1829.855
2025-11-11 04:35:00,168.77,168.8,168.68,168.8,1353.087
2025-11-11 04:36:00,168.8,168.81,168.71,168.72,1605.02
2025-11-11 04:37:00,168.71,168.94,168.62,168.63,6908.755
2025-11-11 04:38:00,168.64,168.7,168.31,168.34,3999.574
2025-11-11 04:39:00,168.34,168.38,168.1,168.13,6338.74
2025-11-11 04:40:00,168.13,168.35,168.07,168.26,3636.744
2025-11-11 04:41:00,168.26,168.26,167.91,167.92,11470.179
2025-11-11 04:42:00,167.91,168.05,167.86,167.96,3784.041
2025-11-11 04:43:00,167.96,167.96,167.7,167.84,3876.086
2025-11-11 04:44:00,167.85,167.96,167.85,167.93,1071.282
2025-11-11 04:45:00,167.92,167.92,167.64,167.83,4112.132
2025-11-11 04:46:00,167.84,167.86,167.75,167.78,2091.139
2025-11-11 04:47:00,167.77,167.95,167.44,167.47,5507.14
2025-11-11 04:48:00,167.47,167.77,167.31,167.31,5921.965
2025-11-11 04:49:00,167.32,167.52,167.32,167.4,3868.103
2025-11-11 04:50:00,167.4,167.49,167.25,167.27,3108.092
2025-11-11 04:51:00,167.27,167.27,166.92,166.94,10466.365
2025-11-11 04:52:00,166.94,167.1,166.85,166.96,10477.444
2025-11-11 04:53:00,166.95,167.07,166.82,166.84,6480.425
2025-11-11 04:54:00,166.85,166.9,166.77,166.77,3715.932
2025-11-11 04:55:00,166.77,166.93,166.57,166.6,6127.382
2025-11-11 04:56:00,166.61,166.68,166.57,166.62,2652.443
2025-11-11 04:57:00,166.63,166.72,166.59,166.71,1638.789
2025-11-11 04:58:00,166.71,166.94,166.57,166.68,10846.838
2025-11-11 04:59:00,166.68,166.92,166.66,166.92,6092.037
2025-11-11 05:00:00,166.92,166.93,166.63,166.7,11629.281
2025-11-11 05:01:00,166.71,166.73,166.57,166.66,16716.312
2025-11-11 05:02:00,166.66,166.67,166.04,166.12,29451.029
2025-11-11 05:03:00,166.11,166.12,165.5,165.5,37737.494
2025-11-11 05:04:00,165.51,165.63,165.38,165.41,24494.043
2025-11-11 05:05:00,165.4,165.51,165.35,165.36,10632.953
2025-11-11 05:06:00,165.36,165.42,165.0,165.02,24312.574
2025-11-11 05:07:00,165.02,165.36,165.0,165.29,15328.056
2025-11-11 05:08:00,165.29,165.68,165.29,165.63,6253.627
2025-11-11 05:09:00,165.63,165.63,165.42,165.58,5382.326
2025-11-11 05:10:00,165.58,165.59,165.24,165.25,4645.969
2025-11-11 05:11:00,165.25,165.54,165.15,165.54,2497.706
2025-11-11 05:12:00,165.53,165.53,165.08,165.12,3167.833
2025-11-11 05:13:00,165.11,165.29,165.08,165.17,7807.616
2025-11-11 05:14:00,165.17,165.27,165.12,165.2,1645.532
2025-11-11 05:15:00,165.21,165.4,165.04,165.4,4913.2
2025-11-11 05:16:00,165.41,165.52,165.26,165.43,3460.576
2025-11-11 05:17:00,165.44,165.64,165.44,165.64,3713.402
2025-11-11 05:18:00,165.65,165.66,165.41,165.41,2579.223
2025-11-11 05:19:00,165.41,165.52,165.21,165.33,3707.147
2025-11-11 05:20:00,165.34,165.34,165.18,165.3,2521.66
2025-11-11 05:21:00,165.3,165.61,165.23,165.6,1653.332
2025-11-11 05:22:00,165.61,165.65,165.52,165.52,5097.972
2025-11-11 05:23:00,165.52,165.53,165.06,165.12,4199.513
2025-11-11 05:24:00,165.13,165.6,165.13,165.5,5641.594
2025-11-11 05:25:00,165.5,165.57,165.41,165.49,1481.145
2025-11-11 05:26:00,165.48,165.74,165.43,165.65,2576.272
2025-11-11 05:27:00,165.66,165.94,165.64,165.81,3416.966
2025-11-11 05:28:00,165.8,165.86,165.69,165.79,2730.834
2025-11-11 05:29:00,165.79,165.9,165.7,165.9,3270.694
2025-11-11 05:30:00,165.9,165.92,165.83,165.86,1647.412
2025-11-11 05:31:00,165.86,165.93,165.73,165.93,8586.048
2025-11-11 05:32:00,165.94,165.94,165.65,165.69,4878.95
2025-11-11 05:33:00,165.69,165.7,165.59,165.6,1828.858
2025-11-11 05:34:00,165.6,165.64,165.39,165.43,1630.656
2025-11-11 05:35:00,165.43,165.43,165.22,165.32,3219.572
2025-11-11 05:36:00,165.31,165.51,165.24,165.48,1215.558
2025-11-11 05:37:00,165.47,165.62,165.37,165.57,1738.424
2025-11-11 05:38:00,165.58,165.61,165.45,165.55,990.795
2025-11-11 05:39:00,165.56,165.76,165.56,165.75,2004.182
2025-11-11 05:40:00,165.74,165.91,165.69,165.74,1168.838
2025-11-11 05:41:00,165.75,165.75,165.61,165.66,854.294
2025-11-11 05:42:00,165.66,165.69,165.6,165.63,1143.106
2025-11-11 05:43:00,165.63,165.64,165.44,165.56,1111.846
2025-11-11 05:44:00,165.56,165.6,165.43,165.43,1153.136
2025-11-11 05:45:00,165.43,165.63,165.33,165.46,3075.353
2025-11-11 05:46:00,165.46,165.59,165.37,165.59,1040.039
2025-11-11 05:47:00,165.59,165.59,165.38,165.48,1731.712
2025-11-11 05:48:00,165.47,165.77,165.46,165.64,1363.962
2025-11-11 05:49:00,165.64,165.9,165.64,165.76,3143.061
2025-11-11 05:50:00,165.76,165.77,165.64,165.67,2507.016
2025-11-11 05:51:00,165.68,165.74,165.53,165.7,731.695
2025-11-11 05:52:00,165.7,165.82,165.57,165.67,4237.199
2025-11-11 05:53:00,165.66,165.66,165.4,165.4,3368.583
2025-11-11 05:54:00,165.4,165.58,165.35,165.57,2835.862
2025-11-11 05:55:00,165.58,165.76,165.58,165.75,1117.434
2025-11-11 05:56:00,165.76,165.78,165.64,165.65,1596.011
2025-11-11 05:57:00,165.65,165.66,165.51,165.57,885.862
2025-11-11 05:58:00,165.56,165.56,165.23,165.28,1979.379
2025-11-11 05:59:00,165.28,165.31,165.06,165.16,3705.742
2025-11-11 06:00:00,165.16,165.29,165.07,165.08,9196.521
2025-11-11 06:01:00,165.08,165.15,165.01,165.02,12008.925
2025-11-11 06:02:00,165.02,165.05,164.97,164.98,5418.689
2025-11-11 06:03:00,164.99,164.99,164.87,164.94,5040.505
2025-11-11 06:04:00,164.95,164.99,164.64,164.67,11620.862
2025-11-11 06:05:00,164.67,164.72,164.28,164.51,9816.335
2025-11-11 06:06:00,164.5,164.57,164.28,164.44,6131.966
2025-11-11 06:07:00,164.43,164.45,163.64,163.98,25956.65
2025-11-11 06:08:00,163.97,164.04,163.57,163.78,12698.038
2025-11-11 06:09:00,163.79,164.15,163.65,164.15,6002.56
2025-11-11 06:10:00,164.15,164.32,164.06,164.26,5375.448
2025-11-11 06:11:00,164.27,164.3,164.13,164.22,3499.883
2025-11-11 06:12:00,164.23,164.26,164.1,164.11,5468.281
2025-11-11 06:13:00,164.11,164.29,163.97,164.26,3380.346
2025-11-11 06:14:00,164.25,164.38,164.25,164.31,1741.791
2025-11-11 06:15:00,164.3,164.51,164.3,164.38,3900.027
2025-11-11 06:16:00,164.38,164.5,164.37,164.49,1984.784
2025-11-11 06:17:00,164.49,164.56,164.41,164.44,4268.735
2025-11-11 06:18:00,164.44,164.66,164.43,164.63,422.768
2025-11-11 06:19:00,164.62,164.76,164.61,164.61,3461.131
2025-11-11 06:20:00,164.61,164.89,164.6,164.87,1628.85
2025-11-11 06:21:00,164.87,165.0,164.86,164.88,2298.952
2025-11-11 06:22:00,164.87,164.91,164.48,164.5,8281.88
2025-11-11 06:23:00,164.5,164.5,164.28,164.44,3233.716
2025-11-11 06:24:00,164.45,164.64,164.41,164.62,345.531
2025-11-11 06:25:00,164.62,164.84,164.61,164.83,982.936
2025-11-11 06:26:00,164.83,165.06,164.78,164.83,3573.876
2025-11-11 06:27:00,164.84,164.98,164.83,164.94,1184.421
2025-11-11 06:28:00,164.94,164.96,164.79,164.82,3782.798
2025-11-11 06:29:00,164.82,164.83,164.7,164.76,2272.591
2025-11-11 06:30:00,164.75,164.98,164.75,164.97,1730.141
2025-11-11 06:31:00,164.98,165.0,164.85,164.98,1525.536
2025-11-11 06:32:00,164.98,165.01,164.9,165.0,1196.391
2025-11-11 06:33:00,165.0,165.08,165.0,165.07,918.058
2025-11-11 06:34:00,165.07,165.17,165.05,165.08,2360.055
2025-11-11 06:35:00,165.08,165.32,165.08,165.22,2311.761
2025-11-11 06:36:00,165.22,165.24,165.11,165.12,1696.003
2025-11-11 06:37:00,165.11,165.11,164.95,165.07,1233.509
2025-11-11 06:38:00,165.08,165.13,165.07,165.13,499.98
2025-11-11 06:39:00,165.13,165.13,165.02,165.06,6336.516
2025-11-11 06:40:00,165.06,165.11,165.04,165.11,1684.174
2025-11-11 06:41:00,165.11,165.11,165.0,165.03,2737.341
2025-11-11 06:42:00,165.02,165.04,164.9,164.98,5291.329
2025-11-11 06:43:00,164.98,165.01,164.92,164.93,2823.017
2025-11-11 06:44:00,164.92,164.93,164.72,164.73,4852.972
2025-11-11 06:45:00,164.74,164.75,164.32,164.32,7008.072
2025-11-11 06:46:00,164.33,164.5,164.23,164.29,8125.869
2025-11-11 06:47:00,164.28,164.34,163.8,164.12,18540.871
2025-11-11 06:48:00,164.12,164.2,163.97,164.2,3906.297
2025-11-11 06:49:00,164.2,164.28,164.16,164.19,2217.145
2025-11-11 06:50:00,164.18,164.27,164.17,164.2,3416.421
2025-11-11 06:51:00,164.19,164.36,164.19,164.28,3609.525
2025-11-11 06:52:00,164.29,164.54,164.28,164.53,5632.621
2025-11-11 06:53:00,164.53,164.68,164.48,164.53,9726.856
2025-11-11 06:54:00,164.53,164.56,164.42,164.52,6651.189
2025-11-11 06:55:00,164.52,164.57,164.46,164.54,5102.928
2025-11-11 06:56:00,164.53,164.81,164.51,164.79,2639.081
2025-11-11 06:57:00,164.79,164.84,164.7,164.84,1793.692
2025-11-11 06:58:00,164.85,165.0,164.85,164.94,3031.399
2025-11-11 06:59:00,164.93,165.19,164.91,164.95,8364.563
2025-11-11 07:00:00,164.95,165.02,164.87,164.97,7422.092
2025-11-11 07:01:00,164.97,165.15,164.87,165.06,12035.879
2025-11-11 07:02:00,165.06,165.06,164.83,164.87,3043.69
2025-11-11 07:03:00,164.86,165.19,164.85,165.12,8570.844
2025-11-11 07:04:00,165.12,165.16,165.04,165.05,1599.999
2025-11-11 07:05:00,165.04,165.2,165.04,165.1,2107.948
2025-11-11 07:06:00,165.1,165.14,164.98,165.01,2418.138
2025-11-11 07:07:00,165.01,165.11,165.01,165.05,545.395
2025-11-11 07:08:00,165.04,165.05,164.82,164.83,1506.007
2025-11-11 07:09:00,164.83,164.83,164.63,164.65,1614.559
2025-11-11 07:10:00,164.65,164.72,164.62,164.65,375.514
2025-11-11 07:11:00,164.65,164.83,164.5,164.83,1122.715
2025-11-11 07:12:00,164.82,165.03,164.71,165.02,1572.957
2025-11-11 07:13:00,165.02,165.19,165.02,165.19,605.969
2025-11-11 07:14:00,165.18,165.18,165.04,165.14,515.409
2025-11-11 07:15:00,165.15,165.22,165.12,165.22,548.527
2025-11-11 07:16:00,165.21,165.21,164.74,164.8,2144.293
2025-11-11 07:17:00,164.8,164.85,164.58,164.58,1799.534
2025-11-11 07:18:00,164.58,164.71,164.34,164.61,2427.566
2025-11-11 07:19:00,164.6,164.86,164.59,164.79,1733.112
2025-11-11 07:20:00,164.78,164.83,164.6,164.64,2286.797
2025-11-11 07:21:00,164.64,164.86,164.55,164.8,3672.333
2025-11-11 07:22:00,164.79,165.14,164.78,164.99,3086.939
2025-11-11 07:23:00,164.99,165.09,164.92,164.99,617.571
2025-11-11 07:24:00,164.99,165.15,164.93,165.09,2745.098
2025-11-11 07:25:00,165.1,165.15,165.0,165.08,1903.456
2025-11-11 07:26:00,165.07,165.07,164.83,164.84,1744.872
2025-11-11 07:27:00,164.84,165.15,164.83,164.95,1730.664
2025-11-11 07:28:00,164.95,165.16,164.94,165.1,1418.621
2025-11-11 07:29:00,165.09,165.09,164.95,165.0,457.448
2025-11-11 07:30:00,165.0,165.13,164.98,165.1,767.877
2025-11-11 07:31:00,165.1,165.1,164.93,165.03,737.07
2025-11-11 07:32:00,165.02,165.15,164.98,164.98,579.42
2025-11-11 07:33:00,164.98,165.12,164.89,165.02,834.978
2025-11-11 07:34:00,165.02,165.12,165.0,165.09,380.365
2025-11-11 07:35:00,165.09,165.14,165.03,165.08,498.275
2025-11-11 07:36:00,165.08,165.08,164.87,164.99,1466.821
2025-11-11 07:37:00,165.0,165.05,164.84,164.86,513.859
2025-11-11 07:38:00,164.85,164.85,164.47,164.54,1174.598
2025-11-11 07:39:00,164.54,164.54,164.32,164.38,1714.119
2025-11-11 07:40:00,164.37,164.5,164.22,164.5,1464.143
2025-11-11 07:41:00,164.51,164.56,164.45,164.5,795.972
2025-11-11 07:42:00,164.49,164.64,164.44,164.54,706.457
2025-11-11 07:43:00,164.53,164.75,164.43,164.71,2003.379
2025-11-11 07:44:00,164.7,164.7,164.61,164.63,680.19
2025-11-11 07:45:00,164.63,164.84,164.6,164.66,1246.588
2025-11-11 07:46:00,164.66,164.79,164.57,164.62,3550.94
2025-11-11 07:47:00,164.61,164.94,164.56,164.89,3157.458
2025-11-11 07:48:00,164.9,164.91,164.47,164.48,882.486
2025-11-11 07:49:00,164.48,164.48,164.1,164.16,2805.803
2025-11-11 07:50:00,164.16,164.21,163.87,164.09,3721.03
2025-11-11 07:51:00,164.09,164.19,163.97,164.1,1900.17
2025-11-11 07:52:00,164.1,164.23,163.94,164.02,2320.922
2025-11-11 07:53:00,164.02,164.1,163.88,164.05,1364.203
2025-11-11 07:54:00,164.06,164.14,164.01,164.06,1036.796
2025-11-11 07:55:00,164.07,164.28,164.05,164.26,690.443
2025-11-11 07:56:00,164.26,164.29,164.11,164.16,544.062
2025-11-11 07:57:00,164.17,164.17,163.87,163.98,2811.275
2025-11-11 07:58:00,163.98,164.11,163.94,164.07,675.628
2025-11-11 07:59:00,164.08,164.08,163.91,163.98,1178.232
2025-11-11 08:00:00,163.98,164.21,163.95,164.21,1347.145
2025-11-11 08:01:00,164.2,164.38,164.16,164.2,922.263
2025-11-11 08:02:00,164.2,164.3,164.05,164.3,1483.487
2025-11-11 08:03:00,164.29,164.38,164.09,164.22,743.932
2025-11-11 08:04:00,164.22,164.45,164.19,164.32,598.256
2025-11-11 08:05:00,164.33,164.39,164.12,164.15,2565.107
2025-11-11 08:06:00,164.14,164.17,163.86,163.89,1822.164
2025-11-11 08:07:00,163.89,163.92,163.6,163.84,4113.702
2025-11-11 08:08:00,163.85,164.17,163.85,164.11,1965.844
2025-11-11 08:09:00,164.1,164.11,163.85,163.97,1246.163
2025-11-11 08:10:00,163.97,164.3,163.97,164.29,1287.22
2025-11-11 08:11:00,164.28,164.83,164.28,164.78,4406.941
2025-11-11 08:12:00,164.78,164.93,164.58,164.66,3169.174
2025-11-11 08:13:00,164.67,164.69,164.45,164.5,1020.989
2025-11-11 08:14:00,164.5,164.57,164.49,164.52,540.036
2025-11-11 08:15:00,164.53,164.68,164.5,164.65,1596.756
2025-11-11 08:16:00,164.65,164.65,164.25,164.47,1644.786
2025-11-11 08:17:00,164.48,164.51,164.24,164.37,979.792
2025-11-11 08:18:00,164.37,164.68,164.37,164.67,1049.088
2025-11-11 08:19:00,164.67,164.75,164.5,164.59,6169.261
2025-11-11 08:20:00,164.59,164.75,164.53,164.54,965.442
2025-11-11 08:21:00,164.53,164.53,164.32,164.37,1177.613
2025-11-11 08:22:00,164.38,164.42,164.26,164.27,1183.259
2025-11-11 08:23:00,164.27,164.4,164.27,164.32,230.354
2025-11-11 08:24:00,164.31,164.38,164.25,164.26,810.494
2025-11-11 08:25:00,164.25,164.26,164.1,164.22,1273.018
2025-11-11 08:26:00,164.22,164.39,164.2,164.32,784.923
2025-11-11 08:27:00,164.31,164.59,164.3,164.46,3679.573
2025-11-11 08:28:00,164.47,164.52,164.24,164.24,3150.086
2025-11-11 08:29:00,164.24,164.24,164.0,164.03,257.93
2025-11-11 08:30:00,164.02,164.21,163.9,164.11,1464.528
2025-11-11 08:31:00,164.12,164.13,163.99,164.09,529.934
2025-11-11 08:32:00,164.08,164.08,163.9,164.03,2912.026
2025-11-11 08:33:00,164.03,164.17,163.96,164.1,1336.776
2025-11-11 08:34:00,164.11,164.13,163.98,163.99,806.65
2025-11-11 08:35:00,163.98,163.99,163.82,163.87,1978.739
2025-11-11 08:36:00,163.87,164.13,163.87,164.05,1978.41
2025-11-11 08:37:00,164.04,164.1,163.9,163.96,1764.334
2025-11-11 08:38:00,163.95,164.0,163.91,164.0,713.183
2025-11-11 08:39:00,163.99,164.07,163.97,164.0,1196.87
2025-11-11 08:40:00,163.99,164.08,163.92,164.02,819.651
2025-11-11 08:41:00,164.01,164.09,163.96,163.98,892.711
2025-11-11 08:42:00,163.99,164.18,163.98,164.12,1298.592
2025-11-11 08:43:00,164.11,164.13,163.93,164.13,723.287
2025-11-11 08:44:00,164.14,164.46,164.14,164.37,1580.262
2025-11-11 08:45:00,164.37,164.46,164.34,164.44,655.159
2025-11-11 08:46:00,164.45,164.5,164.32,164.36,1014.543
2025-11-11 08:47:00,164.35,164.37,164.14,164.28,1228.794
2025-11-11 08:48:00,164.27,164.4,164.23,164.34,1429.731
2025-11-11 08:49:00,164.34,164.44,164.21,164.43,499.11
2025-11-11 08:50:00,164.43,164.45,164.36,164.37,454.096
2025-11-11 08:51:00,164.38,164.39,164.25,164.31,780.664
2025-11-11 08:52:00,164.3,164.34,164.29,164.32,397.275
2025-11-11 08:53:00,164.32,164.35,164.23,164.28,1044.354
2025-11-11 08:54:00,164.27,164.27,164.02,164.05,1513.622
2025-11-11 08:55:00,164.05,164.15,163.99,164.09,893.784
2025-11-11 08:56:00,164.09,164.19,164.01,164.03,1772.397
2025-11-11 08:57:00,164.03,164.19,163.98,164.06,10576.158
2025-11-11 08:58:00,164.06,164.07,164.0,164.01,399.25
2025-11-11 08:59:00,164.0,164.05,163.96,164.01,1333.207
2025-11-11 09:00:00,164.01,164.04,163.86,164.04,1766.334
2025-11-11 09:01:00,164.03,164.1,163.95,164.08,1547.54
2025-11-11 09:02:00,164.07,164.15,163.97,164.14,1158.716
2025-11-11 09:03:00,164.15,164.33,164.13,164.33,785.817
2025-11-11 09:04:00,164.33,164.49,164.33,164.47,1785.645
2025-11-11 09:05:00,164.48,164.76,164.47,164.68,1774.138
2025-11-11 09:06:00,164.67,164.78,164.63,164.76,2858.797
2025-11-11 09:07:00,164.75,164.89,164.71,164.78,3714.894
2025-11-11 09:08:00,164.78,164.97,164.77,164.8,2898.604
2025-11-11 09:09:00,164.8,164.94,164.73,164.92,4203.964
2025-11-11 09:10:00,164.92,164.93,164.63,164.71,1426.506
2025-11-11 09:11:00,164.7,164.76,164.58,164.7,2227.671
2025-11-11 09:12:00,164.69,164.74,164.23,164.37,2323.71
2025-11-11 09:13:00,164.38,164.42,164.02,164.02,4476.454
2025-11-11 09:14:00,164.03,164.07,163.77,163.78,2479.427
2025-11-11 09:15:00,163.78,163.95,163.61,163.64,5547.485
2025-11-11 09:16:00,163.64,163.64,163.15,163.55,9101.232
2025-11-11 09:17:00,163.54,163.59,163.36,163.36,3768.313
2025-11-11 09:18:00,163.36,163.41,163.3,163.37,3617.459
2025-11-11 09:19:00,163.37,163.52,163.34,163.36,1507.011
2025-11-11 09:20:00,163.36,163.55,163.35,163.55,1671.712
2025-11-11 09:21:00,163.56,163.97,163.56,163.96,2053.998
2025-11-11 09:22:00,163.97,164.03,163.89,163.95,3619.816
2025-11-11 09:23:00,163.96,164.02,163.93,163.93,1162.972
2025-11-11 09:24:00,163.94,164.07,163.93,164.04,1187.355
2025-11-11 09:25:00,164.03,164.17,164.03,164.12,1146.821
2025-11-11 09:26:00,164.12,164.12,164.0,164.06,1060.819
2025-11-11 09:27:00,164.06,164.15,164.03,164.08,474.359
2025-11-11 09:28:00,164.08,164.15,164.03,164.14,610.395
2025-11-11 09:29:00,164.15,164.17,164.11,164.11,681.581
2025-11-11 09:30:00,164.12,164.23,164.06,164.06,579.517
2025-11-11 09:31:00,164.07,164.09,164.0,164.09,1778.115
2025-11-11 09:32:00,164.09,164.09,163.9,163.93,1800.262
2025-11-11 09:33:00,163.94,164.25,163.94,164.25,1376.997
2025-11-11 09:34:00,164.25,164.27,164.14,164.22,1693.518
2025-11-11 09:35:00,164.21,164.31,164.21,164.27,1244.145
2025-11-11 09:36:00,164.26,164.3,164.17,164.23,816.874
2025-11-11 09:37:00,164.23,164.31,164.23,164.3,219.326
2025-11-11 09:38:00,164.31,164.34,164.21,164.31,953.266
2025-11-11 09:39:00,164.32,164.44,164.2,164.43,1056.76
2025-11-11 09:40:00,164.44,164.55,164.42,164.44,1685.593
2025-11-11 09:41:00,164.44,164.44,164.14,164.26,2494.671
2025-11-11 09:42:00,164.27,164.31,164.17,164.21,2601.202
2025-11-11 09:43:00,164.21,164.37,164.19,164.28,1051.21
2025-11-11 09:44:00,164.29,164.29,163.89,163.92,2858.677
2025-11-11 09:45:00,163.92,164.12,163.84,164.11,4840.032
2025-11-11 09:46:00,164.11,164.11,163.89,164.0,1325.889
2025-11-11 09:47:00,164.01,164.16,163.98,164.13,3612.699
2025-11-11 09:48:00,164.13,164.26,164.1,164.19,3438.863
2025-11-11 09:49:00,164.19,164.2,163.99,163.99,750.141
2025-11-11 09:50:00,163.98,164.07,163.9,163.96,1101.056
2025-11-11 09:51:00,163.96,164.02,163.9,163.95,978.87
2025-11-11 09:52:00,163.96,164.03,163.9,164.03,410.826
2025-11-11 09:53:00,164.02,164.03,163.86,163.94,2634.051
2025-11-11 09:54:00,163.94,164.01,163.84,163.95,857.632
2025-11-11 09:55:00,163.94,163.96,163.89,163.93,442.221
2025-11-11 09:56:00,163.93,164.01,163.84,163.99,1029.663
2025-11-11 09:57:00,163.99,164.04,163.94,164.0,1104.944
2025-11-11 09:58:00,164.0,164.04,163.89,164.01,2054.014
2025-11-11 09:59:00,164.0,164.07,163.99,164.02,1220.615
2025-11-11 10:00:00,164.02,164.11,163.89,164.11,1111.32
2025-11-11 10:01:00,164.1,164.15,163.84,163.84,658.322
2025-11-11 10:02:00,163.85,164.0,163.72,164.0,763.518
2025-11-11 10:03:00,164.0,164.16,164.0,164.16,573.148
2025-11-11 10:04:00,164.15,164.19,163.92,163.93,1437.339
2025-11-11 10:05:00,163.93,164.08,163.9,164.08,169.639
2025-11-11 10:06:00,164.07,164.15,164.07,164.15,716.888
2025-11-11 10:07:00,164.14,164.31,164.13,164.18,957.045
2025-11-11 10:08:00,164.17,164.37,164.17,164.31,836.302
2025-11-11 10:09:00,164.3,164.31,164.03,164.21,1102.712
2025-11-11 10:10:00,164.22,164.38,164.21,164.33,881.318
2025-11-11 10:11:00,164.32,164.32,164.14,164.15,1027.434
2025-11-11 10:12:00,164.14,164.36,164.14,164.27,209.372
2025-11-11 10:13:00,164.28,164.32,164.22,164.31,432.028
2025-11-11 10:14:00,164.3,164.3,163.25,163.78,16900.214
2025-11-11 10:15:00,163.79,164.05,163.75,164.05,2840.219
2025-11-11 10:16:00,164.05,164.28,164.05,164.28,991.82
2025-11-11 10:17:00,164.27,164.3,164.1,164.1,504.032
2025-11-11 10:18:00,164.09,164.1,163.97,164.1,567.739
2025-11-11 10:19:00,164.11,164.34,163.85,163.85,892.28
2025-11-11 10:20:00,163.85,163.91,163.78,163.84,887.897
2025-11-11 10:21:00,163.83,164.0,162.91,163.39,62823.331
2025-11-11 10:22:00,163.38,163.44,162.7,163.25,108755.995
2025-11-11 10:23:00,163.26,163.5,163.25,163.49,5835.834
2025-11-11 10:24:00,163.48,163.54,163.27,163.34,3448.235
2025-11-11 10:25:00,163.34,163.34,163.2,163.25,2420.081
2025-11-11 10:26:00,163.24,163.27,163.19,163.26,1922.559
2025-11-11 10:27:00,163.27,163.28,163.07,163.28,1968.436
2025-11-11 10:28:00,163.28,163.38,163.26,163.35,981.611
2025-11-11 10:29:00,163.34,163.35,163.27,163.27,1248.637
2025-11-11 10:30:00,163.28,163.58,163.28,163.4,4171.885
2025-11-11 10:31:00,163.39,163.54,163.31,163.51,926.266
2025-11-11 10:32:00,163.51,163.53,163.44,163.45,886.91
2025-11-11 10:33:00,163.45,163.46,163.29,163.33,1102.883
2025-11-11 10:34:00,163.33,163.34,163.01,163.03,2003.193
2025-11-11 10:35:00,163.03,163.19,162.82,162.99,5590.88
2025-11-11 10:36:00,162.98,163.18,162.91,163.06,2740.074
2025-11-11 10:37:00,163.05,163.41,163.03,163.37,1424.258
2025-11-11 10:38:00,163.38,163.43,163.33,163.43,938.751
2025-11-11 10:39:00,163.42,163.67,163.42,163.58,832.636
2025-11-11 10:40:00,163.58,163.58,163.42,163.43,1035.767
2025-11-11 10:41:00,163.43,163.56,163.35,163.53,1320.703
2025-11-11 10:42:00,163.53,163.6,163.48,163.48,693.491
2025-11-11 10:43:00,163.48,163.66,163.48,163.6,1052.824
2025-11-11 10:44:00,163.6,163.64,163.5,163.61,204.959
2025-11-11 10:45:00,163.61,163.66,163.53,163.6,1892.046
2025-11-11 10:46:00,163.6,163.64,163.47,163.59,1951.013
2025-11-11 10:47:00,163.59,163.59,163.39,163.39,670.202
2025-11-11 10:48:00,163.4,163.45,163.38,163.38,278.447
2025-11-11 10:49:00,163.38,163.42,163.32,163.35,465.398
2025-11-11 10:50:00,163.36,163.45,163.34,163.41,673.025
2025-11-11 10:51:00,163.4,163.46,163.37,163.45,244.182
2025-11-11 10:52:00,163.46,163.47,163.34,163.36,1088.236
2025-11-11 10:53:00,163.37,163.48,163.36,163.47,422.639
2025-11-11 10:54:00,163.47,163.49,163.45,163.48,111.546
2025-11-11 10:55:00,163.48,163.71,163.47,163.61,2088.0
2025-11-11 10:56:00,163.62,163.65,163.51,163.64,505.952
2025-11-11 10:57:00,163.64,163.7,163.61,163.66,824.717
2025-11-11 10:58:00,163.65,163.69,163.57,163.68,709.644
2025-11-11 10:59:00,163.68,163.77,163.63,163.77,727.413
2025-11-11 11:00:00,163.78,163.97,163.78,163.96,2931.022
2025-11-11 11:01:00,163.97,164.13,163.9,164.13,907.895
2025-11-11 11:02:00,164.14,164.17,164.04,164.08,1457.227
2025-11-11 11:03:00,164.07,164.24,164.05,164.24,700.863
2025-11-11 11:04:00,164.24,164.34,164.24,164.34,1572.373
2025-11-11 11:05:00,164.34,164.4,164.25,164.26,1686.091
2025-11-11 11:06:00,164.26,164.44,164.25,164.44,616.683
2025-11-11 11:07:00,164.45,164.55,164.42,164.45,640.398
2025-11-11 11:08:00,164.45,164.57,164.43,164.45,1046.069
2025-11-11 11:09:00,164.45,164.53,164.37,164.52,2523.546
2025-11-11 11:10:00,164.51,164.51,164.31,164.32,3218.151
2025-11-11 11:11:00,164.33,164.38,164.24,164.37,1433.316
2025-11-11 11:12:00,164.38,164.44,164.29,164.43,1920.793
2025-11-11 11:13:00,164.43,164.48,164.29,164.48,1730.874
2025-11-11 11:14:00,164.48,164.58,164.47,164.54,2106.084
2025-11-11 11:15:00,164.54,164.55,164.33,164.34,2275.686
2025-11-11 11:16:00,164.33,164.41,164.24,164.24,1343.897
2025-11-11 11:17:00,164.24,164.31,164.15,164.18,584.565
2025-11-11 11:18:00,164.17,164.24,164.0,164.02,2072.834
2025-11-11 11:19:00,164.02,164.15,163.94,164.06,1981.848
2025-11-11 11:20:00,164.06,164.23,163.99,164.21,6001.538
2025-11-11 11:21:00,164.21,164.27,164.06,164.07,2960.772
2025-11-11 11:22:00,164.07,164.1,163.78,163.87,3270.506
2025-11-11 11:23:00,163.88,163.96,163.64,163.8,3235.422
2025-11-11 11:24:00,163.79,163.97,163.79,163.96,916.726
2025-11-11 11:25:00,163.95,163.96,163.85,163.92,2304.92
2025-11-11 11:26:00,163.92,164.0,163.91,163.99,369.536
2025-11-11 11:27:00,164.0,164.0,163.87,163.95,1434.449
2025-11-11 11:28:00,163.95,164.0,163.83,163.88,2443.755
2025-11-11 11:29:00,163.87,163.95,163.85,163.85,1230.953
2025-11-11 11:30:00,163.84,163.9,163.8,163.87,2334.694
2025-11-11 11:31:00,163.88,163.95,163.86,163.94,380.35
2025-11-11 11:32:00,163.94,163.95,163.86,163.87,751.41
2025-11-11 11:33:00,163.88,163.9,163.86,163.9,214.827
2025-11-11 11:34:00,163.9,164.07,163.9,163.98,558.463
2025-11-11 11:35:00,163.97,164.06,163.94,163.95,1406.709
2025-11-11 11:36:00,163.95,163.95,163.86,163.86,859.671
2025-11-11 11:37:00,163.87,163.92,163.86,163.9,1324.999
2025-11-11 11:38:00,163.91,164.0,163.89,164.0,1099.066
2025-11-11 11:39:00,164.0,164.0,163.84,163.84,1103.887
2025-11-11 11:40:00,163.85,163.93,163.79,163.93,743.932
2025-11-11 11:41:00,163.93,164.03,163.93,164.01,948.294
2025-11-11 11:42:00,164.02,164.12,164.02,164.09,1206.453
2025-11-11 11:43:00,164.08,164.22,164.06,164.22,367.337
2025-11-11 11:44:00,164.22,164.27,164.15,164.19,951.055
2025-11-11 11:45:00,164.18,164.3,164.17,164.24,1547.631
2025-11-11 11:46:00,164.24,164.24,164.0,164.12,1998.029
2025-11-11 11:47:00,164.12,164.18,164.02,164.08,1908.873
2025-11-11 11:48:00,164.08,164.14,163.84,163.86,2035.037
2025-11-11 11:49:00,163.86,163.86,163.61,163.62,3120.341
2025-11-11 11:50:00,163.61,163.62,163.32,163.38,3481.14
2025-11-11 11:51:00,163.37,163.53,163.33,163.47,1802.566
2025-11-11 11:52:00,163.46,163.56,163.32,163.39,1580.306
2025-11-11 11:53:00,163.39,163.41,163.19,163.2,1437.043
2025-11-11 11:54:00,163.2,163.25,163.15,163.25,1860.561
2025-11-11 11:55:00,163.25,163.37,163.0,163.25,2791.686
2025-11-11 11:56:00,163.25,163.41,163.16,163.35,1890.367
2025-11-11 11:57:00,163.35,163.46,163.35,163.43,357.834
2025-11-11 11:58:00,163.43,163.58,163.42,163.58,204.782
2025-11-11 11:59:00,163.58,163.69,163.57,163.69,994.922
2025-11-11 12:00:00,163.69,163.69,163.53,163.53,1784.773
2025-11-11 12:01:00,163.53,163.53,163.38,163.48,1282.864
2025-11-11 12:02:00,163.48,163.67,163.48,163.67,1073.171
2025-11-11 12:03:00,163.67,163.75,163.67,163.74,491.347
2025-11-11 12:04:00,163.73,163.89,163.64,163.83,462.646
2025-11-11 12:05:00,163.82,164.18,163.82,164.12,2040.418
2025-11-11 12:06:00,164.13,164.13,163.88,164.09,1295.005
2025-11-11 12:07:00,164.09,164.29,164.04,164.24,2915.199
2025-11-11 12:08:00,164.24,164.3,164.2,164.28,1636.59
2025-11-11 12:09:00,164.29,164.33,164.24,164.3,1726.835
2025-11-11 12:10:00,164.3,164.37,164.15,164.16,667.145
2025-11-11 12:11:00,164.15,164.2,164.0,164.01,915.29
2025-11-11 12:12:00,164.0,164.16,163.97,164.08,1099.854
2025-11-11 12:13:00,164.09,164.12,163.92,164.02,1060.587
2025-11-11 12:14:00,164.01,164.02,163.61,163.7,1737.117
2025-11-11 12:15:00,163.69,163.84,163.6,163.72,1127.204
2025-11-11 12:16:00,163.72,163.73,163.4,163.41,1986.938
2025-11-11 12:17:00,163.41,163.56,163.37,163.49,1547.9
2025-11-11 12:18:00,163.49,163.49,163.33,163.34,871.171
2025-11-11 12:19:00,163.34,163.4,163.25,163.29,815.666
2025-11-11 12:20:00,163.29,163.35,163.22,163.31,3141.378
2025-11-11 12:21:00,163.3,163.32,163.16,163.18,1407.145
2025-11-11 12:22:00,163.18,163.41,163.15,163.41,646.974
2025-11-11 12:23:00,163.42,163.48,163.38,163.43,705.983
2025-11-11 12:24:00,163.44,163.44,163.19,163.19,454.827
2025-11-11 12:25:00,163.2,163.36,163.1,163.28,2631.45
2025-11-11 12:26:00,163.28,163.38,163.27,163.37,1077.542
2025-11-11 12:27:00,163.38,163.44,163.33,163.33,604.224
2025-11-11 12:28:00,163.33,163.44,163.31,163.37,340.149
2025-11-11 12:29:00,163.36,163.46,163.28,163.32,968.323
2025-11-11 12:30:00,163.31,163.4,163.31,163.36,407.775
2025-11-11 12:31:00,163.36,163.51,163.31,163.36,1867.327
2025-11-11 12:32:00,163.35,163.59,163.34,163.57,400.578
2025-11-11 12:33:00,163.57,163.57,163.46,163.53,358.815
2025-11-11 12:34:00,163.54,163.59,163.45,163.45,565.649
2025-11-11 12:35:00,163.45,163.45,163.28,163.28,515.967
2025-11-11 12:36:00,163.28,163.36,163.13,163.13,567.299
2025-11-11 12:37:00,163.14,163.38,163.11,163.32,1284.802
2025-11-11 12:38:00,163.32,163.32,163.11,163.13,1186.879
2025-11-11 12:39:00,163.14,163.28,163.14,163.21,961.349
2025-11-11 12:40:00,163.22,163.28,163.01,163.14,3249.988
2025-11-11 12:41:00,163.15,163.28,163.0,163.08,5697.737
2025-11-11 12:42:00,163.09,163.26,163.04,163.15,2173.974
2025-11-11 12:43:00,163.15,163.19,163.1,163.11,577.939
2025-11-11 12:44:00,163.11,163.19,163.05,163.05,3154.126
2025-11-11 12:45:00,163.04,163.22,163.01,163.21,758.999
2025-11-11 12:46:00,163.22,163.29,163.11,163.27,1191.225
2025-11-11 12:47:00,163.28,163.32,163.03,163.04,2075.967
2025-11-11 12:48:00,163.05,163.16,162.88,163.03,3981.919
2025-11-11 12:49:00,163.03,163.03,162.8,162.86,3526.517
2025-11-11 12:50:00,162.87,162.89,162.56,162.84,3965.693
2025-11-11 12:51:00,162.84,163.19,162.81,163.11,3099.351
2025-11-11 12:52:00,163.1,163.35,163.1,163.35,2600.479
2025-11-11 12:53:00,163.35,163.62,163.34,163.48,16702.799
2025-11-11 12:54:00,163.47,163.51,163.38,163.41,997.106
2025-11-11 12:55:00,163.41,163.49,163.38,163.44,831.747
2025-11-11 12:56:00,163.44,163.57,163.43,163.54,434.95
2025-11-11 12:57:00,163.54,163.57,163.22,163.23,9729.125
2025-11-11 12:58:00,163.24,163.35,163.19,163.29,1553.653
2025-11-11 12:59:00,163.29,163.38,163.23,163.34,928.937
2025-11-11 13:00:00,163.34,163.59,163.34,163.48,527.859
2025-11-11 13:01:00,163.48,163.59,163.35,163.47,1094.142
2025-11-11 13:02:00,163.47,163.57,163.46,163.55,1009.004
2025-11-11 13:03:00,163.56,163.58,163.37,163.45,4236.202
2025-11-11 13:04:00,163.45,163.58,163.4,163.51,159.641
2025-11-11 13:05:00,163.51,163.57,163.44,163.53,1024.864
2025-11-11 13:06:00,163.53,163.78,163.53,163.75,1477.761
2025-11-11 13:07:00,163.76,163.83,163.55,163.83,1551.991
2025-11-11 13:08:00,163.84,163.96,163.71,163.79,1063.795
2025-11-11 13:09:00,163.8,163.84,163.66,163.66,765.37
2025-11-11 13:10:00,163.66,163.7,163.51,163.51,853.48
2025-11-11 13:11:00,163.51,163.6,163.5,163.56,425.281
2025-11-11 13:12:00,163.57,163.69,163.57,163.63,572.237
2025-11-11 13:13:00,163.63,163.66,163.61,163.64,670.592
2025-11-11 13:14:00,163.64,163.78,163.64,163.76,552.989
2025-11-11 13:15:00,163.76,163.76,163.63,163.66,670.641
2025-11-11 13:16:00,163.67,163.85,163.44,163.44,1391.493
2025-11-11 13:17:00,163.44,163.52,163.33,163.46,928.972
2025-11-11 13:18:00,163.46,163.61,163.42,163.48,1221.23
2025-11-11 13:19:00,163.48,163.55,163.42,163.51,1351.571
2025-11-11 13:20:00,163.51,163.54,163.46,163.54,614.283
2025-11-11 13:21:00,163.53,163.78,163.53,163.69,980.15
2025-11-11 13:22:00,163.69,163.74,163.57,163.57,348.612
2025-11-11 13:23:00,163.58,163.58,163.07,163.1,3034.636
2025-11-11 13:24:00,163.1,163.25,162.93,163.12,4721.638
2025-11-11 13:25:00,163.13,163.18,162.97,163.03,1917.477
2025-11-11 13:26:00,163.04,163.11,162.93,163.1,2077.862
2025-11-11 13:27:00,163.1,163.2,162.87,163.16,2752.154
2025-11-11 13:28:00,163.16,163.16,162.92,163.06,1953.322
2025-11-11 13:29:00,163.05,163.17,162.98,163.16,655.243
2025-11-11 13:30:00,163.17,163.45,163.16,163.45,1540.617
2025-11-11 13:31:00,163.45,163.62,163.27,163.31,1777.964
2025-11-11 13:32:00,163.31,163.35,163.2,163.28,582.329
2025-11-11 13:33:00,163.29,163.5,163.26,163.39,886.373
2025-11-11 13:34:00,163.4,163.42,163.2,163.25,586.153
2025-11-11 13:35:00,163.25,163.28,163.11,163.24,805.071
2025-11-11 13:36:00,163.25,163.5,163.21,163.41,628.172
2025-11-11 13:37:00,163.42,163.5,163.31,163.34,1411.941
2025-11-11 13:38:00,163.33,163.36,163.19,163.21,386.229
2025-11-11 13:39:00,163.21,163.26,163.15,163.24,739.708
2025-11-11 13:40:00,163.25,163.29,163.14,163.19,515.601
2025-11-11 13:41:00,163.2,163.45,163.19,163.31,1105.053
2025-11-11 13:42:00,163.32,163.4,163.31,163.4,442.685
2025-11-11 13:43:00,163.39,163.4,163.14,163.15,1806.66
2025-11-11 13:44:00,163.14,163.29,163.09,163.29,404.603
2025-11-11 13:45:00,163.29,163.53,163.29,163.51,1052.986
2025-11-11 13:46:00,163.52,163.7,163.52,163.57,1317.328
2025-11-11 13:47:00,163.58,163.8,163.57,163.7,1784.824
2025-11-11 13:48:00,163.7,163.74,163.56,163.57,1027.059
2025-11-11 13:49:00,163.58,163.63,163.53,163.56,391.111
2025-11-11 13:50:00,163.55,163.58,163.36,163.36,2155.226
2025-11-11 13:51:00,163.36,163.36,163.26,163.3,583.093
2025-11-11 13:52:00,163.3,163.3,163.12,163.12,1425.766
2025-11-11 13:53:00,163.12,163.17,162.96,162.96,3944.05
2025-11-11 13:54:00,162.96,163.09,162.92,162.97,780.296
2025-11-11 13:55:00,162.97,162.98,162.29,162.7,8733.266
2025-11-11 13:56:00,162.7,163.08,162.7,162.95,5074.995
2025-11-11 13:57:00,162.94,163.01,162.68,162.85,9383.656
2025-11-11 13:58:00,162.84,162.91,162.7,162.85,3518.895
2025-11-11 13:59:00,162.85,162.85,162.72,162.81,3803.447
2025-11-11 14:00:00,162.8,163.03,162.8,162.91,1975.393
2025-11-11 14:01:00,162.9,162.9,162.59,162.61,2351.237
2025-11-11 14:02:00,162.6,162.6,161.87,162.29,32511.081
2025-11-11 14:03:00,162.29,162.46,162.19,162.29,2998.152
2025-11-11 14:04:00,162.29,162.49,162.25,162.44,1605.265
2025-11-11 14:05:00,162.44,162.49,162.25,162.38,1049.464
2025-11-11 14:06:00,162.38,162.54,162.31,162.53,1893.601
2025-11-11 14:07:00,162.53,162.54,162.22,162.22,3465.315
2025-11-11 14:08:00,162.22,162.22,161.99,162.16,5855.905
2025-11-11 14:09:00,162.17,162.31,162.11,162.23,5831.628
2025-11-11 14:10:00,162.23,162.34,162.16,162.16,2633.107
2025-11-11 14:11:00,162.16,162.21,162.05,162.15,4360.795
2025-11-11 14:12:00,162.14,162.14,161.95,162.03,3152.832
2025-11-11 14:13:00,162.03,162.28,162.01,162.19,11727.762
2025-11-11 14:14:00,162.18,162.32,162.14,162.31,3356.547
2025-11-11 14:15:00,162.31,162.48,162.17,162.45,3981.705
2025-11-11 14:16:00,162.45,162.53,162.39,162.42,1087.069
2025-11-11 14:17:00,162.43,162.47,162.28,162.47,3017.211
2025-11-11 14:18:00,162.47,162.61,162.36,162.51,2604.96
2025-11-11 14:19:00,162.5,162.59,162.48,162.58,1646.597
2025-11-11 14:20:00,162.59,162.88,162.49,162.8,20274.013
2025-11-11 14:21:00,162.8,162.89,162.52,162.58,3630.899
2025-11-11 14:22:00,162.58,162.91,162.53,162.88,2407.844
2025-11-11 14:23:00,162.88,162.89,162.65,162.7,1704.654
2025-11-11 14:24:00,162.71,162.82,162.61,162.81,1172.246
2025-11-11 14:25:00,162.81,162.92,162.73,162.9,1062.325
2025-11-11 14:26:00,162.89,163.14,162.86,163.12,7109.809
2025-11-11 14:27:00,163.13,163.28,163.05,163.11,11079.06
2025-11-11 14:28:00,163.1,163.1,162.75,162.85,2105.154
2025-11-11 14:29:00,162.85,163.04,162.85,162.96,1167.204
2025-11-11 14:30:00,162.97,163.03,162.79,162.83,1234.634
2025-11-11 14:31:00,162.83,162.83,162.45,162.55,3357.717
2025-11-11 14:32:00,162.55,162.69,162.36,162.45,2272.002
2025-11-11 14:33:00,162.44,162.56,162.39,162.56,865.507
2025-11-11 14:34:00,162.56,162.58,162.3,162.4,1180.871
2025-11-11 14:35:00,162.39,162.81,162.37,162.76,2668.642
2025-11-11 14:36:00,162.75,162.77,162.11,162.32,9824.403
2025-11-11 14:37:00,162.32,162.54,162.22,162.27,1819.202
2025-11-11 14:38:00,162.26,162.66,162.23,162.56,1864.528
2025-11-11 14:39:00,162.56,162.67,162.49,162.66,350.407
2025-11-11 14:40:00,162.66,162.66,162.32,162.47,1426.756
2025-11-11 14:41:00,162.47,162.67,162.35,162.42,906.589
2025-11-11 14:42:00,162.41,162.5,162.36,162.46,1258.658
2025-11-11 14:43:00,162.45,162.48,162.24,162.32,1839.917
2025-11-11 14:44:00,162.33,162.38,162.07,162.15,2735.055
2025-11-11 14:45:00,162.16,162.2,162.0,162.07,1678.278
2025-11-11 14:46:00,162.07,162.16,161.63,161.93,37817.303
2025-11-11 14:47:00,161.92,162.05,161.48,161.72,28850.45
2025-11-11 14:48:00,161.72,161.8,161.37,161.61,21251.027
2025-11-11 14:49:00,161.61,161.63,160.91,161.43,30537.827
2025-11-11 14:50:00,161.44,161.69,161.44,161.64,4349.411
2025-11-11 14:51:00,161.65,161.68,161.26,161.49,8316.399
2025-11-11 14:52:00,161.48,161.63,161.44,161.62,5763.547
2025-11-11 14:53:00,161.62,161.76,161.58,161.64,4186.484
2025-11-11 14:54:00,161.64,161.77,161.46,161.72,5980.65
2025-11-11 14:55:00,161.72,161.88,161.66,161.88,8228.637
2025-11-11 14:56:00,161.88,162.37,161.87,162.23,12029.907
2025-11-11 14:57:00,162.23,162.7,162.23,162.65,5673.716
2025-11-11 14:58:00,162.64,162.95,162.61,162.8,11100.984
2025-11-11 14:59:00,162.79,163.0,162.6,163.0,18655.592
2025-11-11 15:00:00,162.99,162.99,162.66,162.75,2602.979
2025-11-11 15:01:00,162.75,162.77,162.3,162.45,2353.194
2025-11-11 15:02:00,162.45,162.56,162.32,162.54,2444.656
2025-11-11 15:03:00,162.54,162.79,162.31,162.42,5054.47
2025-11-11 15:04:00,162.42,162.49,161.8,162.02,28388.028
2025-11-11 15:05:00,162.03,162.16,161.95,161.98,3553.866
2025-11-11 15:06:00,161.98,162.06,161.53,161.58,7398.377
2025-11-11 15:07:00,161.59,161.99,161.53,161.99,2779.789
2025-11-11 15:08:00,161.98,162.32,161.94,162.29,4058.633
2025-11-11 15:09:00,162.29,162.36,161.57,161.9,33712.43
2025-11-11 15:10:00,161.89,162.02,161.61,162.01,18612.929
2025-11-11 15:11:00,162.02,162.15,161.95,162.1,2418.922
2025-11-11 15:12:00,162.1,162.29,161.94,162.08,4371.031
2025-11-11 15:13:00,162.07,162.07,161.82,161.94,5725.666
2025-11-11 15:14:00,161.93,162.09,161.92,161.95,9318.37
2025-11-11 15:15:00,161.94,162.08,161.8,161.98,11602.189
2025-11-11 15:16:00,161.99,162.35,161.92,162.13,15303.917
2025-11-11 15:17:00,162.13,162.25,162.03,162.22,2475.432
2025-11-11 15:18:00,162.22,162.33,162.17,162.26,1892.642
2025-11-11 15:19:00,162.26,162.26,162.03,162.18,2411.239
2025-11-11 15:20:00,162.18,162.18,161.54,161.75,33048.038
2025-11-11 15:21:00,161.75,162.01,161.48,162.0,37722.798
2025-11-11 15:22:00,162.0,162.21,161.96,162.1,3899.291
2025-11-11 15:23:00,162.1,162.1,161.42,161.9,21389.957
2025-11-11 15:24:00,161.9,162.21,161.9,162.19,1953.722
2025-11-11 15:25:00,162.2,162.21,161.34,161.83,24257.061
2025-11-11 15:26:00,161.84,161.84,160.96,161.5,51676.015
2025-11-11 15:27:00,161.5,161.63,161.46,161.5,5589.402
2025-11-11 15:28:00,161.5,161.56,161.21,161.29,6406.139
2025-11-11 15:29:00,161.28,161.36,161.1,161.23,6195.288
2025-11-11 15:30:00,161.22,161.22,160.7,160.76,15874.723
2025-11-11 15:31:00,160.76,160.92,160.58,160.65,4540.432
2025-11-11 15:32:00,160.64,160.96,160.6,160.86,3925.518
2025-11-11 15:33:00,160.85,160.85,160.39,160.82,14102.187
2025-11-11 15:34:00,160.81,161.04,160.76,160.99,3198.753
2025-11-11 15:35:00,160.99,161.03,160.79,160.81,2706.346
2025-11-11 15:36:00,160.81,160.91,160.57,160.69,4064.784
2025-11-11 15:37:00,160.69,160.89,160.62,160.84,1495.232
2025-11-11 15:38:00,160.83,160.99,160.82,160.9,1193.665
2025-11-11 15:39:00,160.9,161.03,160.79,161.03,2103.649
2025-11-11 15:40:00,161.03,161.36,161.03,161.36,2486.94
2025-11-11 15:41:00,161.36,161.43,161.17,161.38,2896.627
2025-11-11 15:42:00,161.38,161.39,161.27,161.34,1514.666
2025-11-11 15:43:00,161.35,161.4,160.72,160.83,8743.825
2025-11-11 15:44:00,160.83,160.93,160.78,160.82,1636.581
2025-11-11 15:45:00,160.82,160.87,160.69,160.81,3634.277
2025-11-11 15:46:00,160.81,160.97,160.05,160.34,30711.454
2025-11-11 15:47:00,160.34,160.42,160.0,160.36,34202.468
2025-11-11 15:48:00,160.36,160.52,160.3,160.41,3316.372
2025-11-11 15:49:00,160.41,160.74,160.37,160.73,2071.158
2025-11-11 15:50:00,160.73,160.85,160.61,160.82,1872.677
2025-11-11 15:51:00,160.81,160.81,160.62,160.64,2906.721
2025-11-11 15:52:00,160.64,160.91,160.64,160.78,2317.421
2025-11-11 15:53:00,160.78,161.06,160.75,161.02,3464.895
2025-11-11 15:54:00,161.02,161.07,160.5,160.89,14261.058
2025-11-11 15:55:00,160.88,161.1,160.88,160.93,4264.325
2025-11-11 15:56:00,160.94,160.98,160.9,160.96,873.908
2025-11-11 15:57:00,160.96,160.96,160.41,160.94,19815.123
2025-11-11 15:58:00,160.93,161.0,160.53,161.0,27116.935
2025-11-11 15:59:00,160.99,161.03,160.87,160.89,1000.204
2025-11-11 16:00:00,160.88,161.08,160.76,161.08,2944.182
2025-11-11 16:01:00,161.08,161.11,160.42,160.77,19752.844
2025-11-11 16:02:00,160.77,161.01,160.36,160.99,26165.194
2025-11-11 16:03:00,160.98,161.22,160.92,161.0,2716.887
2025-11-11 16:04:00,160.99,161.07,160.86,161.06,4580.135
2025-11-11 16:05:00,161.06,161.22,160.99,161.2,2286.948
2025-11-11 16:06:00,161.2,161.2,160.97,161.04,6457.357
2025-11-11 16:07:00,161.04,161.04,160.71,160.86,5968.84
2025-11-11 16:08:00,160.86,160.86,160.36,160.44,5407.273
2025-11-11 16:09:00,160.45,160.49,160.01,160.39,16095.752
2025-11-11 16:10:00,160.38,160.76,160.35,160.76,4099.497
2025-11-11 16:11:00,160.76,160.79,160.3,160.75,26597.706
2025-11-11 16:12:00,160.75,160.94,160.6,160.85,3305.717
2025-11-11 16:13:00,160.86,160.87,160.37,160.7,12832.955
2025-11-11 16:14:00,160.7,160.75,160.67,160.68,854.851
2025-11-11 16:15:00,160.69,160.91,160.67,160.81,1375.345
2025-11-11 16:16:00,160.81,160.88,160.59,160.76,1867.761
2025-11-11 16:17:00,160.76,160.87,160.48,160.49,2635.164
2025-11-11 16:18:00,160.48,160.77,160.47,160.69,3465.97
2025-11-11 16:19:00,160.69,160.9,160.69,160.84,3051.082
2025-11-11 16:20:00,160.84,160.88,160.68,160.75,2184.96
2025-11-11 16:21:00,160.74,160.88,160.67,160.76,1102.341
2025-11-11 16:22:00,160.75,160.78,160.69,160.72,882.869
2025-11-11 16:23:00,160.72,160.92,160.71,160.77,1061.36
2025-11-11 16:24:00,160.76,160.81,160.64,160.67,1679.097
2025-11-11 16:25:00,160.66,160.75,160.57,160.75,1565.93
2025-11-11 16:26:00,160.74,160.75,160.57,160.61,1103.811
2025-11-11 16:27:00,160.6,160.61,160.24,160.26,3136.547
2025-11-11 16:28:00,160.26,160.32,160.14,160.18,1491.252
2025-11-11 16:29:00,160.17,160.3,160.13,160.24,817.655
2025-11-11 16:30:00,160.25,160.27,159.7,160.12,16657.321
2025-11-11 16:31:00,160.12,160.45,160.05,160.34,2408.744
2025-11-11 16:32:00,160.34,160.48,160.14,160.14,1341.714
2025-11-11 16:33:00,160.14,160.29,159.98,160.28,6610.179
2025-11-11 16:34:00,160.28,160.46,160.2,160.38,1365.515
2025-11-11 16:35:00,160.39,160.43,160.26,160.37,1658.088
2025-11-11 16:36:00,160.37,160.51,160.28,160.35,3909.096
2025-11-11 16:37:00,160.35,160.41,160.24,160.26,1747.204
2025-11-11 16:38:00,160.25,160.26,160.06,160.2,3519.525
2025-11-11 16:39:00,160.2,160.35,160.19,160.3,1380.47
2025-11-11 16:40:00,160.31,160.37,160.15,160.16,3177.667
2025-11-11 16:41:00,160.16,160.48,160.16,160.45,2759.912
2025-11-11 16:42:00,160.44,160.65,160.44,160.65,2225.165
2025-11-11 16:43:00,160.65,160.78,160.64,160.66,736.363
2025-11-11 16:44:00,160.66,160.66,160.48,160.56,532.642
2025-11-11 16:45:00,160.56,160.63,160.44,160.51,2208.203
2025-11-11 16:46:00,160.52,160.8,160.51,160.79,2848.961
2025-11-11 16:47:00,160.8,161.02,160.75,160.97,672.304
2025-11-11 16:48:00,160.96,161.01,160.91,160.91,3204.535
2025-11-11 16:49:00,160.91,161.01,160.89,160.99,1311.026
2025-11-11 16:50:00,160.99,160.99,160.56,160.65,593.613
2025-11-11 16:51:00,160.66,160.77,160.59,160.77,2124.825
2025-11-11 16:52:00,160.77,160.89,160.7,160.89,616.51
2025-11-11 16:53:00,160.89,160.94,160.81,160.87,552.611
2025-11-11 16:54:00,160.86,160.87,160.67,160.67,1201.195
2025-11-11 16:55:00,160.67,160.67,160.58,160.62,1228.635
2025-11-11 16:56:00,160.62,160.73,160.57,160.7,1431.651
2025-11-11 16:57:00,160.71,160.76,160.58,160.6,705.738
2025-11-11 16:58:00,160.6,160.68,160.55,160.61,1261.041
2025-11-11 16:59:00,160.62,160.67,160.59,160.64,856.555
2025-11-11 17:00:00,160.64,160.79,160.64,160.73,478.761
2025-11-11 17:01:00,160.73,160.91,160.62,160.72,2635.994
2025-11-11 17:02:00,160.73,160.76,160.53,160.53,617.228
2025-11-11 17:03:00,160.53,160.55,160.38,160.42,2942.993
2025-11-11 17:04:00,160.42,160.49,160.34,160.48,1006.257
2025-11-11 17:05:00,160.49,160.87,160.49,160.8,1388.076
2025-11-11 17:06:00,160.79,161.01,160.79,161.0,1339.856
2025-11-11 17:07:00,161.01,161.04,160.84,160.84,2132.779
2025-11-11 17:08:00,160.85,160.87,160.53,160.6,1825.062
2025-11-11 17:09:00,160.6,160.68,160.52,160.65,2947.957
2025-11-11 17:10:00,160.65,160.84,160.57,160.57,1293.732
2025-11-11 17:11:00,160.57,160.58,160.41,160.45,1503.711
2025-11-11 17:12:00,160.45,160.56,160.43,160.44,1546.554
2025-11-11 17:13:00,160.44,160.54,160.4,160.52,2083.861
2025-11-11 17:14:00,160.53,160.53,160.29,160.3,1793.284
2025-11-11 17:15:00,160.3,160.43,160.27,160.34,2160.868
2025-11-11 17:16:00,160.33,160.34,160.1,160.26,1479.026
2025-11-11 17:17:00,160.25,160.26,160.03,160.05,2294.957
2025-11-11 17:18:00,160.06,160.15,159.98,160.09,7283.612
2025-11-11 17:19:00,160.09,160.34,160.08,160.08,3006.706
2025-11-11 17:20:00,160.07,160.24,160.01,160.19,4548.195
2025-11-11 17:21:00,160.2,160.23,160.03,160.09,5860.819
2025-11-11 17:22:00,160.09,160.27,160.08,160.19,3200.936
2025-11-11 17:23:00,160.18,160.18,160.05,160.09,17072.838
2025-11-11 17:24:00,160.08,160.11,159.92,159.93,7649.158
2025-11-11 17:25:00,159.92,159.93,159.69,159.82,3871.128
2025-11-11 17:26:00,159.81,159.81,159.65,159.73,4164.932
2025-11-11 17:27:00,159.74,159.82,159.63,159.68,709.064
2025-11-11 17:28:00,159.68,159.79,159.67,159.78,1572.846
2025-11-11 17:29:00,159.77,159.78,159.63,159.78,1471.296
2025-11-11 17:30:00,159.77,159.96,159.71,159.95,1578.555
2025-11-11 17:31:00,159.96,159.96,159.8,159.81,1910.973
2025-11-11 17:32:00,159.81,159.85,159.63,159.66,2598.111
2025-11-11 17:33:00,159.65,159.65,159.33,159.5,5028.598
2025-11-11 17:34:00,159.5,159.61,159.38,159.4,2256.678
2025-11-11 17:35:00,159.4,159.47,159.21,159.3,2496.59
2025-11-11 17:36:00,159.3,159.5,159.29,159.47,2714.115
2025-11-11 17:37:00,159.47,159.5,159.22,159.27,2562.474
2025-11-11 17:38:00,159.27,159.32,158.92,159.08,12136.263
2025-11-11 17:39:00,159.07,159.08,158.7,158.89,6303.316
2025-11-11 17:40:00,158.89,158.98,158.62,158.73,14793.722
2025-11-11 17:41:00,158.74,158.87,158.25,158.87,10104.412
2025-11-11 17:42:00,158.87,159.1,158.79,159.04,2493.706
2025-11-11 17:43:00,159.04,159.04,158.77,158.96,2377.754
2025-11-11 17:44:00,158.96,159.16,158.93,159.05,4470.779
2025-11-11 17:45:00,159.05,159.24,159.0,159.05,1932.411
2025-11-11 17:46:00,159.06,159.12,159.03,159.12,1039.217
2025-11-11 17:47:00,159.13,159.18,158.92,158.97,1522.027
2025-11-11 17:48:00,158.98,159.0,158.77,158.98,4526.415
2025-11-11 17:49:00,158.97,159.03,158.82,159.03,1301.577
2025-11-11 17:50:00,159.03,159.17,158.94,159.11,1392.057
2025-11-11 17:51:00,159.1,159.32,159.08,159.32,816.831
2025-11-11 17:52:00,159.32,159.37,159.27,159.31,1054.237
2025-11-11 17:53:00,159.3,159.43,159.22,159.43,1011.987
2025-11-11 17:54:00,159.43,159.49,159.35,159.42,890.753
2025-11-11 17:55:00,159.42,159.52,159.41,159.48,8576.955
2025-11-11 17:56:00,159.48,159.57,159.47,159.48,909.173
2025-11-11 17:57:00,159.48,159.51,159.43,159.46,934.672
2025-11-11 17:58:00,159.46,159.62,159.46,159.58,982.688
2025-11-11 17:59:00,159.57,159.57,159.37,159.51,1586.771
2025-11-11 18:00:00,159.5,159.62,159.46,159.54,862.635
2025-11-11 18:01:00,159.54,159.71,159.48,159.63,2612.194
2025-11-11 18:02:00,159.64,159.8,159.58,159.59,1981.525
2025-11-11 18:03:00,159.59,159.6,159.26,159.3,1540.96
2025-11-11 18:04:00,159.3,159.4,159.26,159.27,761.817
2025-11-11 18:05:00,159.26,159.4,159.21,159.4,649.22
2025-11-11 18:06:00,159.39,159.55,159.35,159.37,912.444
2025-11-11 18:07:00,159.37,159.37,158.89,158.99,4381.288
2025-11-11 18:08:00,158.99,159.05,158.87,158.88,1133.236
2025-11-11 18:09:00,158.89,158.99,158.74,158.93,2082.393
2025-11-11 18:10:00,158.92,159.19,158.9,159.1,1797.422
2025-11-11 18:11:00,159.09,159.16,158.96,158.97,652.298
2025-11-11 18:12:00,158.97,159.11,158.97,159.0,472.484
2025-11-11 18:13:00,159.01,159.17,159.0,159.13,2531.419
2025-11-11 18:14:00,159.13,159.13,158.92,158.94,341.169
2025-11-11 18:15:00,158.95,159.01,158.8,158.87,1073.034
2025-11-11 18:16:00,158.87,159.11,158.87,159.11,491.835
2025-11-11 18:17:00,159.11,159.11,158.85,158.89,2696.848
2025-11-11 18:18:00,158.89,159.01,158.89,158.98,362.935
2025-11-11 18:19:00,158.99,159.04,158.86,158.96,556.891
2025-11-11 18:20:00,158.95,159.06,158.92,158.99,865.367
2025-11-11 18:21:00,159.0,159.1,158.96,159.02,796.95
2025-11-11 18:22:00,159.02,159.02,158.88,159.0,402.684
2025-11-11 18:23:00,159.0,159.01,158.84,158.91,817.413
2025-11-11 18:24:00,158.9,158.91,158.67,158.68,931.368
2025-11-11 18:25:00,158.68,158.68,158.37,158.4,3807.797
2025-11-11 18:26:00,158.4,158.59,158.37,158.41,1267.035
2025-11-11 18:27:00,158.42,158.49,158.42,158.48,605.828
2025-11-11 18:28:00,158.48,158.85,158.47,158.85,682.498
2025-11-11 18:29:00,158.85,158.87,158.63,158.73,1252.083
2025-11-11 18:30:00,158.72,159.12,158.72,159.11,665.188
2025-11-11 18:31:00,159.11,159.28,159.07,159.1,1914.142
2025-11-11 18:32:00,159.1,159.12,158.91,158.97,895.94
2025-11-11 18:33:00,158.97,159.03,158.87,158.87,1511.481
2025-11-11 18:34:00,158.87,159.1,158.87,159.06,2233.147
2025-11-11 18:35:00,159.06,159.15,158.95,158.95,651.591
2025-11-11 18:36:00,158.95,158.95,158.71,158.77,4443.598
2025-11-11 18:37:00,158.78,159.07,158.76,158.99,1321.753
2025-11-11 18:38:00,158.99,159.13,158.95,158.95,555.365
2025-11-11 18:39:00,158.95,159.09,158.88,159.09,949.341
2025-11-11 18:40:00,159.09,159.15,159.04,159.11,1439.313
2025-11-11 18:41:00,159.12,159.23,159.04,159.17,3410.555
2025-11-11 18:42:00,159.17,159.2,158.91,158.92,610.205
2025-11-11 18:43:00,158.91,159.07,158.87,159.06,729.15
2025-11-11 18:44:00,159.05,159.13,159.01,159.08,615.352
2025-11-11 18:45:00,159.09,159.24,159.08,159.24,520.079
2025-11-11 18:46:00,159.23,159.38,159.16,159.24,1499.775
2025-11-11 18:47:00,159.24,159.24,158.99,159.14,2730.05
2025-11-11 18:48:00,159.14,159.22,159.05,159.19,1445.066
2025-11-11 18:49:00,159.2,159.39,159.2,159.35,1510.66
2025-11-11 18:50:00,159.35,159.38,159.29,159.34,935.836
2025-11-11 18:51:00,159.35,159.48,159.29,159.47,632.708
2025-11-11 18:52:00,159.46,159.48,159.46,159.48,114.788
2025-11-11 18:53:00,159.48,159.48,159.25,159.25,3632.184
2025-11-11 18:54:00,159.26,159.26,159.02,159.05,1178.872
2025-11-11 18:55:00,159.05,159.16,159.02,159.05,719.91
2025-11-11 18:56:00,159.05,159.06,158.93,159.04,457.716
2025-11-11 18:57:00,159.04,159.09,158.94,158.95,459.515
2025-11-11 18:58:00,158.95,159.07,158.95,158.99,642.98
2025-11-11 18:59:00,158.99,158.99,158.94,158.96,278.754
2025-11-11 19:00:00,158.96,158.96,158.53,158.58,1917.577
2025-11-11 19:01:00,158.58,158.61,158.3,158.31,2210.374
2025-11-11 19:02:00,158.31,158.43,158.26,158.27,1635.959
2025-11-11 19:03:00,158.28,158.49,158.18,158.36,1967.051
2025-11-11 19:04:00,158.35,158.47,158.28,158.45,894.725
2025-11-11 19:05:00,158.44,158.44,158.15,158.16,939.243
2025-11-11 19:06:00,158.16,158.27,158.16,158.17,838.107
2025-11-11 19:07:00,158.17,158.2,157.85,157.94,16263.541
2025-11-11 19:08:00,157.94,157.97,157.66,157.81,5344.477
2025-11-11 19:09:00,157.82,158.12,157.82,158.01,1893.189
2025-11-11 19:10:00,158.0,158.12,157.96,158.12,1351.378
2025-11-11 19:11:00,158.12,158.15,158.01,158.03,1971.971
2025-11-11 19:12:00,158.03,158.27,158.02,158.18,1309.799
2025-11-11 19:13:00,158.17,158.17,157.82,158.0,13803.672
2025-11-11 19:14:00,158.01,158.03,157.92,157.95,4572.872
2025-11-11 19:15:00,157.95,158.21,157.95,158.19,2417.438
2025-11-11 19:16:00,158.18,158.43,158.18,158.31,1940.687
2025-11-11 19:17:00,158.31,158.34,158.22,158.23,3132.011
2025-11-11 19:18:00,158.23,158.51,158.23,158.43,1249.329
2025-11-11 19:19:00,158.43,158.44,158.29,158.32,719.126
2025-11-11 19:20:00,158.33,158.46,158.3,158.46,1651.879
2025-11-11 19:21:00,158.45,158.45,158.3,158.37,877.86
2025-11-11 19:22:00,158.38,158.61,158.37,158.46,1341.361
2025-11-11 19:23:00,158.46,158.49,158.37,158.37,731.338
2025-11-11 19:24:00,158.38,158.55,158.38,158.51,654.819
2025-11-11 19:25:00,158.5,158.51,158.39,158.42,899.978
2025-11-11 19:26:00,158.42,158.49,158.4,158.41,993.647
2025-11-11 19:27:00,158.4,158.61,158.4,158.56,1545.559
2025-11-11 19:28:00,158.55,158.65,158.51,158.59,689.07
2025-11-11 19:29:00,158.59,158.65,158.59,158.59,689.367
2025-11-11 19:30:00,158.59,158.66,158.55,158.65,2263.165
2025-11-11 19:31:00,158.64,158.67,158.56,158.58,989.725
2025-11-11 19:32:00,158.58,158.62,158.55,158.59,718.099
2025-11-11 19:33:00,158.58,158.69,158.58,158.64,1568.201
2025-11-11 19:34:00,158.63,158.66,158.49,158.59,2072.193
2025-11-11 19:35:00,158.6,158.63,158.52,158.58,1553.891
2025-11-11 19:36:00,158.59,158.59,158.48,158.54,351.517
2025-11-11 19:37:00,158.53,158.54,158.46,158.48,1401.761
2025-11-11 19:38:00,158.47,158.47,158.3,158.31,1919.728
2025-11-11 19:39:00,158.3,158.34,158.29,158.31,424.366
2025-11-11 19:40:00,158.3,158.4,158.25,158.32,1131.98
2025-11-11 19:41:00,158.32,158.33,158.29,158.3,247.895
2025-11-11 19:42:00,158.3,158.3,157.91,157.95,2098.477
2025-11-11 19:43:00,157.96,157.96,157.89,157.9,1281.586
2025-11-11 19:44:00,157.89,158.11,157.89,158.03,699.942
2025-11-11 19:45:00,158.03,158.03,157.91,157.92,491.19
2025-11-11 19:46:00,157.92,158.22,157.9,157.94,2079.456
2025-11-11 19:47:00,157.94,158.17,157.93,158.14,2035.462
2025-11-11 19:48:00,158.14,158.36,158.13,158.33,605.025
2025-11-11 19:49:00,158.34,158.34,158.17,158.23,821.495
2025-11-11 19:50:00,158.23,158.23,158.14,158.17,512.853
2025-11-11 19:51:00,158.18,158.2,158.03,158.06,754.963
2025-11-11 19:52:00,158.06,158.06,157.9,158.0,694.328
2025-11-11 19:53:00,158.0,158.18,158.0,158.01,1149.506
2025-11-11 19:54:00,158.0,158.04,157.95,158.0,961.263
2025-11-11 19:55:00,157.99,158.02,157.97,158.02,1193.239
2025-11-11 19:56:00,158.01,158.08,158.01,158.04,594.375
2025-11-11 19:57:00,158.04,158.04,157.84,157.84,1452.712
2025-11-11 19:58:00,157.83,157.83,157.44,157.47,7246.45
2025-11-11 19:59:00,157.47,157.67,157.42,157.58,3108.763
2025-11-11 20:00:00,157.59,157.64,157.48,157.53,1583.72
2025-11-11 20:01:00,157.52,157.58,157.4,157.51,1313.697
2025-11-11 20:02:00,157.51,157.51,157.31,157.36,1357.403
2025-11-11 20:03:00,157.36,157.56,157.36,157.36,2498.894
2025-11-11 20:04:00,157.37,157.42,157.34,157.34,1452.178
2025-11-11 20:05:00,157.34,157.39,157.22,157.28,2350.485
2025-11-11 20:06:00,157.28,157.36,157.2,157.27,1767.041
2025-11-11 20:07:00,157.27,157.3,157.12,157.12,3427.158
2025-11-11 20:08:00,157.12,157.13,156.82,156.84,7875.659
2025-11-11 20:09:00,156.84,157.07,156.76,156.99,2102.513
2025-11-11 20:10:00,156.98,157.13,156.89,156.94,1622.094
2025-11-11 20:11:00,156.93,157.16,156.77,157.15,2651.564
2025-11-11 20:12:00,157.16,157.36,157.12,157.14,1594.702
2025-11-11 20:13:00,157.14,157.15,157.06,157.08,1026.935
2025-11-11 20:14:00,157.08,157.2,157.08,157.2,860.765
2025-11-11 20:15:00,157.19,157.49,157.19,157.27,1490.063
2025-11-11 20:16:00,157.27,157.35,156.99,157.02,1532.055
2025-11-11 20:17:00,157.01,157.1,156.94,157.08,2140.883
2025-11-11 20:18:00,157.09,157.4,157.09,157.39,948.585
2025-11-11 20:19:00,157.39,157.39,157.23,157.35,935.651
2025-11-11 20:20:00,157.35,157.59,157.35,157.55,1885.81
2025-11-11 20:21:00,157.54,157.72,157.54,157.68,2283.512
2025-11-11 20:22:00,157.68,157.72,157.58,157.64,1555.363
2025-11-11 20:23:00,157.64,157.76,157.64,157.72,1309.907
2025-11-11 20:24:00,157.73,157.81,157.69,157.8,742.634
2025-11-11 20:25:00,157.81,157.87,157.7,157.78,2742.073
2025-11-11 20:26:00,157.78,157.81,157.57,157.57,1326.32
2025-11-11 20:27:00,157.56,157.62,157.48,157.62,459.682
2025-11-11 20:28:00,157.61,157.61,157.42,157.45,753.896
2025-11-11 20:29:00,157.45,157.48,157.36,157.36,892.06
2025-11-11 20:30:00,157.36,157.36,157.26,157.3,853.565
2025-11-11 20:31:00,157.3,157.3,156.96,157.13,1483.799
2025-11-11 20:32:00,157.13,157.27,157.13,157.16,2351.221
2025-11-11 20:33:00,157.16,157.17,156.95,156.98,1252.0
2025-11-11 20:34:00,156.98,157.02,156.67,156.8,8813.353
2025-11-11 20:35:00,156.79,156.89,156.69,156.85,2329.606
2025-11-11 20:36:00,156.86,156.92,156.74,156.81,1745.964
2025-11-11 20:37:00,156.81,156.99,156.78,156.84,2260.685
2025-11-11 20:38:00,156.83,156.92,156.76,156.76,1064.016
2025-11-11 20:39:00,156.75,156.9,156.7,156.85,1441.904
2025-11-11 20:40:00,156.85,156.86,156.64,156.82,6719.858
2025-11-11 20:41:00,156.83,156.84,156.54,156.54,4291.805
2025-11-11 20:42:00,156.53,156.81,156.5,156.72,2988.075
2025-11-11 20:43:00,156.72,156.89,156.69,156.83,1177.201
2025-11-11 20:44:00,156.82,156.86,156.56,156.56,1052.058
2025-11-11 20:45:00,156.57,156.79,156.57,156.66,6403.833
2025-11-11 20:46:00,156.66,156.7,156.5,156.62,4362.611
2025-11-11 20:47:00,156.62,156.9,156.5,156.73,1341.644
2025-11-11 20:48:00,156.72,156.72,156.44,156.52,2403.379
2025-11-11 20:49:00,156.52,156.69,156.46,156.62,2159.748
2025-11-11 20:50:00,156.61,156.81,156.46,156.71,4062.649
2025-11-11 20:51:00,156.71,156.73,156.5,156.56,1638.444
2025-11-11 20:52:00,156.55,156.62,156.43,156.62,3318.668
2025-11-11 20:53:00,156.61,156.72,156.47,156.55,1283.191
2025-11-11 20:54:00,156.54,156.62,156.51,156.6,985.789
2025-11-11 20:55:00,156.59,156.67,156.47,156.6,3193.44
2025-11-11 20:56:00,156.6,156.76,156.6,156.72,939.061
2025-11-11 20:57:00,156.73,156.76,156.6,156.7,1053.05
2025-11-11 20:58:00,156.7,156.7,156.45,156.47,1175.644
2025-11-11 20:59:00,156.46,156.77,156.27,156.77,7774.738
2025-11-11 21:00:00,156.78,157.11,156.7,157.09,2559.997
2025-11-11 21:01:00,157.09,157.11,156.75,156.78,3136.406
2025-11-11 21:02:00,156.78,156.92,156.69,156.92,1381.739
2025-11-11 21:03:00,156.92,156.99,156.73,156.93,1775.206
2025-11-11 21:04:00,156.92,157.23,156.87,157.11,1475.445
2025-11-11 21:05:00,157.1,157.14,157.06,157.09,883.825
2025-11-11 21:06:00,157.09,157.09,156.86,156.88,1296.586
2025-11-11 21:07:00,156.87,156.87,156.69,156.73,1663.392
2025-11-11 21:08:00,156.72,156.83,156.62,156.83,2452.387
2025-11-11 21:09:00,156.83,157.11,156.83,157.02,1558.584
2025-11-11 21:10:00,157.02,157.19,157.0,157.11,1183.266
2025-11-11 21:11:00,157.11,157.2,157.08,157.14,2064.897
2025-11-11 21:12:00,157.14,157.17,156.98,157.01,1418.877
2025-11-11 21:13:00,157.02,157.21,157.02,157.13,2698.48
2025-11-11 21:14:00,157.12,157.19,157.1,157.11,883.109
2025-11-11 21:15:00,157.11,157.33,157.09,157.2,6925.599
2025-11-11 21:16:00,157.19,157.26,157.18,157.21,919.227
2025-11-11 21:17:00,157.2,157.2,157.08,157.17,946.33
2025-11-11 21:18:00,157.16,157.16,156.86,157.02,3829.191
2025-11-11 21:19:00,157.02,157.21,157.02,157.15,1513.168
2025-11-11 21:20:00,157.15,157.23,157.08,157.23,1596.001
2025-11-11 21:21:00,157.23,157.29,157.23,157.27,1846.564
2025-11-11 21:22:00,157.26,157.28,157.19,157.24,2825.458
2025-11-11 21:23:00,157.24,157.28,157.13,157.27,959.213
2025-11-11 21:24:00,157.26,157.4,157.21,157.27,6019.038
2025-11-11 21:25:00,157.27,157.31,157.17,157.22,2507.175
2025-11-11 21:26:00,157.23,157.24,157.16,157.22,1568.474
2025-11-11 21:27:00,157.22,157.25,157.16,157.25,1002.014
2025-11-11 21:28:00,157.25,157.25,157.2,157.21,872.678
2025-11-11 21:29:00,157.21,157.22,157.08,157.09,651.108
2025-11-11 21:30:00,157.09,157.09,156.94,156.99,1274.828
2025-11-11 21:31:00,156.98,156.98,156.63,156.63,1865.721
2025-11-11 21:32:00,156.63,156.64,156.44,156.45,1287.265
2025-11-11 21:33:00,156.45,156.55,156.42,156.44,3444.798
2025-11-11 21:34:00,156.45,156.8,156.45,156.61,3195.715
2025-11-11 21:35:00,156.61,156.65,156.52,156.65,1419.963
2025-11-11 21:36:00,156.65,156.65,156.48,156.6,3377.332
2025-11-11 21:37:00,156.6,156.76,156.41,156.49,5041.565
2025-11-11 21:38:00,156.49,156.56,156.41,156.54,2696.098
2025-11-11 21:39:00,156.54,156.56,156.08,156.14,4962.739
2025-11-11 21:40:00,156.15,156.3,155.97,156.24,21752.745
2025-11-11 21:41:00,156.23,156.35,156.13,156.13,1960.067
2025-11-11 21:42:00,156.12,156.27,156.12,156.19,1469.853
2025-11-11 21:43:00,156.2,156.2,155.92,156.07,4013.443
2025-11-11 21:44:00,156.06,156.13,156.0,156.04,4367.306
2025-11-11 21:45:00,156.05,156.22,155.95,155.95,878.129
2025-11-11 21:46:00,155.94,156.05,155.9,155.98,2177.435
2025-11-11 21:47:00,155.97,156.15,155.93,156.12,2929.143
2025-11-11 21:48:00,156.12,156.14,156.02,156.11,1040.617
2025-11-11 21:49:00,156.11,156.12,155.84,155.86,2171.794
2025-11-11 21:50:00,155.86,155.9,155.64,155.69,7545.547
2025-11-11 21:51:00,155.69,155.8,155.66,155.77,1707.986
2025-11-11 21:52:00,155.76,156.06,155.69,156.06,2360.08
2025-11-11 21:53:00,156.06,156.21,155.95,156.13,1353.129
2025-11-11 21:54:00,156.14,156.28,156.11,156.12,1920.987
2025-11-11 21:55:00,156.12,156.18,156.08,156.15,788.635
2025-11-11 21:56:00,156.16,156.31,156.11,156.31,2163.108
2025-11-11 21:57:00,156.31,156.49,156.31,156.32,2450.686
2025-11-11 21:58:00,156.31,156.31,156.15,156.24,2000.997
2025-11-11 21:59:00,156.23,156.25,156.05,156.08,912.635
2025-11-11 22:00:00,156.08,156.12,155.82,155.82,2226.566
2025-11-11 22:01:00,155.81,155.84,155.52,155.62,2765.133
2025-11-11 22:02:00,155.62,155.75,155.53,155.75,932.039
2025-11-11 22:03:00,155.75,156.09,155.74,156.09,1575.25
2025-11-11 22:04:00,156.09,156.09,155.98,156.03,1136.897
2025-11-11 22:05:00,156.02,156.2,155.98,156.2,2661.439
2025-11-11 22:06:00,156.2,156.31,156.13,156.26,1553.245
2025-11-11 22:07:00,156.26,156.29,156.19,156.24,797.353
2025-11-11 22:08:00,156.23,156.24,155.94,155.95,1583.395
2025-11-11 22:09:00,155.94,156.18,155.94,156.03,2449.821
2025-11-11 22:10:00,156.02,156.25,156.0,156.25,1874.187
2025-11-11 22:11:00,156.24,156.5,156.24,156.5,5277.912
2025-11-11 22:12:00,156.5,156.61,156.41,156.54,2174.651
2025-11-11 22:13:00,156.55,156.55,156.41,156.41,589.201
2025-11-11 22:14:00,156.42,156.5,156.41,156.46,1417.025
2025-11-11 22:15:00,156.46,156.46,156.15,156.15,1792.666
2025-11-11 22:16:00,156.15,156.35,156.07,156.35,1275.69
2025-11-11 22:17:00,156.36,156.36,156.13,156.2,1397.785
2025-11-11 22:18:00,156.2,156.28,156.09,156.09,2084.175
2025-11-11 22:19:00,156.08,156.3,156.02,156.3,2956.78
2025-11-11 22:20:00,156.31,156.52,156.3,156.41,1984.091
2025-11-11 22:21:00,156.41,156.52,156.39,156.46,1268.457
2025-11-11 22:22:00,156.45,156.71,156.38,156.51,13070.251
2025-11-11 22:23:00,156.51,156.68,156.49,156.56,2133.01
2025-11-11 22:24:00,156.56,156.98,156.56,156.95,13641.755
2025-11-11 22:25:00,156.95,156.95,156.75,156.8,2469.246
2025-11-11 22:26:00,156.79,156.8,156.65,156.74,2333.61
2025-11-11 22:27:00,156.73,156.89,156.67,156.75,1086.775
2025-11-11 22:28:00,156.75,156.79,156.72,156.78,1182.747
2025-11-11 22:29:00,156.78,156.86,156.76,156.76,640.656
2025-11-11 22:30:00,156.76,156.77,156.62,156.63,2194.313
2025-11-11 22:31:00,156.63,156.68,156.6,156.62,575.714
2025-11-11 22:32:00,156.62,156.62,156.52,156.57,656.657
2025-11-11 22:33:00,156.57,156.68,156.56,156.67,1548.126
2025-11-11 22:34:00,156.67,156.67,156.62,156.66,2399.094
2025-11-11 22:35:00,156.66,156.83,156.66,156.81,2334.365
2025-11-11 22:36:00,156.81,156.93,156.8,156.93,2852.268
2025-11-11 22:37:00,156.93,156.95,156.86,156.87,905.44
2025-11-11 22:38:00,156.87,156.89,156.8,156.89,1035.255
2025-11-11 22:39:00,156.88,156.98,156.88,156.92,2537.221
2025-11-11 22:40:00,156.91,156.91,156.73,156.74,1024.417
2025-11-11 22:41:00,156.74,156.83,156.7,156.76,2180.524
2025-11-11 22:42:00,156.77,156.81,156.75,156.8,1872.252
2025-11-11 22:43:00,156.8,156.82,156.7,156.78,3232.006
2025-11-11 22:44:00,156.77,156.92,156.77,156.86,956.014
2025-11-11 22:45:00,156.86,156.92,156.82,156.9,711.982
2025-11-11 22:46:00,156.9,156.92,156.82,156.82,1481.316
2025-11-11 22:47:00,156.82,156.84,156.8,156.84,478.779
2025-11-11 22:48:00,156.83,156.84,156.8,156.8,1595.095
2025-11-11 22:49:00,156.81,156.81,156.8,156.8,756.971
2025-11-11 22:50:00,156.8,156.97,156.74,156.97,9078.19
2025-11-11 22:51:00,156.96,157.18,156.96,157.08,3755.845
2025-11-11 22:52:00,157.07,157.22,157.03,157.13,4031.305
2025-11-11 22:53:00,157.13,157.13,157.05,157.06,1251.131
2025-11-11 22:54:00,157.06,157.07,157.0,157.03,1275.379
2025-11-11 22:55:00,157.03,157.06,157.02,157.06,1441.801
2025-11-11 22:56:00,157.06,157.27,157.0,157.0,3826.519
2025-11-11 22:57:00,157.01,157.01,156.93,156.97,1970.08
2025-11-11 22:58:00,156.96,156.97,156.9,156.91,1156.572
2025-11-11 22:59:00,156.9,156.9,156.6,156.68,2903.491
2025-11-11 23:00:00,156.69,156.74,156.5,156.6,3049.645
2025-11-11 23:01:00,156.6,156.6,156.41,156.42,1104.258
2025-11-11 23:02:00,156.42,156.42,156.16,156.19,2436.657
2025-11-11 23:03:00,156.2,156.27,156.08,156.15,1147.065
2025-11-11 23:04:00,156.16,156.17,156.0,156.16,1945.234
2025-11-11 23:05:00,156.17,156.39,156.12,156.16,2745.118
2025-11-11 23:06:00,156.17,156.27,156.03,156.24,2383.122
2025-11-11 23:07:00,156.25,156.42,156.24,156.35,1579.554
2025-11-11 23:08:00,156.36,156.5,156.35,156.42,1111.531
2025-11-11 23:09:00,156.41,156.41,156.24,156.24,890.051
2025-11-11 23:10:00,156.24,156.44,156.23,156.4,579.473
2025-11-11 23:11:00,156.41,156.51,156.36,156.38,1070.807
2025-11-11 23:12:00,156.39,156.48,156.37,156.41,1469.751
2025-11-11 23:13:00,156.42,156.43,156.28,156.41,963.457
2025-11-11 23:14:00,156.42,156.64,156.42,156.54,446.885
2025-11-11 23:15:00,156.55,156.75,156.53,156.67,1880.16
2025-11-11 23:16:00,156.66,156.78,156.6,156.65,1616.621
2025-11-11 23:17:00,156.64,156.8,156.6,156.73,1099.989
2025-11-11 23:18:00,156.74,156.82,156.68,156.77,874.13
2025-11-11 23:19:00,156.78,156.93,156.72,156.73,2654.288
2025-11-11 23:20:00,156.73,156.73,156.6,156.6,2324.18
2025-11-11 23:21:00,156.6,156.81,156.47,156.49,4389.508
2025-11-11 23:22:00,156.49,156.49,156.25,156.26,1463.776
2025-11-11 23:23:00,156.25,156.3,156.1,156.1,2467.239
2025-11-11 23:24:00,156.11,156.14,155.89,155.93,4428.135
2025-11-11 23:25:00,155.93,155.98,155.79,155.91,2759.947
2025-11-11 23:26:00,155.9,155.91,155.74,155.79,1977.792
2025-11-11 23:27:00,155.78,156.1,155.77,156.01,2540.449
2025-11-11 23:28:00,156.0,156.15,156.0,156.06,1040.397
2025-11-11 23:29:00,156.07,156.13,155.87,155.93,1729.132
2025-11-11 23:30:00,155.94,155.94,155.7,155.77,5617.35
2025-11-11 23:31:00,155.77,155.77,155.41,155.5,5670.171
2025-11-11 23:32:00,155.5,155.6,155.47,155.54,1517.509
2025-11-11 23:33:00,155.54,155.57,155.32,155.33,2274.404
2025-11-11 23:34:00,155.32,155.5,155.3,155.4,1704.417
2025-11-11 23:35:00,155.4,155.4,155.27,155.36,1642.79
2025-11-11 23:36:00,155.36,155.36,154.77,154.9,49953.582
2025-11-11 23:37:00,154.89,155.1,154.81,154.99,3183.948
2025-11-11 23:38:00,154.99,155.37,154.97,155.37,2524.825
2025-11-11 23:39:00,155.37,155.37,155.24,155.28,1292.91
2025-11-11 23:40:00,155.28,155.5,155.16,155.49,1238.554
2025-11-11 23:41:00,155.5,155.61,155.44,155.61,745.323
2025-11-11 23:42:00,155.62,155.67,155.44,155.51,1043.542
2025-11-11 23:43:00,155.51,155.61,155.32,155.33,799.003
2025-11-11 23:44:00,155.34,155.4,155.11,155.11,1410.992
2025-11-11 23:45:00,155.11,155.15,154.96,155.0,1017.54
2025-11-11 23:46:00,154.99,155.15,154.84,154.85,1144.411
2025-11-11 23:47:00,154.85,154.96,154.07,154.29,27996.276
2025-11-11 23:48:00,154.29,154.31,153.98,154.29,13496.147
2025-11-11 23:49:00,154.29,154.51,154.29,154.43,2214.508
2025-11-11 23:50:00,154.43,154.5,154.15,154.19,3179.408
2025-11-11 23:51:00,154.19,154.34,153.93,154.31,3220.751
2025-11-11 23:52:00,154.31,154.52,154.28,154.43,3773.817
2025-11-11 23:53:00,154.42,154.44,154.16,154.31,2103.102
2025-11-11 23:54:00,154.32,154.39,154.24,154.33,914.427
2025-11-11 23:55:00,154.34,154.72,154.33,154.71,1791.238
2025-11-11 23:56:00,154.72,154.84,154.68,154.68,5066.331
2025-11-11 23:57:00,154.69,154.7,154.5,154.51,1494.29
2025-11-11 23:58:00,154.51,154.59,154.46,154.56,1606.795
2025-11-11 23:59:00,154.55,154.63,154.5,154.63,1381.148
2025-11-12 00:00:00,154.63,154.91,154.45,154.9,5219.43
2025-11-12 00:01:00,154.9,155.1,154.9,154.97,1878.16
2025-11-12 00:02:00,154.97,155.28,154.97,155.1,4320.279
2025-11-12 00:03:00,155.1,155.3,155.09,155.22,12205.728
2025-11-12 00:04:00,155.22,155.32,155.22,155.3,4347.726
2025-11-12 00:05:00,155.3,155.3,155.02,155.21,4948.774
2025-11-12 00:06:00,155.21,155.24,154.92,154.96,5087.552
2025-11-12 00:07:00,154.96,155.12,154.69,155.05,7251.554
2025-11-12 00:08:00,155.05,155.05,154.87,154.9,4296.76
2025-11-12 00:09:00,154.9,154.92,154.72,154.74,4287.877
2025-11-12 00:10:00,154.74,154.8,154.51,154.52,7763.611
2025-11-12 00:11:00,154.51,154.51,154.25,154.25,2853.208
2025-11-12 00:12:00,154.25,154.25,153.59,153.76,11934.537
2025-11-12 00:13:00,153.76,154.28,153.76,154.21,3812.296
2025-11-12 00:14:00,154.21,154.35,154.11,154.11,2830.481
2025-11-12 00:15:00,154.12,154.55,154.0,154.41,2323.666
2025-11-12 00:16:00,154.41,154.55,154.07,154.3,3687.475
2025-11-12 00:17:00,154.3,154.63,154.28,154.56,933.561
2025-11-12 00:18:00,154.57,154.85,154.57,154.75,2624.787
2025-11-12 00:19:00,154.76,154.89,154.68,154.72,1243.792
2025-11-12 00:20:00,154.72,154.81,154.38,154.44,2589.931
2025-11-12 00:21:00,154.44,154.49,154.2,154.45,3566.059
2025-11-12 00:22:00,154.45,154.79,154.43,154.69,3862.725
2025-11-12 00:23:00,154.69,154.82,154.61,154.77,2841.35
2025-11-12 00:24:00,154.78,154.91,154.71,154.84,2646.514
2025-11-12 00:25:00,154.84,154.9,154.71,154.84,1289.418
2025-11-12 00:26:00,154.84,155.08,154.81,154.98,2295.554
2025-11-12 00:27:00,154.97,154.98,154.71,154.79,2310.737
2025-11-12 00:28:00,154.8,154.94,154.71,154.73,1129.259
2025-11-12 00:29:00,154.72,154.84,154.61,154.77,1733.853
2025-11-12 00:30:00,154.77,154.95,154.68,154.83,2226.454
2025-11-12 00:31:00,154.84,154.84,154.61,154.75,2562.908
2025-11-12 00:32:00,154.75,154.86,154.52,154.62,11245.27
2025-11-12 00:33:00,154.62,154.87,154.45,154.45,4409.494
2025-11-12 00:34:00,154.45,154.47,154.2,154.42,4152.419
2025-11-12 00:35:00,154.41,154.44,154.18,154.26,2559.098
2025-11-12 00:36:00,154.27,154.44,154.13,154.44,2171.885
2025-11-12 00:37:00,154.44,154.57,154.33,154.57,2560.405
2025-11-12 00:38:00,154.56,154.65,154.25,154.28,2961.81
2025-11-12 00:39:00,154.28,154.28,154.04,154.13,3608.146
2025-11-12 00:40:00,154.13,154.28,154.0,154.01,4203.522
2025-11-12 00:41:00,154.02,154.26,154.0,154.15,2619.738
2025-11-12 00:42:00,154.15,154.2,154.04,154.14,1711.824
2025-11-12 00:43:00,154.15,154.34,154.15,154.33,770.567
2025-11-12 00:44:00,154.34,154.49,154.21,154.45,1616.566
2025-11-12 00:45:00,154.46,154.55,154.22,154.26,1218.892
2025-11-12 00:46:00,154.25,154.6,154.22,154.56,2025.333
2025-11-12 00:47:00,154.57,154.64,154.47,154.57,3174.97
2025-11-12 00:48:00,154.57,154.67,154.33,154.64,1078.124
2025-11-12 00:49:00,154.64,154.77,154.63,154.7,1366.348
2025-11-12 00:50:00,154.71,154.81,154.53,154.53,1548.091
2025-11-12 00:51:00,154.53,154.59,154.36,154.38,1150.627
2025-11-12 00:52:00,154.39,154.4,154.1,154.28,1897.162
2025-11-12 00:53:00,154.27,154.27,154.02,154.02,2124.489
2025-11-12 00:54:00,154.02,154.18,154.02,154.04,1169.383
2025-11-12 00:55:00,154.05,154.29,153.89,154.29,3380.591
2025-11-12 00:56:00,154.3,154.45,154.29,154.4,1163.099
2025-11-12 00:57:00,154.41,154.41,154.18,154.35,739.862
2025-11-12 00:58:00,154.34,154.35,153.93,153.94,1058.664
2025-11-12 00:59:00,153.93,153.93,153.68,153.83,2042.331
2025-11-12 01:00:00,153.84,153.96,153.73,153.96,3160.433
2025-11-12 01:01:00,153.97,154.11,153.82,154.1,1640.643
2025-11-12 01:02:00,154.11,154.28,154.08,154.23,1965.41
2025-11-12 01:03:00,154.23,154.3,153.94,153.96,1149.875
2025-11-12 01:04:00,153.97,153.98,153.66,153.96,7108.761
2025-11-12 01:05:00,153.96,154.37,153.96,154.36,2151.623
2025-11-12 01:06:00,154.36,154.62,154.36,154.47,905.696
2025-11-12 01:07:00,154.47,154.57,154.33,154.57,800.513
2025-11-12 01:08:00,154.57,154.69,154.44,154.49,1442.669
2025-11-12 01:09:00,154.5,154.64,154.45,154.62,1818.053
2025-11-12 01:10:00,154.62,154.81,154.62,154.65,2310.248
2025-11-12 01:11:00,154.65,154.74,154.48,154.49,1672.362
2025-11-12 01:12:00,154.48,154.67,154.45,154.61,1649.068
2025-11-12 01:13:00,154.62,154.86,154.62,154.79,1605.404
2025-11-12 01:14:00,154.8,154.92,154.77,154.81,2830.479
2025-11-12 01:15:00,154.8,155.27,154.7,155.24,11453.688
2025-11-12 01:16:00,155.24,155.46,154.91,155.32,12682.404
2025-11-12 01:17:00,155.33,155.52,155.24,155.33,3029.516
2025-11-12 01:18:00,155.34,155.44,155.26,155.35,1988.991
2025-11-12 01:19:00,155.35,155.42,155.25,155.3,1253.774
2025-11-12 01:20:00,155.31,155.31,155.02,155.08,3459.357
2025-11-12 01:21:00,155.08,155.18,155.03,155.13,1952.826
2025-11-12 01:22:00,155.13,155.23,154.98,155.08,1666.626
2025-11-12 01:23:00,155.08,155.08,154.82,154.82,934.594
2025-11-12 01:24:00,154.83,154.92,154.63,154.74,1926.417
2025-11-12 01:25:00,154.73,154.76,154.56,154.68,628.987
2025-11-12 01:26:00,154.68,154.74,154.53,154.61,1022.831
2025-11-12 01:27:00,154.62,154.86,154.62,154.84,2577.157
2025-11-12 01:28:00,154.84,155.0,154.84,154.85,809.178
2025-11-12 01:29:00,154.85,154.98,154.81,154.97,333.887
2025-11-12 01:30:00,154.98,155.22,154.96,155.06,2491.02
2025-11-12 01:31:00,155.06,155.23,155.04,155.13,1206.903
2025-11-12 01:32:00,155.13,155.21,154.86,154.89,1920.621
2025-11-12 01:33:00,154.9,155.13,154.88,155.02,1929.015
2025-11-12 01:34:00,155.02,155.2,155.02,155.19,641.917
2025-11-12 01:35:00,155.19,155.44,155.12,155.4,13952.845
2025-11-12 01:36:00,155.4,155.41,155.15,155.26,12324.119
2025-11-12 01:37:00,155.25,155.28,155.05,155.13,2010.365
2025-11-12 01:38:00,155.13,155.25,155.09,155.25,1281.71
2025-11-12 01:39:00,155.24,155.29,155.14,155.21,810.217
2025-11-12 01:40:00,155.21,155.28,155.15,155.21,1475.859
2025-11-12 01:41:00,155.2,155.38,155.15,155.38,1643.775
2025-11-12 01:42:00,155.38,155.39,155.15,155.17,1747.585
2025-11-12 01:43:00,155.17,155.26,155.06,155.13,2610.167
2025-11-12 01:44:00,155.12,155.13,155.03,155.09,1174.994
2025-11-12 01:45:00,155.1,155.17,154.91,154.97,1619.951
2025-11-12 01:46:00,154.97,155.04,154.92,154.99,1041.374
2025-11-12 01:47:00,154.99,155.22,154.98,155.22,1170.047
2025-11-12 01:48:00,155.21,155.25,155.11,155.24,1059.668
2025-11-12 01:49:00,155.25,155.38,155.15,155.21,2095.206
2025-11-12 01:50:00,155.21,155.32,155.05,155.1,1936.45
2025-11-12 01:51:00,155.09,155.33,155.05,155.29,1373.853
2025-11-12 01:52:00,155.29,155.41,155.27,155.39,2085.501
2025-11-12 01:53:00,155.38,155.46,155.34,155.42,2244.986
2025-11-12 01:54:00,155.42,155.45,155.34,155.4,1713.837
2025-11-12 01:55:00,155.4,155.49,155.34,155.49,1042.435
2025-11-12 01:56:00,155.49,155.56,155.38,155.53,2566.398
2025-11-12 01:57:00,155.52,155.52,155.36,155.39,1104.025
2025-11-12 01:58:00,155.38,155.39,155.26,155.3,839.257
2025-11-12 01:59:00,155.31,155.45,155.31,155.42,1921.523
2025-11-12 02:00:00,155.41,155.41,155.15,155.37,3117.168
2025-11-12 02:01:00,155.37,155.58,155.34,155.45,2208.16
2025-11-12 02:02:00,155.46,155.58,155.43,155.56,942.622
2025-11-12 02:03:00,155.55,155.55,155.19,155.2,1219.917
2025-11-12 02:04:00,155.2,155.2,155.08,155.1,1074.953
2025-11-12 02:05:00,155.1,155.43,155.1,155.43,2010.764
2025-11-12 02:06:00,155.43,155.5,155.28,155.43,983.723
2025-11-12 02:07:00,155.42,155.42,155.13,155.31,1334.175
2025-11-12 02:08:00,155.31,155.46,155.25,155.33,780.532
2025-11-12 02:09:00,155.34,155.51,155.34,155.44,1966.623
2025-11-12 02:10:00,155.44,155.57,155.4,155.47,1832.175
2025-11-12 02:11:00,155.46,155.48,155.3,155.31,2625.238
2025-11-12 02:12:00,155.3,155.56,155.3,155.51,1700.764
2025-11-12 02:13:00,155.51,155.51,155.28,155.35,4305.133
2025-11-12 02:14:00,155.34,155.36,155.3,155.34,1003.658
2025-11-12 02:15:00,155.34,155.36,155.24,155.33,5066.85
2025-11-12 02:16:00,155.33,155.53,155.33,155.42,2277.324
2025-11-12 02:17:00,155.42,155.47,155.31,155.46,3293.762
2025-11-12 02:18:00,155.46,155.46,155.3,155.38,2684.426
2025-11-12 02:19:00,155.39,155.4,155.15,155.16,6282.82
2025-11-12 02:20:00,155.16,155.21,154.89,154.91,5245.893
2025-11-12 02:21:00,154.91,154.92,154.61,154.61,24721.922
2025-11-12 02:22:00,154.62,154.88,154.6,154.84,2603.885
2025-11-12 02:23:00,154.84,154.9,154.64,154.64,3327.722
2025-11-12 02:24:00,154.63,154.86,154.63,154.82,1416.825
2025-11-12 02:25:00,154.82,154.85,154.58,154.58,2815.452
2025-11-12 02:26:00,154.58,154.6,154.5,154.56,1676.507
2025-11-12 02:27:00,154.56,154.64,154.5,154.58,1442.734
2025-11-12 02:28:00,154.58,154.68,154.55,154.65,1345.918
2025-11-12 02:29:00,154.64,154.77,154.57,154.77,1385.189
2025-11-12 02:30:00,154.78,154.79,154.49,154.53,3559.89
2025-11-12 02:31:00,154.52,154.52,154.23,154.26,3943.615
2025-11-12 02:32:00,154.26,154.35,154.0,154.0,5266.367
2025-11-12 02:33:00,154.01,154.05,153.73,153.8,6827.594
2025-11-12 02:34:00,153.81,154.08,153.8,154.06,1319.265
2025-11-12 02:35:00,154.07,154.07,153.85,153.91,1685.418
2025-11-12 02:36:00,153.92,153.95,153.78,153.86,2473.62
2025-11-12 02:37:00,153.85,154.15,153.81,154.14,1472.289
2025-11-12 02:38:00,154.14,154.36,154.09,154.36,1587.288
2025-11-12 02:39:00,154.35,154.41,154.16,154.21,957.539
2025-11-12 02:40:00,154.21,154.31,154.16,154.27,1437.862
2025-11-12 02:41:00,154.26,154.28,154.06,154.24,972.247
2025-11-12 02:42:00,154.25,154.25,153.99,154.07,752.158
2025-11-12 02:43:00,154.08,154.12,154.01,154.02,1147.187
2025-11-12 02:44:00,154.03,154.14,153.94,154.08,954.289
2025-11-12 02:45:00,154.08,154.2,153.98,154.2,1171.818
2025-11-12 02:46:00,154.19,154.25,153.93,153.96,1394.885
2025-11-12 02:47:00,153.97,154.11,153.94,153.95,1073.435
2025-11-12 02:48:00,153.96,154.08,153.91,154.02,1937.316
2025-11-12 02:49:00,154.02,154.19,154.01,154.08,1303.86
2025-11-12 02:50:00,154.08,154.11,153.9,153.93,2135.419
2025-11-12 02:51:00,153.93,154.08,153.8,154.03,1806.356
2025-11-12 02:52:00,154.03,154.22,153.98,154.18,1754.704
2025-11-12 02:53:00,154.18,154.54,154.17,154.35,1446.731
2025-11-12 02:54:00,154.35,154.56,154.34,154.49,1841.361
2025-11-12 02:55:00,154.49,154.58,154.44,154.47,629.188
2025-11-12 02:56:00,154.46,154.49,154.07,154.11,2800.191
2025-11-12 02:57:00,154.11,154.2,154.11,154.19,364.396
2025-11-12 02:58:00,154.19,154.31,154.17,154.3,610.594
2025-11-12 02:59:00,154.31,154.41,154.29,154.3,1248.94
2025-11-12 03:00:00,154.31,154.31,154.0,154.13,1293.613
2025-11-12 03:01:00,154.13,154.29,154.13,154.29,1079.134
2025-11-12 03:02:00,154.3,154.33,154.09,154.11,857.183
2025-11-12 03:03:00,154.1,154.13,154.04,154.13,1497.82
2025-11-12 03:04:00,154.13,154.4,154.13,154.39,603.611
2025-11-12 03:05:00,154.4,154.4,154.21,154.32,4942.067
2025-11-12 03:06:00,154.33,154.4,154.19,154.2,2140.744
2025-11-12 03:07:00,154.2,154.2,154.05,154.06,867.881
2025-11-12 03:08:00,154.06,154.22,154.06,154.07,1296.961
2025-11-12 03:09:00,154.06,154.08,154.01,154.01,1917.386
2025-11-12 03:10:00,154.02,154.11,153.96,154.04,2315.372
2025-11-12 03:11:00,154.05,154.19,154.0,154.19,733.672
2025-11-12 03:12:00,154.19,154.33,154.14,154.22,1053.238
2025-11-12 03:13:00,154.22,154.31,154.11,154.23,839.57
2025-11-12 03:14:00,154.23,154.28,154.21,154.26,276.945
2025-11-12 03:15:00,154.26,154.26,154.13,154.16,793.867
2025-11-12 03:16:00,154.16,154.43,154.15,154.4,789.026
2025-11-12 03:17:00,154.4,154.4,154.01,154.21,3763.663
2025-11-12 03:18:00,154.21,154.35,154.21,154.31,2973.513
2025-11-12 03:19:00,154.31,154.52,154.3,154.45,871.81
2025-11-12 03:20:00,154.44,154.49,154.4,154.4,1725.177
2025-11-12 03:21:00,154.41,154.6,154.4,154.6,1198.102
2025-11-12 03:22:00,154.59,154.66,154.54,154.59,1629.733
2025-11-12 03:23:00,154.6,154.71,154.6,154.63,1261.301
2025-11-12 03:24:00,154.63,154.71,154.57,154.68,2949.984
2025-11-12 03:25:00,154.67,154.68,154.65,154.66,1118.1
2025-11-12 03:26:00,154.66,154.66,154.59,154.62,577.14
2025-11-12 03:27:00,154.62,154.67,154.54,154.54,463.373
2025-11-12 03:28:00,154.55,154.55,154.45,154.49,544.785
2025-11-12 03:29:00,154.49,154.67,154.49,154.67,1375.306
2025-11-12 03:30:00,154.68,154.72,154.62,154.66,4612.634
2025-11-12 03:31:00,154.66,154.68,154.62,154.64,608.389
2025-11-12 03:32:00,154.65,154.77,154.6,154.6,1785.296
2025-11-12 03:33:00,154.61,154.75,154.58,154.59,791.716
2025-11-12 03:34:00,154.58,154.7,154.5,154.7,760.161
2025-11-12 03:35:00,154.7,154.94,154.69,154.72,7762.115
2025-11-12 03:36:00,154.72,154.78,154.71,154.76,583.301
2025-11-12 03:37:00,154.76,154.76,154.55,154.66,1222.214
2025-11-12 03:38:00,154.66,154.67,154.49,154.51,1254.532
2025-11-12 03:39:00,154.5,154.63,154.46,154.59,780.38
2025-11-12 03:40:00,154.6,154.72,154.6,154.71,641.787
2025-11-12 03:41:00,154.71,154.74,154.63,154.7,2389.241
2025-11-12 03:42:00,154.71,154.81,154.7,154.71,2372.729
2025-11-12 03:43:00,154.71,154.81,154.7,154.8,727.262
2025-11-12 03:44:00,154.8,155.0,154.8,154.92,3989.423
2025-11-12 03:45:00,154.92,154.97,154.82,154.84,1089.952
2025-11-12 03:46:00,154.84,154.88,154.82,154.82,561.372
2025-11-12 03:47:00,154.83,154.83,154.67,154.74,1172.39
2025-11-12 03:48:00,154.74,154.9,154.74,154.88,1096.359
2025-11-12 03:49:00,154.87,154.91,154.8,154.9,511.12
2025-11-12 03:50:00,154.9,154.98,154.9,154.92,1104.387
2025-11-12 03:51:00,154.91,154.91,154.71,154.72,6182.559
2025-11-12 03:52:00,154.71,154.8,154.63,154.8,1785.392
2025-11-12 03:53:00,154.8,154.9,154.77,154.84,686.608
2025-11-12 03:54:00,154.83,154.91,154.78,154.91,1055.843
2025-11-12 03:55:00,154.9,154.93,154.73,154.73,1249.31
2025-11-12 03:56:00,154.74,154.76,154.6,154.62,2182.615
2025-11-12 03:57:00,154.61,154.7,154.6,154.67,1328.377
2025-11-12 03:58:00,154.66,154.72,154.62,154.63,820.62
2025-11-12 03:59:00,154.62,154.62,154.51,154.57,2201.022
2025-11-12 04:00:00,154.58,154.58,154.4,154.41,2617.256
2025-11-12 04:01:00,154.4,154.44,154.33,154.44,4076.151
2025-11-12 04:02:00,154.43,154.44,154.39,154.39,778.408
2025-11-12 04:03:00,154.39,154.57,154.39,154.57,563.422
2025-11-12 04:04:00,154.57,154.65,154.44,154.47,1429.784
2025-11-12 04:05:00,154.46,154.5,154.4,154.4,739.207
2025-11-12 04:06:00,154.4,154.4,154.29,154.29,1122.532
2025-11-12 04:07:00,154.29,154.63,154.29,154.6,504.495
2025-11-12 04:08:00,154.61,154.79,154.6,154.73,1096.74
2025-11-12 04:09:00,154.73,154.76,154.59,154.74,1204.507
2025-11-12 04:10:00,154.74,154.82,154.7,154.76,864.06
2025-11-12 04:11:00,154.76,154.77,154.66,154.77,1278.411
2025-11-12 04:12:00,154.77,154.82,154.73,154.74,890.834
2025-11-12 04:13:00,154.74,154.8,154.7,154.8,317.154
2025-11-12 04:14:00,154.8,154.97,154.8,154.96,968.761
2025-11-12 04:15:00,154.95,155.02,154.91,155.0,3798.184
2025-11-12 04:16:00,155.0,155.05,154.9,154.93,1065.135
2025-11-12 04:17:00,154.92,154.96,154.87,154.9,1587.945
2025-11-12 04:18:00,154.91,154.93,154.79,154.79,1365.565
2025-11-12 04:19:00,154.79,154.79,154.65,154.75,662.137
2025-11-12 04:20:00,154.76,154.78,154.71,154.74,239.952
2025-11-12 04:21:00,154.74,154.84,154.74,154.81,742.071
2025-11-12 04:22:00,154.8,154.8,154.64,154.7,905.675
2025-11-12 04:23:00,154.7,154.75,154.62,154.69,2087.312
2025-11-12 04:24:00,154.7,154.81,154.66,154.78,2477.437
2025-11-12 04:25:00,154.78,154.86,154.77,154.84,470.336
2025-11-12 04:26:00,154.84,154.85,154.77,154.85,894.907
2025-11-12 04:27:00,154.85,154.87,154.76,154.82,1715.682
2025-11-12 04:28:00,154.82,154.82,154.71,154.74,845.932
2025-11-12 04:29:00,154.74,154.74,154.62,154.64,477.389
2025-11-12 04:30:00,154.65,154.66,154.43,154.44,1551.232
2025-11-12 04:31:00,154.44,154.51,154.43,154.47,622.108
2025-11-12 04:32:00,154.47,154.58,154.47,154.51,427.221
2025-11-12 04:33:00,154.5,154.5,154.35,154.5,1613.567
2025-11-12 04:34:00,154.49,154.49,154.34,154.34,1119.885
2025-11-12 04:35:00,154.35,154.49,154.35,154.47,714.495
2025-11-12 04:36:00,154.46,154.48,154.29,154.32,1058.316
2025-11-12 04:37:00,154.32,154.62,154.32,154.59,429.48
2025-11-12 04:38:00,154.59,154.69,154.56,154.61,635.979
2025-11-12 04:39:00,154.6,154.61,154.51,154.56,396.512
2025-11-12 04:40:00,154.56,154.59,154.55,154.56,189.214
2025-11-12 04:41:00,154.56,154.57,154.53,154.57,209.756
2025-11-12 04:42:00,154.57,154.57,154.39,154.42,808.564
2025-11-12 04:43:00,154.41,154.41,154.32,154.33,439.728
2025-11-12 04:44:00,154.32,154.34,154.23,154.33,1297.318
2025-11-12 04:45:00,154.33,154.34,154.2,154.31,1260.877
2025-11-12 04:46:00,154.3,154.38,154.29,154.38,839.479
2025-11-12 04:47:00,154.39,154.48,154.39,154.46,519.371
2025-11-12 04:48:00,154.46,154.46,154.39,154.45,615.035
2025-11-12 04:49:00,154.45,154.59,154.45,154.53,537.127
2025-11-12 04:50:00,154.53,154.57,154.4,154.41,466.563
2025-11-12 04:51:00,154.41,154.56,154.4,154.52,1718.672
2025-11-12 04:52:00,154.52,154.55,154.39,154.55,997.782
2025-11-12 04:53:00,154.54,154.66,154.51,154.66,1751.123
2025-11-12 04:54:00,154.67,154.73,154.55,154.56,898.549
2025-11-12 04:55:00,154.56,154.62,154.53,154.58,785.97
2025-11-12 04:56:00,154.58,154.62,154.56,154.61,905.445
2025-11-12 04:57:00,154.62,154.78,154.61,154.78,694.96
2025-11-12 04:58:00,154.77,154.93,154.76,154.93,880.791
2025-11-12 04:59:00,154.93,154.96,154.8,154.95,1789.724
2025-11-12 05:00:00,154.96,155.15,154.96,155.06,2787.871
2025-11-12 05:01:00,155.07,155.1,154.93,155.02,727.022
2025-11-12 05:02:00,155.02,155.12,155.02,155.04,693.693
2025-11-12 05:03:00,155.05,155.1,155.01,155.05,1589.108
2025-11-12 05:04:00,155.06,155.13,155.0,155.03,2204.401
2025-11-12 05:05:00,155.02,155.03,154.91,155.03,4558.931
2025-11-12 05:06:00,155.02,155.07,155.02,155.03,402.956
2025-11-12 05:07:00,155.04,155.08,155.03,155.08,808.821
2025-11-12 05:08:00,155.07,155.11,155.06,155.06,572.994
2025-11-12 05:09:00,155.07,155.08,154.95,154.95,861.716
2025-11-12 05:10:00,154.95,155.08,154.95,155.07,2227.536
2025-11-12 05:11:00,155.08,155.16,155.08,155.15,1165.116
2025-11-12 05:12:00,155.15,155.22,155.15,155.22,3432.372
2025-11-12 05:13:00,155.22,155.3,155.17,155.29,686.282
2025-11-12 05:14:00,155.28,155.35,155.12,155.16,2061.992
2025-11-12 05:15:00,155.15,155.2,155.1,155.18,532.278
2025-11-12 05:16:00,155.18,155.33,155.18,155.31,765.056
2025-11-12 05:17:00,155.32,155.41,155.25,155.27,2096.221
2025-11-12 05:18:00,155.27,155.38,155.27,155.38,601.137
2025-11-12 05:19:00,155.38,155.41,155.34,155.4,1640.735
2025-11-12 05:20:00,155.41,155.5,155.35,155.5,1492.049
2025-11-12 05:21:00,155.5,155.69,155.47,155.56,4983.127
2025-11-12 05:22:00,155.57,155.58,155.41,155.52,1130.619
2025-11-12 05:23:00,155.53,155.69,155.5,155.6,2609.542
2025-11-12 05:24:00,155.6,155.73,155.59,155.63,510.866
2025-11-12 05:25:00,155.64,155.68,155.61,155.62,1480.515
2025-11-12 05:26:00,155.62,155.62,155.47,155.55,1978.421
2025-11-12 05:27:00,155.55,155.55,155.35,155.4,4261.128
2025-11-12 05:28:00,155.41,155.63,155.4,155.53,1103.521
2025-11-12 05:29:00,155.53,155.56,155.51,155.54,1372.078
2025-11-12 05:30:00,155.54,155.56,155.5,155.51,1409.524
2025-11-12 05:31:00,155.52,155.54,155.47,155.52,751.022
2025-11-12 05:32:00,155.51,155.54,155.41,155.41,2212.643
2025-11-12 05:33:00,155.41,155.41,155.31,155.37,3682.874
2025-11-12 05:34:00,155.37,155.45,155.36,155.39,1178.213
2025-11-12 05:35:00,155.39,155.39,155.18,155.18,6861.028
2025-11-12 05:36:00,155.18,155.54,155.18,155.54,32268.215
2025-11-12 05:37:00,155.54,155.54,155.41,155.45,12164.007
2025-11-12 05:38:00,155.45,155.51,155.42,155.47,2326.349
2025-11-12 05:39:00,155.46,155.56,155.36,155.5,4337.538
2025-11-12 05:40:00,155.5,155.58,155.35,155.51,11202.141
2025-11-12 05:41:00,155.52,155.58,155.41,155.55,14673.784
2025-11-12 05:42:00,155.55,155.7,155.55,155.63,2588.578
2025-11-12 05:43:00,155.64,155.71,155.61,155.67,3300.058
2025-11-12 05:44:00,155.67,156.06,155.67,156.04,8101.528
2025-11-12 05:45:00,156.05,156.06,155.87,155.95,6999.117
2025-11-12 05:46:00,155.94,155.95,155.7,155.7,1489.324
2025-11-12 05:47:00,155.7,155.78,155.63,155.65,4102.682
2025-11-12 05:48:00,155.65,155.79,155.61,155.72,2478.108
2025-11-12 05:49:00,155.73,155.74,155.59,155.62,9338.043
2025-11-12 05:50:00,155.61,155.68,155.57,155.6,14750.036
2025-11-12 05:51:00,155.6,155.6,155.43,155.56,23657.527
2025-11-12 05:52:00,155.55,155.55,155.46,155.49,4592.786
2025-11-12 05:53:00,155.49,155.68,155.49,155.66,1413.52
2025-11-12 05:54:00,155.65,155.66,155.54,155.58,1008.064
2025-11-12 05:55:00,155.57,155.61,155.51,155.56,1880.203
2025-11-12 05:56:00,155.55,155.56,155.51,155.54,678.941
2025-11-12 05:57:00,155.55,155.55,155.46,155.47,1588.492
2025-11-12 05:58:00,155.47,155.49,155.4,155.43,2315.68
2025-11-12 05:59:00,155.42,155.49,155.42,155.48,493.978
2025-11-12 06:00:00,155.48,155.48,155.35,155.42,1002.017
2025-11-12 06:01:00,155.43,155.49,155.37,155.47,735.118
2025-11-12 06:02:00,155.46,155.47,155.39,155.39,5016.523
2025-11-12 06:03:00,155.4,155.47,155.35,155.38,5878.218
2025-11-12 06:04:00,155.38,155.47,155.38,155.4,14933.347
2025-11-12 06:05:00,155.4,155.47,155.39,155.45,3117.553
2025-11-12 06:06:00,155.44,155.5,155.41,155.47,868.223
2025-11-12 06:07:00,155.46,155.62,155.44,155.62,1799.285
2025-11-12 06:08:00,155.62,155.62,155.48,155.58,4862.325
2025-11-12 06:09:00,155.59,155.75,155.59,155.72,2886.776
2025-11-12 06:10:00,155.73,155.78,155.58,155.58,3473.546
2025-11-12 06:11:00,155.59,155.8,155.58,155.8,2520.068
2025-11-12 06:12:00,155.8,155.94,155.79,155.93,1743.922
2025-11-12 06:13:00,155.92,155.97,155.85,155.85,2311.416
2025-11-12 06:14:00,155.85,155.86,155.76,155.77,660.072
2025-11-12 06:15:00,155.77,155.83,155.73,155.81,1405.471
2025-11-12 06:16:00,155.8,155.9,155.68,155.89,4166.356
2025-11-12 06:17:00,155.9,156.09,155.89,156.05,3440.147
2025-11-12 06:18:00,156.05,156.26,156.04,156.19,3375.661
2025-11-12 06:19:00,156.19,156.31,156.13,156.17,1924.672
2025-11-12 06:20:00,156.17,156.2,156.07,156.07,601.636
2025-11-12 06:21:00,156.07,156.28,156.07,156.2,4397.655
2025-11-12 06:22:00,156.21,156.21,155.98,156.05,2717.129
2025-11-12 06:23:00,156.05,156.23,156.02,156.19,932.532
2025-11-12 06:24:00,156.18,156.18,156.08,156.15,3166.958
2025-11-12 06:25:00,156.15,156.15,155.96,156.13,9665.514
2025-11-12 06:26:00,156.13,156.23,156.06,156.11,3773.966
2025-11-12 06:27:00,156.11,156.43,156.03,156.39,7077.721
2025-11-12 06:28:00,156.39,156.39,156.29,156.33,1585.674
2025-11-12 06:29:00,156.34,156.34,156.24,156.24,388.724
2025-11-12 06:30:00,156.23,156.26,156.12,156.19,1881.184
2025-11-12 06:31:00,156.2,156.23,156.15,156.23,1608.154
2025-11-12 06:32:00,156.22,156.27,156.17,156.18,1520.378
2025-11-12 06:33:00,156.17,156.3,156.17,156.24,1184.587
2025-11-12 06:34:00,156.24,156.34,156.24,156.3,1358.047
2025-11-12 06:35:00,156.29,156.34,156.29,156.33,800.589
2025-11-12 06:36:00,156.33,156.45,156.32,156.45,1630.627
2025-11-12 06:37:00,156.45,156.49,156.34,156.36,956.289
2025-11-12 06:38:00,156.36,156.36,156.27,156.31,1141.184
2025-11-12 06:39:00,156.31,156.33,156.23,156.23,368.91
2025-11-12 06:40:00,156.22,156.22,156.1,156.11,697.27
2025-11-12 06:41:00,156.1,156.13,156.05,156.09,2155.725
2025-11-12 06:42:00,156.09,156.09,156.0,156.03,417.675
2025-11-12 06:43:00,156.03,156.14,156.02,156.13,1329.865
2025-11-12 06:44:00,156.14,156.14,156.01,156.03,723.176
2025-11-12 06:45:00,156.03,156.06,156.02,156.06,580.796
2025-11-12 06:46:00,156.06,156.19,156.06,156.19,4460.169
2025-11-12 06:47:00,156.18,156.31,156.18,156.25,2421.171
2025-11-12 06:48:00,156.25,156.25,156.12,156.18,1915.872
2025-11-12 06:49:00,156.18,156.31,156.18,156.31,798.114
2025-11-12 06:50:00,156.3,156.35,156.26,156.29,2564.386
2025-11-12 06:51:00,156.29,156.31,156.26,156.28,726.053
2025-11-12 06:52:00,156.28,156.31,156.2,156.31,1664.986
2025-11-12 06:53:00,156.3,156.44,156.3,156.43,2698.711
2025-11-12 06:54:00,156.43,156.44,156.29,156.3,1937.793
2025-11-12 06:55:00,156.3,156.3,156.12,156.24,2610.568
2025-11-12 06:56:00,156.24,156.3,156.13,156.13,8600.679
2025-11-12 06:57:00,156.12,156.12,156.03,156.1,1060.335
2025-11-12 06:58:00,156.1,156.1,156.01,156.03,1196.905
2025-11-12 06:59:00,156.03,156.08,155.92,155.93,2786.827
2025-11-12 07:00:00,155.93,155.95,155.79,155.79,1304.346
2025-11-12 07:01:00,155.79,155.82,155.7,155.71,1435.204
2025-11-12 07:02:00,155.7,155.96,155.7,155.94,1440.775
2025-11-12 07:03:00,155.94,155.94,155.78,155.86,1138.684
2025-11-12 07:04:00,155.85,155.89,155.83,155.84,375.314
2025-11-12 07:05:00,155.83,156.05,155.81,156.03,729.909
2025-11-12 07:06:00,156.03,156.1,155.99,156.1,786.638
2025-11-12 07:07:00,156.1,156.29,156.06,156.24,1196.899
2025-11-12 07:08:00,156.24,156.29,156.13,156.29,1234.36
2025-11-12 07:09:00,156.28,156.43,156.28,156.43,593.89
2025-11-12 07:10:00,156.44,156.57,156.43,156.46,1975.305
2025-11-12 07:11:00,156.46,156.52,156.45,156.5,674.168
2025-11-12 07:12:00,156.49,156.5,156.43,156.44,1109.467
2025-11-12 07:13:00,156.43,156.51,156.34,156.5,863.005
2025-11-12 07:14:00,156.5,156.51,156.38,156.38,470.731
2025-11-12 07:15:00,156.39,156.49,156.36,156.45,431.204
2025-11-12 07:16:00,156.45,156.48,156.25,156.29,1084.366
2025-11-12 07:17:00,156.3,156.31,156.22,156.26,2653.324
2025-11-12 07:18:00,156.25,156.28,156.23,156.23,1050.92
2025-11-12 07:19:00,156.22,156.22,155.92,156.09,1776.027
2025-11-12 07:20:00,156.09,156.09,156.0,156.04,920.852
2025-11-12 07:21:00,156.04,156.12,156.02,156.12,1472.669
2025-11-12 07:22:00,156.12,156.15,156.04,156.05,904.787
2025-11-12 07:23:00,156.06,156.08,155.95,156.08,1616.143
2025-11-12 07:24:00,156.08,156.18,156.07,156.12,721.281
2025-11-12 07:25:00,156.13,156.13,156.01,156.05,672.433
2025-11-12 07:26:00,156.04,156.23,156.04,156.23,871.539
2025-11-12 07:27:00,156.24,156.24,156.1,156.14,526.735
2025-11-12 07:28:00,156.14,156.22,156.13,156.14,565.24
2025-11-12 07:29:00,156.14,156.17,156.11,156.12,566.158
2025-11-12 07:30:00,156.11,156.11,155.88,155.93,983.733
2025-11-12 07:31:00,155.93,155.93,155.79,155.85,1767.474
2025-11-12 07:32:00,155.86,156.1,155.83,156.1,1133.746
2025-11-12 07:33:00,156.09,156.24,156.07,156.19,666.954
2025-11-12 07:34:00,156.2,156.22,156.08,156.13,572.305
2025-11-12 07:35:00,156.13,156.22,156.12,156.22,441.041
2025-11-12 07:36:00,156.21,156.23,156.12,156.21,707.904
2025-11-12 07:37:00,156.21,156.3,156.17,156.29,753.947
2025-11-12 07:38:00,156.29,156.39,156.27,156.28,356.75
2025-11-12 07:39:00,156.28,156.43,156.27,156.43,750.257
2025-11-12 07:40:00,156.43,156.43,156.28,156.29,983.884
2025-11-12 07:41:00,156.29,156.3,156.21,156.29,502.175
2025-11-12 07:42:00,156.29,156.29,156.19,156.24,441.278
2025-11-12 07:43:00,156.23,156.3,156.23,156.25,607.254
2025-11-12 07:44:00,156.26,156.28,156.13,156.13,1263.123
2025-11-12 07:45:00,156.14,156.17,156.02,156.04,1515.549
2025-11-12 07:46:00,156.03,156.08,155.93,155.94,1700.571
2025-11-12 07:47:00,155.95,156.05,155.94,155.94,843.701
2025-11-12 07:48:00,155.94,155.95,155.82,155.83,1478.85
2025-11-12 07:49:00,155.84,155.93,155.84,155.87,992.406
2025-11-12 07:50:00,155.87,155.87,155.8,155.81,933.712
2025-11-12 07:51:00,155.81,155.9,155.71,155.79,1061.26
2025-11-12 07:52:00,155.79,155.8,155.47,155.49,4138.752
2025-11-12 07:53:00,155.48,155.49,154.97,155.18,14236.646
2025-11-12 07:54:00,155.18,155.21,154.9,154.98,5348.142
2025-11-12 07:55:00,154.98,155.11,154.91,154.95,6927.487
2025-11-12 07:56:00,154.95,155.06,154.84,154.97,4511.419
2025-11-12 07:57:00,154.97,155.0,154.83,154.93,1314.035
2025-11-12 07:58:00,154.92,155.04,154.87,155.02,920.058
2025-11-12 07:59:00,155.03,155.08,154.96,155.02,2006.934
2025-11-12 08:00:00,155.03,155.13,155.02,155.06,1168.032
2025-11-12 08:01:00,155.05,155.11,155.0,155.08,472.48
2025-11-12 08:02:00,155.08,155.25,155.07,155.23,947.199
2025-11-12 08:03:00,155.22,155.25,155.08,155.23,1299.364
2025-11-12 08:04:00,155.23,155.23,155.16,155.22,937.255
2025-11-12 08:05:00,155.22,155.38,155.19,155.25,3777.69
2025-11-12 08:06:00,155.25,155.43,155.25,155.34,788.879
2025-11-12 08:07:00,155.34,155.4,155.26,155.36,824.924
2025-11-12 08:08:00,155.36,155.37,155.25,155.27,593.784
2025-11-12 08:09:00,155.27,155.39,155.27,155.39,256.021
2025-11-12 08:10:00,155.39,155.41,155.3,155.37,613.508
2025-11-12 08:11:00,155.37,155.46,155.34,155.42,623.067
2025-11-12 08:12:00,155.43,155.44,155.34,155.4,623.543
2025-11-12 08:13:00,155.39,155.42,155.38,155.39,464.127
2025-11-12 08:14:00,155.38,155.39,155.32,155.37,320.958
2025-11-12 08:15:00,155.38,155.56,155.37,155.56,355.438
2025-11-12 08:16:00,155.55,156.08,155.55,156.06,5783.366
2025-11-12 08:17:00,156.05,156.1,155.86,155.87,1988.651
2025-11-12 08:18:00,155.88,156.08,155.87,156.02,1056.574
2025-11-12 08:19:00,156.02,156.11,156.0,156.06,458.198
2025-11-12 08:20:00,156.07,156.2,156.07,156.16,1225.44
2025-11-12 08:21:00,156.16,156.21,156.1,156.16,478.828
